id,title,author,created_utc,score,upvote_ratio,subreddit,permalink,url
1poc7h4,Unable to scroll through youtube description in iphone app,PinguBoot2000,2025-12-16T20:10:30,2,1,youtube,https://www.reddit.com/r/youtube/comments/1poc7h4/unable_to_scroll_through_youtube_description_in/,https://www.reddit.com/r/youtube/comments/1poc7h4/unable_to_scroll_through_youtube_description_in/
1po5wk9,Help pls xoxo,shanerb97,2025-12-16T16:11:17,3,0.81,Smartphones,https://www.reddit.com/r/Smartphones/comments/1po5wk9/help_pls_xoxo/,https://www.reddit.com/r/Smartphones/comments/1po5wk9/help_pls_xoxo/
1pnthar,my discord will not load or send messages even though my wifi is fine,SleepyGhostea,2025-12-16T05:01:53,1,1,discordapp,https://www.reddit.com/r/discordapp/comments/1pnthar/my_discord_will_not_load_or_send_messages_even/,https://www.reddit.com/r/discordapp/comments/1pnthar/my_discord_will_not_load_or_send_messages_even/
1pnpcq8,Great marketing... Make hooman stoopid,SubstantialWar9055,2025-12-16T01:37:55,1,1,dbrand,https://www.reddit.com/r/dbrand/comments/1pnpcq8/great_marketing_make_hooman_stoopid/,https://www.reddit.com/r/dbrand/comments/1pnpcq8/great_marketing_make_hooman_stoopid/
1pnow5l,iPhone 17 Pro Max with US Mobile,International-Yak146,2025-12-16T01:16:10,9,0.99,USMobile,https://www.reddit.com/r/USMobile/comments/1pnow5l/iphone_17_pro_max_with_us_mobile/,https://www.reddit.com/r/USMobile/comments/1pnow5l/iphone_17_pro_max_with_us_mobile/
1pnnu1z,My F150 Won’t Receive Texts,JoeB_Utah,2025-12-16T00:27:56,1,1,f150,https://www.reddit.com/r/f150/comments/1pnnu1z/my_f150_wont_receive_texts/,https://www.reddit.com/r/f150/comments/1pnnu1z/my_f150_wont_receive_texts/
1pnlurj,does this phone looks legit legit?,EagleMurky1480,2025-12-15T23:01:39,5,0.6,iPhone16Pro,https://www.reddit.com/r/iPhone16Pro/comments/1pnlurj/does_this_phone_looks_legit_legit/,https://www.reddit.com/gallery/1pnlurj
1pnjr93,Customs in the karachi airport,HousingImpossible459,2025-12-15T21:36:33,1,1,karachi,https://www.reddit.com/r/karachi/comments/1pnjr93/customs_in_the_karachi_airport/,https://www.reddit.com/r/karachi/comments/1pnjr93/customs_in_the_karachi_airport/
1pnf183,iPhone 17 Pro Max | iOS26.2 : The Battery-Hungry Monster Is Now Just Being Locked in Cage | Power Consumption Deep Dive,MarionberryDear6170,2025-12-15T18:31:04,191,0.82,apple,https://www.reddit.com/r/apple/comments/1pnf183/iphone_17_pro_max_ios262_the_batteryhungry/,https://youtu.be/1LnURQghMvQ
1pne3ye,Sound problem Pubg,Cool-Technician119,2025-12-15T17:56:36,1,1,AirpodsPro,https://www.reddit.com/r/AirpodsPro/comments/1pne3ye/sound_problem_pubg/,https://www.reddit.com/r/AirpodsPro/comments/1pne3ye/sound_problem_pubg/
1pn7az7,I bought a Iphone 17 pro max 256 with case and 26 cycles for 1000£,OliveKnown8604,2025-12-15T13:26:47,0,0.5,Cashconverters,https://www.reddit.com/r/Cashconverters/comments/1pn7az7/i_bought_a_iphone_17_pro_max_256_with_case_and_26/,https://i.redd.it/owqa9mxgdd7g1.jpeg
1pn7a3z,Troubles auto downloading all medias (images - stickers - videos),Disastrous-Gear6000,2025-12-15T13:25:41,1,1,whatsapp,https://www.reddit.com/r/whatsapp/comments/1pn7a3z/troubles_auto_downloading_all_medias_images/,https://www.reddit.com/r/whatsapp/comments/1pn7a3z/troubles_auto_downloading_all_medias_images/
1pn6ldz,"PowerMAC Freebies for iPhone 17 Update, Disappointed",nolimaetangerine,2025-12-15T12:52:12,120,0.9,Tech_Philippines,https://www.reddit.com/r/Tech_Philippines/comments/1pn6ldz/powermac_freebies_for_iphone_17_update/,https://i.redd.it/sdljz8na7d7g1.jpeg
1pn5ddy,A bit confused.,Adorable-Pear-7736,2025-12-15T11:45:50,1,0.6,EEGB,https://www.reddit.com/r/EEGB/comments/1pn5ddy/a_bit_confused/,https://www.reddit.com/r/EEGB/comments/1pn5ddy/a_bit_confused/
1pn4586,Apps or ways other than move to ios,lifesucks1708,2025-12-15T10:29:34,1,0.67,iphone,https://www.reddit.com/r/iphone/comments/1pn4586/apps_or_ways_other_than_move_to_ios/,https://www.reddit.com/r/iphone/comments/1pn4586/apps_or_ways_other_than_move_to_ios/
1pn3pek,Huge drama in type M verse. Apparently the face of Sumud Tortilla is criticized for using the latest iphone 17 pro max. This is her comment. What your thoughts?,Ill_Ocelot_8416,2025-12-15T10:00:26,299,0.91,Bolehland,https://www.reddit.com/r/Bolehland/comments/1pn3pek/huge_drama_in_type_m_verse_apparently_the_face_of/,https://www.reddit.com/gallery/1pn3pek
1pn11ax,Iphone 17 pro max battery life,pratikkoti04,2025-12-15T06:58:39,8,0.75,ios26,https://www.reddit.com/r/ios26/comments/1pn11ax/iphone_17_pro_max_battery_life/,https://www.reddit.com/r/ios26/comments/1pn11ax/iphone_17_pro_max_battery_life/
1pmx5vd,"Honor Magic 8 Pro Vs Apple Iphone 17 Pro Max, who is the winner?",ComprehensivePin8277,2025-12-15T03:22:07,0,0.35,HONOR_Magic,https://www.reddit.com/r/HONOR_Magic/comments/1pmx5vd/honor_magic_8_pro_vs_apple_iphone_17_pro_max_who/,https://i.redd.it/fm0ykytjda7g1.png
1pmwjid,Screen Protector for Find x9 Pro - Compatibility with Apple / Samsung,LittolGhost,2025-12-15T02:50:14,2,1,Oppo,https://www.reddit.com/r/Oppo/comments/1pmwjid/screen_protector_for_find_x9_pro_compatibility/,https://www.reddit.com/r/Oppo/comments/1pmwjid/screen_protector_for_find_x9_pro_compatibility/
1pmvidd,Recently switched from S22+ to S25 Ultra,cydutz,2025-12-15T02:00:47,4,0.55,S25Ultra,https://www.reddit.com/r/S25Ultra/comments/1pmvidd/recently_switched_from_s22_to_s25_ultra/,https://www.reddit.com/r/S25Ultra/comments/1pmvidd/recently_switched_from_s22_to_s25_ultra/
1pmspmy,Blue dots iphone 17 pro max camera night mode,AccomplishedKiwi9224,2025-12-14T23:46:13,2,0.75,iPhone17Pro,https://www.reddit.com/r/iPhone17Pro/comments/1pmspmy/blue_dots_iphone_17_pro_max_camera_night_mode/,https://www.reddit.com/gallery/1pmspmy
1pmr46k,blue dots iphone 17 pro max camera night mode,AccomplishedKiwi9224,2025-12-14T22:35:02,0,0.5,iPhone17Pro,https://www.reddit.com/r/iPhone17Pro/comments/1pmr46k/blue_dots_iphone_17_pro_max_camera_night_mode/,https://i.redd.it/97zfiy8nu87g1.jpeg
1pmqmle,blue dots iphone 17 pro max camera night mode,AccomplishedKiwi9224,2025-12-14T22:14:08,1,0.67,iphone,https://www.reddit.com/r/iphone/comments/1pmqmle/blue_dots_iphone_17_pro_max_camera_night_mode/,https://i.redd.it/97zfiy8nu87g1.jpeg
1pmixvo,Can’t login to app with IPhone 17 pro max,TalkingAlien,2025-12-14T16:59:33,1,0.67,Ebay,https://www.reddit.com/r/Ebay/comments/1pmixvo/cant_login_to_app_with_iphone_17_pro_max/,https://www.reddit.com/r/Ebay/comments/1pmixvo/cant_login_to_app_with_iphone_17_pro_max/
1pmcnmx,Iphone 17 pro max sold out every where,Dangerous-Hamster293,2025-12-14T12:12:20,0,0.4,qatar,https://www.reddit.com/r/qatar/comments/1pmcnmx/iphone_17_pro_max_sold_out_every_where/,https://www.reddit.com/r/qatar/comments/1pmcnmx/iphone_17_pro_max_sold_out_every_where/
1pmcfvy,2025 Christmas videos Logan should make,CapitalSwimming715,2025-12-14T11:59:57,4,1,supermariologan_,https://www.reddit.com/r/supermariologan_/comments/1pmcfvy/2025_christmas_videos_logan_should_make/,https://www.reddit.com/r/supermariologan_/comments/1pmcfvy/2025_christmas_videos_logan_should_make/
1pm8ax6,CHRISTINE LIM DALA-DALAWA ANG IPHONE 17 PRO MAX,Ok_Most_3782,2025-12-14T07:31:40,63,0.96,PinoyVloggers,https://www.reddit.com/r/PinoyVloggers/comments/1pm8ax6/christine_lim_daladalawa_ang_iphone_17_pro_max/,https://i.redd.it/9dcta477h47g1.jpeg
1pm212l,IPhone 17 pro Max robado APPLE,BossZealousideal7894,2025-12-14T01:45:15,1,1,u_BossZealousideal7894,https://www.reddit.com/r/u_BossZealousideal7894/comments/1pm212l/iphone_17_pro_max_robado_apple/,https://www.reddit.com/r/u_BossZealousideal7894/comments/1pm212l/iphone_17_pro_max_robado_apple/
1plzhzi,Is this normal? Iphone 17 Pro Max Camera Issue when switching to main cameras.,Kawfry,2025-12-13T23:42:42,0,0.33,iPhone17Pro,https://www.reddit.com/r/iPhone17Pro/comments/1plzhzi/is_this_normal_iphone_17_pro_max_camera_issue/,https://v.redd.it/a2udgbbh527g1
1plxlkm,💞C&R💞 So Black Kelly Pochette,Visual_Bit_402,2025-12-13T22:15:21,3,0.81,RepladiesDesigner,https://www.reddit.com/r/RepladiesDesigner/comments/1plxlkm/cr_so_black_kelly_pochette/,https://www.reddit.com/gallery/1plxlkm
1pltgfm,Expertos de la tecnologia. Que celular recomiendan para creadores de contenido segun su experiencia? Mas quiero saber porque la mayoria de creadores usan iphone y no android?🤔,Training-Fix-9749,2025-12-13T19:15:09,0,0.36,ayudamexico,https://www.reddit.com/r/ayudamexico/comments/1pltgfm/expertos_de_la_tecnologia_que_celular_recomiendan/,https://www.reddit.com/r/ayudamexico/comments/1pltgfm/expertos_de_la_tecnologia_que_celular_recomiendan/
1plnfsv,Got my MAGIC 8 pro global!!,Just_Ad_8284,2025-12-13T15:04:13,59,0.92,Honor,https://www.reddit.com/r/Honor/comments/1plnfsv/got_my_magic_8_pro_global/,https://i.redd.it/87ernxz0lz6g1.jpeg
1plhe0j,iphone 17 pro max battery health 99% almost 2 months only,Capital_Day_2613,2025-12-13T09:24:44,0,0.11,iPhone17Pro,https://www.reddit.com/r/iPhone17Pro/comments/1plhe0j/iphone_17_pro_max_battery_health_99_almost_2/,https://i.redd.it/qotn1qmgwx6g1.jpeg
1plf8ls,🔥 Top reduceri – 13.12.2025 🔥,Mali5k,2025-12-13T07:02:51,1,1,catcosta,https://www.reddit.com/r/catcosta/comments/1plf8ls/top_reduceri_13122025/,https://www.reddit.com/r/catcosta/comments/1plf8ls/top_reduceri_13122025/
1pleos4,Iphone 17 pro max cekanje?,DakiDzedaj,2025-12-13T06:28:57,1,0.54,AskSerbia,https://www.reddit.com/r/AskSerbia/comments/1pleos4/iphone_17_pro_max_cekanje/,https://www.reddit.com/r/AskSerbia/comments/1pleos4/iphone_17_pro_max_cekanje/
1pl9pjf,Looking for Iphone 17 pro max,CompetitiveCraft5371,2025-12-13T02:00:45,1,1,delhi_marketplace,https://www.reddit.com/r/delhi_marketplace/comments/1pl9pjf/looking_for_iphone_17_pro_max/,https://www.reddit.com/r/delhi_marketplace/comments/1pl9pjf/looking_for_iphone_17_pro_max/
1pl71rv,Samsung s25 ultra or Iphone 17 pro max?,CrispyOperator,2025-12-12T23:54:12,3,0.6,phones,https://www.reddit.com/r/phones/comments/1pl71rv/samsung_s25_ultra_or_iphone_17_pro_max/,https://www.reddit.com/r/phones/comments/1pl71rv/samsung_s25_ultra_or_iphone_17_pro_max/
1pl5nt5,How to transfer whatsapp chat from Android to iPhone?,simple_explorer1,2025-12-12T22:51:46,0,0.5,iphone,https://www.reddit.com/r/iphone/comments/1pl5nt5/how_to_transfer_whatsapp_chat_from_android_to/,https://www.reddit.com/r/iphone/comments/1pl5nt5/how_to_transfer_whatsapp_chat_from_android_to/
1pl04ie,I got my iphone 17 pro max yesterday and i have 8 hours SOT is crazzzyyy 🔥🔥🔥,THEAMAZINGkhalid,2025-12-12T19:00:51,0,0.47,iPhoneBatteryParanoia,https://www.reddit.com/r/iPhoneBatteryParanoia/comments/1pl04ie/i_got_my_iphone_17_pro_max_yesterday_and_i_have_8/,https://www.reddit.com/gallery/1pl04ie
1pl00my,I got my iphone 17 pro max yesterday and i have 8 hours SOT is crazzzyyy 🔥🔥🔥,THEAMAZINGkhalid,2025-12-12T18:56:36,0,0.24,iPhone16,https://www.reddit.com/r/iPhone16/comments/1pl00my/i_got_my_iphone_17_pro_max_yesterday_and_i_have_8/,https://www.reddit.com/gallery/1pl00my
1pkzy3h,I got my iphone 17 pro max yesterday and i have 8 hours SOT is crazzzyyy 🔥🔥🔥,THEAMAZINGkhalid,2025-12-12T18:53:41,0,0.44,battery,https://www.reddit.com/r/battery/comments/1pkzy3h/i_got_my_iphone_17_pro_max_yesterday_and_i_have_8/,https://www.reddit.com/gallery/1pkzy3h
1pkz7tm,Iphone 17 pro max 😂😂🤣,PressureAmbitious585,2025-12-12T18:24:37,0,0.17,Funnypics,https://www.reddit.com/r/Funnypics/comments/1pkz7tm/iphone_17_pro_max/,https://i.redd.it/4gdpnjtpft6g1.jpeg
1pkt4uk,Кто что выберит?,Aggravating-Apple497,2025-12-12T14:23:39,85,0.91,rusAskReddit,https://www.reddit.com/r/rusAskReddit/comments/1pkt4uk/кто_что_выберит/,https://i.redd.it/ikfs7jev8s6g1.png
1pkow7g,Tinder Scam (Again),BananaReyno,2025-12-12T10:45:41,64,0.96,ScammersPH,https://www.reddit.com/r/ScammersPH/comments/1pkow7g/tinder_scam_again/,https://www.reddit.com/r/ScammersPH/comments/1pkow7g/tinder_scam_again/
1pkoeij,Iphone 17 pro max foto scure con ottica nativa 2x,Muted_Image1486,2025-12-12T10:14:00,0,0.5,iphone,https://www.reddit.com/r/iphone/comments/1pkoeij/iphone_17_pro_max_foto_scure_con_ottica_nativa_2x/,https://www.reddit.com/r/iphone/comments/1pkoeij/iphone_17_pro_max_foto_scure_con_ottica_nativa_2x/
1pknjt7,Iphone 17 Pro Max Call Fail problem,ConstantEnigma21,2025-12-12T09:17:15,3,0.8,Tech_Philippines,https://www.reddit.com/r/Tech_Philippines/comments/1pknjt7/iphone_17_pro_max_call_fail_problem/,https://www.reddit.com/r/Tech_Philippines/comments/1pknjt7/iphone_17_pro_max_call_fail_problem/
1pkfkms,1 week after moving from Iphone 17 pro max to VIVO x300 pro global,Snoo_30102,2025-12-12T01:55:15,17,0.91,Vivo,https://www.reddit.com/r/Vivo/comments/1pkfkms/1_week_after_moving_from_iphone_17_pro_max_to/,https://www.reddit.com/r/Vivo/comments/1pkfkms/1_week_after_moving_from_iphone_17_pro_max_to/
1pkepcc,apple carplay kia forte gt 2022,itzananoelle,2025-12-12T01:14:10,0,0.33,KiaForte,https://www.reddit.com/r/KiaForte/comments/1pkepcc/apple_carplay_kia_forte_gt_2022/,https://www.reddit.com/r/KiaForte/comments/1pkepcc/apple_carplay_kia_forte_gt_2022/
1pkeh1t,Iphone 17 ProMax case and screen protector recommendations?,Sea-Selection5263,2025-12-12T01:03:39,0,0.5,Tech_Philippines,https://www.reddit.com/r/Tech_Philippines/comments/1pkeh1t/iphone_17_promax_case_and_screen_protector/,https://www.reddit.com/r/Tech_Philippines/comments/1pkeh1t/iphone_17_promax_case_and_screen_protector/
1pk4rww,Apple shipping update | Chase shops,Proper_Hedgehog_5650,2025-12-11T18:20:13,0,0.33,ChaseSapphire,https://www.reddit.com/r/ChaseSapphire/comments/1pk4rww/apple_shipping_update_chase_shops/,https://i.redd.it/1q3d0ve6am6g1.jpeg
1pk2cik,Need help with a decision,Round-Helicopter826,2025-12-11T16:47:14,1,1,Smartphones,https://www.reddit.com/r/Smartphones/comments/1pk2cik/need_help_with_a_decision/,https://www.reddit.com/r/Smartphones/comments/1pk2cik/need_help_with_a_decision/
1pk24hy,I need help with a decision.,Round-Helicopter826,2025-12-11T16:38:31,4,0.83,phones,https://www.reddit.com/r/phones/comments/1pk24hy/i_need_help_with_a_decision/,https://www.reddit.com/r/phones/comments/1pk24hy/i_need_help_with_a_decision/
1pk0mce,Iphone 17 pro max Vs iphone 16 pro max camera,Raccoon2574,2025-12-11T15:40:33,1,1,iPhone17Pro,https://www.reddit.com/r/iPhone17Pro/comments/1pk0mce/iphone_17_pro_max_vs_iphone_16_pro_max_camera/,https://www.reddit.com/r/iPhone17Pro/comments/1pk0mce/iphone_17_pro_max_vs_iphone_16_pro_max_camera/
1pjqwxs,Airpods will not connect,Sweet-Cell8180,2025-12-11T06:47:37,2,1,airpods,https://www.reddit.com/r/airpods/comments/1pjqwxs/airpods_will_not_connect/,https://www.reddit.com/r/airpods/comments/1pjqwxs/airpods_will_not_connect/
1pjp7vw,Pixel 10 Pro XL 1 week mini review from a super casual user,TenTimesAwesome,2025-12-11T05:09:03,113,0.94,pixel_phones,https://www.reddit.com/r/pixel_phones/comments/1pjp7vw/pixel_10_pro_xl_1_week_mini_review_from_a_super/,https://i.redd.it/3izeoez0di6g1.png
1pjnzrb,PX8 S2 Warm Stone Absolute Beauty,Alkaline93,2025-12-11T04:04:47,46,0.99,BowersWilkins,https://www.reddit.com/r/BowersWilkins/comments/1pjnzrb/px8_s2_warm_stone_absolute_beauty/,https://v.redd.it/qyx0kg3i1i6g1
1pjn5xv,Any Iphone 17 Pro Max Case Recommendations?,Kawfry,2025-12-11T03:23:16,2,1,Tech_Philippines,https://www.reddit.com/r/Tech_Philippines/comments/1pjn5xv/any_iphone_17_pro_max_case_recommendations/,https://www.reddit.com/r/Tech_Philippines/comments/1pjn5xv/any_iphone_17_pro_max_case_recommendations/
1pjjqie,Apple Watch Won’t Connect,Ok_End_3996,2025-12-11T00:41:31,2,1,applehelp,https://www.reddit.com/r/applehelp/comments/1pjjqie/apple_watch_wont_connect/,https://www.reddit.com/r/applehelp/comments/1pjjqie/apple_watch_wont_connect/
1pje6bi,Looking for a Garmin watch,vaderhater777,2025-12-10T20:51:55,1,0.6,Garmin,https://www.reddit.com/r/Garmin/comments/1pje6bi/looking_for_a_garmin_watch/,https://www.reddit.com/r/Garmin/comments/1pje6bi/looking_for_a_garmin_watch/
1pjac8t,Iphone 17 pro max battery didn’t live up to expectations,LordKaiser1412,2025-12-10T18:28:09,0,0.2,17ProMax,https://www.reddit.com/r/17ProMax/comments/1pjac8t/iphone_17_pro_max_battery_didnt_live_up_to/,https://www.reddit.com/r/17ProMax/comments/1pjac8t/iphone_17_pro_max_battery_didnt_live_up_to/
1pisg93,Will a Pitaka case work with an ultra thin lanyard clip underneath it?,ImpactUsed2980,2025-12-10T03:43:41,0,0.33,iphone,https://www.reddit.com/r/iphone/comments/1pisg93/will_a_pitaka_case_work_with_an_ultra_thin/,https://www.reddit.com/gallery/1pisg93
1piovdo,How is Cloud gaming over xbox game pass?  Does it heat/stress/damage hardware?,stingofpython,2025-12-10T00:58:13,5,0.73,iosgaming,https://www.reddit.com/r/iosgaming/comments/1piovdo/how_is_cloud_gaming_over_xbox_game_pass_does_it/,https://www.reddit.com/r/iosgaming/comments/1piovdo/how_is_cloud_gaming_over_xbox_game_pass_does_it/
1piezj6,How do you do AirPlay from my 17 Pro Max? All I get on my Vizio TV is this screen. I have vision issues and I want to play Red Dead Redemption on the bigger screen.,cbs326,2025-12-09T18:23:51,1,1,applehelp,https://www.reddit.com/r/applehelp/comments/1piezj6/how_do_you_do_airplay_from_my_17_pro_max_all_i/,https://i.redd.it/cptinw30186g1.jpeg
1pidv1e,MODO CAPTURA DULPLA IPHONE 17 PRO MAX.,Desperate_Toe7951,2025-12-09T17:40:55,0,0.5,applebrasil,https://www.reddit.com/r/applebrasil/comments/1pidv1e/modo_captura_dulpla_iphone_17_pro_max/,https://www.reddit.com/r/applebrasil/comments/1pidv1e/modo_captura_dulpla_iphone_17_pro_max/
1pid0ba,OtterBox Commuter iPhone 17 Pro Max Case REVIEW,MacSources,2025-12-09T17:09:33,1,1,MacSources,https://www.reddit.com/r/MacSources/comments/1pid0ba/otterbox_commuter_iphone_17_pro_max_case_review/,https://www.reddit.com/r/MacSources/comments/1pid0ba/otterbox_commuter_iphone_17_pro_max_case_review/
1piaj3a,Nuova modalità di truffa?,am0resfortunato,2025-12-09T15:37:23,673,0.98,VintedItalia,https://www.reddit.com/r/VintedItalia/comments/1piaj3a/nuova_modalità_di_truffa/,https://i.redd.it/akcm5yya776g1.jpeg
1pi6ytt,Iphone 17 pro max battery issue,AccomplishedKiwi9224,2025-12-09T13:08:16,2,0.75,iPhone17Pro,https://www.reddit.com/r/iPhone17Pro/comments/1pi6ytt/iphone_17_pro_max_battery_issue/,https://www.reddit.com/r/iPhone17Pro/comments/1pi6ytt/iphone_17_pro_max_battery_issue/
1pi5lp8,Iphone 17 besteld,Brilliant_Block911,2025-12-09T11:58:13,0,0.22,PostNL,https://www.reddit.com/r/PostNL/comments/1pi5lp8/iphone_17_besteld/,https://www.reddit.com/r/PostNL/comments/1pi5lp8/iphone_17_besteld/
1phzou8,iphone 17 pro max silver stock,Temporary_Yoghurt_32,2025-12-09T05:47:18,1,1,Tech_Philippines,https://www.reddit.com/r/Tech_Philippines/comments/1phzou8/iphone_17_pro_max_silver_stock/,https://i.redd.it/mq3t5lv0a46g1.jpeg
1phr03j,Lost Iphone 17 Pro Max,ladyglow10,2025-12-08T22:50:50,0,0.21,Tech_Philippines,https://www.reddit.com/r/Tech_Philippines/comments/1phr03j/lost_iphone_17_pro_max/,https://www.reddit.com/r/Tech_Philippines/comments/1phr03j/lost_iphone_17_pro_max/
1pheu7b,Iphone 17 pro build quality ??,m_bohamad,2025-12-08T15:11:07,0,0.3,iPhone17Pro,https://www.reddit.com/r/iPhone17Pro/comments/1pheu7b/iphone_17_pro_build_quality/,https://www.reddit.com/r/iPhone17Pro/comments/1pheu7b/iphone_17_pro_build_quality/
1phcqjr,How to start a refund process?,Mook69,2025-12-08T13:44:22,2,1,dbrand,https://www.reddit.com/r/dbrand/comments/1phcqjr/how_to_start_a_refund_process/,https://www.reddit.com/r/dbrand/comments/1phcqjr/how_to_start_a_refund_process/
1phbc5o,What's the hype with the newest Iphone?,Subject-Cranberry-93,2025-12-08T12:38:02,1,1,NoStupidQuestions,https://www.reddit.com/r/NoStupidQuestions/comments/1phbc5o/whats_the_hype_with_the_newest_iphone/,https://www.reddit.com/r/NoStupidQuestions/comments/1phbc5o/whats_the_hype_with_the_newest_iphone/
1phb00x,Using iphone 15 pro max and thinking about upgrading to iphone 17 pro max,68liw,2025-12-08T12:20:27,2,0.75,iPhone17Pro,https://www.reddit.com/r/iPhone17Pro/comments/1phb00x/using_iphone_15_pro_max_and_thinking_about/,https://www.reddit.com/r/iPhone17Pro/comments/1phb00x/using_iphone_15_pro_max_and_thinking_about/
1phap13,Issues with my nova pro wireless headset,Tinz-,2025-12-08T12:03:43,1,1,steelseries,https://www.reddit.com/r/steelseries/comments/1phap13/issues_with_my_nova_pro_wireless_headset/,https://www.reddit.com/r/steelseries/comments/1phap13/issues_with_my_nova_pro_wireless_headset/
1ph9cvd,Snapchat Banned! Getting new phone.,sssooosssngr,2025-12-08T10:45:30,2,0.75,SnapchatHelp,https://www.reddit.com/r/SnapchatHelp/comments/1ph9cvd/snapchat_banned_getting_new_phone/,https://www.reddit.com/r/SnapchatHelp/comments/1ph9cvd/snapchat_banned_getting_new_phone/
1ph96xe,Keva for #IPhone 17 Pro Max,godatadigital,2025-12-08T10:35:23,2,1,u_godatadigital,https://www.reddit.com/r/u_godatadigital/comments/1ph96xe/keva_for_iphone_17_pro_max/,https://i.redd.it/67b9a4ciky5g1.jpeg
1ph6v2s,Using iphone 15 pro max and thinking about upgrading to iphone 17 pro max,68liw,2025-12-08T08:01:40,4,0.84,iphone15,https://www.reddit.com/r/iphone15/comments/1ph6v2s/using_iphone_15_pro_max_and_thinking_about/,https://www.reddit.com/r/iphone15/comments/1ph6v2s/using_iphone_15_pro_max_and_thinking_about/
1ph6gk2,Iphone 17 pro max lag,PieWild9594,2025-12-08T07:35:30,5,1,iPhone17Pro,https://www.reddit.com/r/iPhone17Pro/comments/1ph6gk2/iphone_17_pro_max_lag/,https://www.reddit.com/r/iPhone17Pro/comments/1ph6gk2/iphone_17_pro_max_lag/
1ph2h4o,"Magic 8 pro vs iphone 17 pro max, which one do you prefer?",Low-Bread-2346,2025-12-08T03:51:58,80,0.93,HONOR_Magic,https://www.reddit.com/r/HONOR_Magic/comments/1ph2h4o/magic_8_pro_vs_iphone_17_pro_max_which_one_do_you/,https://www.reddit.com/gallery/1ph2h4o
1pgy9ca,Should I buy The New iPhone 17 Pro Max?,Wide_Bit5947,2025-12-08T00:27:23,0,0.5,questions,https://www.reddit.com/r/questions/comments/1pgy9ca/should_i_buy_the_new_iphone_17_pro_max/,https://www.reddit.com/r/questions/comments/1pgy9ca/should_i_buy_the_new_iphone_17_pro_max/
1pgxw49,Battery draining on idle,darkaeden,2025-12-08T00:10:18,6,0.88,ios26beta,https://www.reddit.com/r/ios26beta/comments/1pgxw49/battery_draining_on_idle/,https://www.reddit.com/gallery/1pgxw49
1pgvgrz,Is fortnite stuttering on every phone on 120fps mode? Iphone 17 pro max,Competitive-Art-5455,2025-12-07T22:22:42,5,0.86,FortNiteMobile,https://www.reddit.com/r/FortNiteMobile/comments/1pgvgrz/is_fortnite_stuttering_on_every_phone_on_120fps/,https://www.reddit.com/r/FortNiteMobile/comments/1pgvgrz/is_fortnite_stuttering_on_every_phone_on_120fps/
1pgsyb0,iphone 17 esim,Temporary-Concert528,2025-12-07T20:39:38,3,0.81,albania,https://www.reddit.com/r/albania/comments/1pgsyb0/iphone_17_esim/,https://www.reddit.com/r/albania/comments/1pgsyb0/iphone_17_esim/
1pgre0h,Sorting private photos -help,CasualUKgamer,2025-12-07T19:36:51,2,1,iphonehelp,https://www.reddit.com/r/iphonehelp/comments/1pgre0h/sorting_private_photos_help/,https://www.reddit.com/r/iphonehelp/comments/1pgre0h/sorting_private_photos_help/
1pgpa01,Teste de Câmera: Samsung Galaxy S25 Ultra X Iphone 17 Pro Max. Qual tem a melhor câmera?,xaderlin,2025-12-07T18:17:34,4,0.83,CelularesBR,https://www.reddit.com/r/CelularesBR/comments/1pgpa01/teste_de_câmera_samsung_galaxy_s25_ultra_x_iphone/,https://www.reddit.com/r/CelularesBR/comments/1pgpa01/teste_de_câmera_samsung_galaxy_s25_ultra_x_iphone/
1pgnswo,iPhone,Astrid489,2025-12-07T17:19:03,493,1,AlkeszJofogas,https://www.reddit.com/r/AlkeszJofogas/comments/1pgnswo/iphone/,https://i.redd.it/96b3qkijft5g1.png
1pgnkfo,Posting pic for my previous post,Responsible_Bed_8835,2025-12-07T17:09:48,4,0.7,iPhone14Pro,https://www.reddit.com/r/iPhone14Pro/comments/1pgnkfo/posting_pic_for_my_previous_post/,https://www.reddit.com/gallery/1pgnkfo
1pgmv0p,Selling all home stuff,Next_Woodpecker4304,2025-12-07T16:41:45,1,1,BangaloreMarketplace,https://www.reddit.com/r/BangaloreMarketplace/comments/1pgmv0p/selling_all_home_stuff/,https://www.reddit.com/r/BangaloreMarketplace/comments/1pgmv0p/selling_all_home_stuff/
1pgmoa3,Iphone 17 pro max stuck on black screen,802Trip,2025-12-07T16:34:07,1,1,applehelp,https://www.reddit.com/r/applehelp/comments/1pgmoa3/iphone_17_pro_max_stuck_on_black_screen/,https://www.reddit.com/r/applehelp/comments/1pgmoa3/iphone_17_pro_max_stuck_on_black_screen/
1pgjkrn,iphone 17 pro max issue when connecting to airpods while listening to musics,Beautiful_Long4587,2025-12-07T14:25:46,0,0.5,iphone,https://www.reddit.com/r/iphone/comments/1pgjkrn/iphone_17_pro_max_issue_when_connecting_to/,https://www.reddit.com/r/iphone/comments/1pgjkrn/iphone_17_pro_max_issue_when_connecting_to/
1pgibpl,4 finger control code - BGMI,Younus_Memon,2025-12-07T13:26:22,1,1,BgmiCarding,https://www.reddit.com/r/BgmiCarding/comments/1pgibpl/4_finger_control_code_bgmi/,https://www.reddit.com/r/BgmiCarding/comments/1pgibpl/4_finger_control_code_bgmi/
1pgho7b,Hjälp,CuZz_7,2025-12-07T12:53:35,53,0.79,Asksweddit,https://www.reddit.com/r/Asksweddit/comments/1pgho7b/hjälp/,https://www.reddit.com/gallery/1pgho7b
1pghnw0,Hjälp snabbt,CuZz_7,2025-12-07T12:53:06,0,0.31,Sverige,https://www.reddit.com/r/Sverige/comments/1pghnw0/hjälp_snabbt/,https://www.reddit.com/gallery/1pghnw0
1pggxns,17 pro max in ha noi _ best deal,PepperWonderful6175,2025-12-07T12:12:52,0,0.5,vozforums,https://www.reddit.com/r/vozforums/comments/1pggxns/17_pro_max_in_ha_noi_best_deal/,https://www.reddit.com/r/vozforums/comments/1pggxns/17_pro_max_in_ha_noi_best_deal/
1pggrrn,Just adding pics for my previous post.,Responsible_Bed_8835,2025-12-07T12:03:24,1,0.53,iPhone14Pro,https://www.reddit.com/r/iPhone14Pro/comments/1pggrrn/just_adding_pics_for_my_previous_post/,https://i.redd.it/4shwx2savr5g1.jpeg
1pggdf1,Is this normal?,sweet_baker,2025-12-07T11:39:49,12,0.93,PITAKA,https://www.reddit.com/r/PITAKA/comments/1pggdf1/is_this_normal/,https://www.reddit.com/gallery/1pggdf1
1pgfhrd,Iphone 17 pro max 256gb brand new blue colour,Repulsive-Smoke4594,2025-12-07T10:43:58,0,0.5,BangaloreMarketplace,https://www.reddit.com/r/BangaloreMarketplace/comments/1pgfhrd/iphone_17_pro_max_256gb_brand_new_blue_colour/,https://i.redd.it/xiwnqnaugr5g1.jpeg
1pgewel,is iphone via home credit worth it?,Green_Resident1520,2025-12-07T10:06:14,0,0.42,Tech_Philippines,https://www.reddit.com/r/Tech_Philippines/comments/1pgewel/is_iphone_via_home_credit_worth_it/,https://www.reddit.com/r/Tech_Philippines/comments/1pgewel/is_iphone_via_home_credit_worth_it/
1pgbrzx,Stock,randsofrio,2025-12-07T06:47:21,1,1,Tech_Philippines,https://www.reddit.com/r/Tech_Philippines/comments/1pgbrzx/stock/,https://www.reddit.com/r/Tech_Philippines/comments/1pgbrzx/stock/
1pg50uk,Whatsapp Notifications,No_Confusion2,2025-12-07T00:51:12,1,0.67,sideloaded,https://www.reddit.com/r/sideloaded/comments/1pg50uk/whatsapp_notifications/,https://www.reddit.com/r/sideloaded/comments/1pg50uk/whatsapp_notifications/
1pg2hw2,Finally landed in Egypt 🇪🇬,kareemwaheed,2025-12-06T22:54:58,27,1,dbrand,https://www.reddit.com/r/dbrand/comments/1pg2hw2/finally_landed_in_egypt/,https://i.redd.it/0nud03vmyn5g1.jpeg
1pg09yc,Най-добрите калъфи за iPhone 17 Pro Max,MobelBG,2025-12-06T21:17:41,1,1,u_MobelBG,https://www.reddit.com/r/u_MobelBG/comments/1pg09yc/найдобрите_калъфи_за_iphone_17_pro_max/,https://www.reddit.com/r/u_MobelBG/comments/1pg09yc/найдобрите_калъфи_за_iphone_17_pro_max/
1pg0021,Brown and Orange EDC.,notaREDelk,2025-12-06T21:05:37,34,0.94,EDC,https://www.reddit.com/r/EDC/comments/1pg0021/brown_and_orange_edc/,https://i.redd.it/0o343hn4fn5g1.jpeg
1pfztsp,Girlfriend got me a IPhone 17 Pro Max and no longer need my LG V60,Mysterious-Top5242,2025-12-06T20:58:07,1,0.57,LGV60,https://www.reddit.com/r/LGV60/comments/1pfztsp/girlfriend_got_me_a_iphone_17_pro_max_and_no/,https://www.reddit.com/r/LGV60/comments/1pfztsp/girlfriend_got_me_a_iphone_17_pro_max_and_no/
1pfxw5h,How can I fully check if a second hand iphone 17 pro max is blocked in any way shape or form?,trytobehappy420,2025-12-06T19:35:28,1,1,iphone,https://www.reddit.com/r/iphone/comments/1pfxw5h/how_can_i_fully_check_if_a_second_hand_iphone_17/,https://www.reddit.com/r/iphone/comments/1pfxw5h/how_can_i_fully_check_if_a_second_hand_iphone_17/
1pfr83f,Is this deal worth it? Phone & sim,Left_Public_6707,2025-12-06T14:57:36,0,0.33,Vodafone,https://www.reddit.com/r/Vodafone/comments/1pfr83f/is_this_deal_worth_it_phone_sim/,https://www.reddit.com/r/Vodafone/comments/1pfr83f/is_this_deal_worth_it_phone_sim/
1pfpkzt,iPhone 17 Pro Max Sound Form Camera.,LegPuzzleheaded88,2025-12-06T13:41:24,2,1,iphone,https://www.reddit.com/r/iphone/comments/1pfpkzt/iphone_17_pro_max_sound_form_camera/,https://www.reddit.com/r/iphone/comments/1pfpkzt/iphone_17_pro_max_sound_form_camera/
1pfo99l,iphone 17 pro max stock,SuspiciousContest449,2025-12-06T12:33:41,2,1,Tech_Philippines,https://www.reddit.com/r/Tech_Philippines/comments/1pfo99l/iphone_17_pro_max_stock/,https://www.reddit.com/r/Tech_Philippines/comments/1pfo99l/iphone_17_pro_max_stock/
1pfmwn9,My iphone 17 Pro Max Cover,CharacterCourse8474,2025-12-06T11:14:02,5,0.78,iphone17,https://www.reddit.com/r/iphone17/comments/1pfmwn9/my_iphone_17_pro_max_cover/,https://i.redd.it/1tf7qim30c5g1.jpeg
1pflo8o,Iphone 17 pro max purchase,PepperWonderful6175,2025-12-06T09:56:15,0,0.4,VietNamNation,https://www.reddit.com/r/VietNamNation/comments/1pflo8o/iphone_17_pro_max_purchase/,https://www.reddit.com/r/VietNamNation/comments/1pflo8o/iphone_17_pro_max_purchase/
1pfln4o,Best deal on iphone 17 pro max,PepperWonderful6175,2025-12-06T09:54:21,0,0.33,VietNam,https://www.reddit.com/r/VietNam/comments/1pfln4o/best_deal_on_iphone_17_pro_max/,https://www.reddit.com/r/VietNam/comments/1pfln4o/best_deal_on_iphone_17_pro_max/
1pfadf7,Samsung galaxy S25 Ultra battery dead last 🔋😱😭,AcanthisittaSad6552,2025-12-05T23:40:07,90,0.76,HONOR_Magic,https://www.reddit.com/r/HONOR_Magic/comments/1pfadf7/samsung_galaxy_s25_ultra_battery_dead_last/,https://i.redd.it/twn55rol1h5g1.jpeg
1pf8zds,"[USA-AR] [H] Unlocked iPhone 17 Pro Max 1TB Silver [W] PayPal, Local Cash",WozniakMac,2025-12-05T22:39:58,2,1,appleswap,https://www.reddit.com/r/appleswap/comments/1pf8zds/usaar_h_unlocked_iphone_17_pro_max_1tb_silver_w/,https://www.reddit.com/r/appleswap/comments/1pf8zds/usaar_h_unlocked_iphone_17_pro_max_1tb_silver_w/
1pf7whi,Iphone 17 Pro Max 256GB USD 1550,Certain_Foot8503,2025-12-05T21:55:15,0,0.33,UruguayMarketplace,https://www.reddit.com/r/UruguayMarketplace/comments/1pf7whi/iphone_17_pro_max_256gb_usd_1550/,https://www.reddit.com/r/UruguayMarketplace/comments/1pf7whi/iphone_17_pro_max_256gb_usd_1550/
1pezv2e,iPhone 17 Pro Max audio stutter iOS26.1,A_simple_tomato,2025-12-05T16:41:04,1,0.6,ios,https://www.reddit.com/r/ios/comments/1pezv2e/iphone_17_pro_max_audio_stutter_ios261/,https://imgur.com/a/09eTBgd
1peoagy,My iphone 17 Pro Max Cover,CharacterCourse8474,2025-12-05T06:47:37,14,0.72,InstagramShops,https://www.reddit.com/r/InstagramShops/comments/1peoagy/my_iphone_17_pro_max_cover/,https://i.redd.it/1tf7qim30c5g1.jpeg
1pekdxt,iphone 17 pro max shopee vs pmc cc,SuspiciousContest449,2025-12-05T03:19:10,1,0.67,KaskasanBuddies,https://www.reddit.com/r/KaskasanBuddies/comments/1pekdxt/iphone_17_pro_max_shopee_vs_pmc_cc/,https://i.redd.it/6qub2e3yza5g1.jpeg
1pekdhn,Anyone use slim fit magnetic case for your iphone 17 pro max?,EnjoytheGift95,2025-12-05T03:18:30,1,1,iPhone17Pro,https://www.reddit.com/r/iPhone17Pro/comments/1pekdhn/anyone_use_slim_fit_magnetic_case_for_your_iphone/,https://www.reddit.com/r/iPhone17Pro/comments/1pekdhn/anyone_use_slim_fit_magnetic_case_for_your_iphone/
1pekc5t,iphone 17 pro max installment shopee vs pmc,SuspiciousContest449,2025-12-05T03:16:40,0,0.5,PHCreditCards,https://www.reddit.com/r/PHCreditCards/comments/1pekc5t/iphone_17_pro_max_installment_shopee_vs_pmc/,https://i.redd.it/8v4bdg2iza5g1.jpeg
1pei4kg,Group Chats not transferring,SoftRecommendation19,2025-12-05T01:32:28,2,1,iCloud,https://www.reddit.com/r/iCloud/comments/1pei4kg/group_chats_not_transferring/,https://www.reddit.com/r/iCloud/comments/1pei4kg/group_chats_not_transferring/
1pei4ee,Group Chats not transferring,SoftRecommendation19,2025-12-05T01:32:15,0,0.5,setupapp,https://www.reddit.com/r/setupapp/comments/1pei4ee/group_chats_not_transferring/,https://www.reddit.com/r/setupapp/comments/1pei4ee/group_chats_not_transferring/
1pefsnm,I have S25+ and just bought iphone 17 pro max,Celiez,2025-12-04T23:48:48,11,0.72,samsunggalaxy,https://www.reddit.com/r/samsunggalaxy/comments/1pefsnm/i_have_s25_and_just_bought_iphone_17_pro_max/,https://www.reddit.com/r/samsunggalaxy/comments/1pefsnm/i_have_s25_and_just_bought_iphone_17_pro_max/
1pecu9q,Question about apple care+,NoYak7199,2025-12-04T21:45:23,0,0.25,iPhone17Pro,https://www.reddit.com/r/iPhone17Pro/comments/1pecu9q/question_about_apple_care/,https://www.reddit.com/r/iPhone17Pro/comments/1pecu9q/question_about_apple_care/
1pea0ug,pink case help,bby_cowboy,2025-12-04T19:56:29,3,0.8,iPhone17Pro,https://www.reddit.com/r/iPhone17Pro/comments/1pea0ug/pink_case_help/,https://i.redd.it/6nehsk0zs85g1.jpeg
1pe8ir3,200k ya araba sattım bununla iphone 17 pro max mi almalı yoksa altın mı,4847K,2025-12-04T18:58:11,1,0.67,SacmaBirSub,https://www.reddit.com/r/SacmaBirSub/comments/1pe8ir3/200k_ya_araba_sattım_bununla_iphone_17_pro_max_mi/,https://www.reddit.com/r/SacmaBirSub/comments/1pe8ir3/200k_ya_araba_sattım_bununla_iphone_17_pro_max_mi/
1pe1lh0,Is it worth it to upgrade from the 15 pro max to the 17 pro max?,gowther444,2025-12-04T14:36:51,8,0.7,Tech_Philippines,https://www.reddit.com/r/Tech_Philippines/comments/1pe1lh0/is_it_worth_it_to_upgrade_from_the_15_pro_max_to/,https://www.reddit.com/r/Tech_Philippines/comments/1pe1lh0/is_it_worth_it_to_upgrade_from_the_15_pro_max_to/
1pe09qx,iPhone connecting to Avira but no app or Safari extension or whatever Avira-related is installed...?,dg1974it,2025-12-04T13:40:32,0,0.5,ControlD,https://www.reddit.com/r/ControlD/comments/1pe09qx/iphone_connecting_to_avira_but_no_app_or_safari/,https://www.reddit.com/r/ControlD/comments/1pe09qx/iphone_connecting_to_avira_but_no_app_or_safari/
1pdws07,Can you guys share a full moon photos using iphone 17 pro/max?,NewBeginnings168,2025-12-04T10:36:59,1,0.6,iPhone17Pro,https://www.reddit.com/r/iPhone17Pro/comments/1pdws07/can_you_guys_share_a_full_moon_photos_using/,https://www.reddit.com/r/iPhone17Pro/comments/1pdws07/can_you_guys_share_a_full_moon_photos_using/
1pdw0uf,Best deal shipon iphone 17 pro max.,PepperWonderful6175,2025-12-04T09:49:24,0,0.17,VietNamNation,https://www.reddit.com/r/VietNamNation/comments/1pdw0uf/best_deal_shipon_iphone_17_pro_max/,https://www.reddit.com/r/VietNamNation/comments/1pdw0uf/best_deal_shipon_iphone_17_pro_max/
1pdt4pa,Do I have a bad unit? I want to return this Iphone 17 Pro Max badly.,deensantos,2025-12-04T06:43:12,1,0.53,iphone,https://www.reddit.com/r/iphone/comments/1pdt4pa/do_i_have_a_bad_unit_i_want_to_return_this_iphone/,https://www.reddit.com/r/iphone/comments/1pdt4pa/do_i_have_a_bad_unit_i_want_to_return_this_iphone/
1pdr1mg,Iphone 17 pro max advertised then snatched from my partner (Australia),AgentMC99,2025-12-04T04:49:50,69,0.82,iphone,https://www.reddit.com/r/iphone/comments/1pdr1mg/iphone_17_pro_max_advertised_then_snatched_from/,https://www.reddit.com/r/iphone/comments/1pdr1mg/iphone_17_pro_max_advertised_then_snatched_from/
1pdppkg,does my iphone 17 pro max have the g9n screen?,euj3odjehiqh,2025-12-04T03:42:25,0,0.5,iphone,https://www.reddit.com/r/iphone/comments/1pdppkg/does_my_iphone_17_pro_max_have_the_g9n_screen/,https://i.redd.it/d35irx2zy35g1.png
1pdm2s9,Reminding everyone that this is not okay. Lol,AdventurousCold4732,2025-12-04T00:54:45,968,0.99,PHCreditCards,https://www.reddit.com/r/PHCreditCards/comments/1pdm2s9/reminding_everyone_that_this_is_not_okay_lol/,https://i.redd.it/gqzlp4s9535g1.jpeg
1pdj6fu,"16"" M4 Pro(14+20) 24GB/1TB vs 16"" M4 Max(14+32) 36GB/1TB - Help needed",Signal-Buy-9642,2025-12-03T22:51:24,0,0.5,mac,https://www.reddit.com/r/mac/comments/1pdj6fu/16_m4_pro1420_24gb1tb_vs_16_m4_max1432_36gb1tb/,https://www.reddit.com/r/mac/comments/1pdj6fu/16_m4_pro1420_24gb1tb_vs_16_m4_max1432_36gb1tb/
1pdj50a,"16"" M4 Pro(14+20) 24GB/1TB vs 16"" M4 Max(14+32) 36GB/1TB - Help needed",Signal-Buy-9642,2025-12-03T22:49:45,4,0.75,macgaming,https://www.reddit.com/r/macgaming/comments/1pdj50a/16_m4_pro1420_24gb1tb_vs_16_m4_max1432_36gb1tb/,https://www.reddit.com/r/macgaming/comments/1pdj50a/16_m4_pro1420_24gb1tb_vs_16_m4_max1432_36gb1tb/
1pdiggh,"16"" M4 Pro(14+20) 24GB/1TB vs 16"" M4 Max(14+32) 36GB/1TB - Help needed",Signal-Buy-9642,2025-12-03T22:22:14,9,1,macbookpro,https://www.reddit.com/r/macbookpro/comments/1pdiggh/16_m4_pro1420_24gb1tb_vs_16_m4_max1432_36gb1tb/,https://www.reddit.com/r/macbookpro/comments/1pdiggh/16_m4_pro1420_24gb1tb_vs_16_m4_max1432_36gb1tb/
1pdei0j,How to best equalize the LCD-X and IEMS.,godnrop,2025-12-03T19:50:51,1,0.67,headphones,https://www.reddit.com/r/headphones/comments/1pdei0j/how_to_best_equalize_the_lcdx_and_iems/,https://www.reddit.com/r/headphones/comments/1pdei0j/how_to_best_equalize_the_lcdx_and_iems/
1pddj2b,Iphone 17 Pro Max Problems!,Beneficial_File_8949,2025-12-03T19:14:53,10,1,17ProMax,https://www.reddit.com/r/17ProMax/comments/1pddj2b/iphone_17_pro_max_problems/,https://i.redd.it/4wgk590ng15g1.jpeg
1pd39fe,Ajuda com o audio do celular,Material-Truth-5861,2025-12-03T12:49:06,1,1,applehelp,https://www.reddit.com/r/applehelp/comments/1pd39fe/ajuda_com_o_audio_do_celular/,https://www.reddit.com/r/applehelp/comments/1pd39fe/ajuda_com_o_audio_do_celular/
1pd262g,Iphone 17 Pro Max,Existing-Ad3290,2025-12-03T11:53:10,1,1,Tech_Philippines,https://www.reddit.com/r/Tech_Philippines/comments/1pd262g/iphone_17_pro_max/,https://www.reddit.com/r/Tech_Philippines/comments/1pd262g/iphone_17_pro_max/
1pd1tgc,Kahit si satanas napa “omg”,justhetic,2025-12-03T11:33:56,4433,0.98,Philippines,https://www.reddit.com/r/Philippines/comments/1pd1tgc/kahit_si_satanas_napa_omg/,https://i.redd.it/axgt1cce6z4g1.jpeg
1pd1sl2,Kahit si satanas napa “omg”,justhetic,2025-12-03T11:32:38,108,0.99,KanalHumor,https://www.reddit.com/r/KanalHumor/comments/1pd1sl2/kahit_si_satanas_napa_omg/,https://i.redd.it/wc0rx0066z4g1.jpeg
1pcwu07,"Wholesale iPhone 17 Pro Max MagSafe Case — Grid Series (TPU + Acrylic, Magnetic)",sansa53,2025-12-03T06:24:28,1,1,tvcmallwholesale,https://www.reddit.com/r/tvcmallwholesale/comments/1pcwu07/wholesale_iphone_17_pro_max_magsafe_case_grid/,https://i.redd.it/j3abgdv1nx4g1.jpeg
1pcviuy,"The iphone 16 e is my favorite one since the 5. It doesn't have all the white i don't need or want on it, it's simple, sleek, eye catching, etc. Its all you need in a phone, unless you're young and addicted to social media",Ok_Astronaut_2989,2025-12-03T05:12:12,0,0.5,iPhone13Pro,https://www.reddit.com/r/iPhone13Pro/comments/1pcviuy/the_iphone_16_e_is_my_favorite_one_since_the_5_it/,https://www.reddit.com/r/iPhone13Pro/comments/1pcviuy/the_iphone_16_e_is_my_favorite_one_since_the_5_it/
1pcssia,Kahit si Satanas mapapakamot-ulo na lang sa sinabi mo 🥀🥀🥀,ArgumentTechnical724,2025-12-03T02:57:22,209,0.99,insanepinoyfacebook,https://www.reddit.com/r/insanepinoyfacebook/comments/1pcssia/kahit_si_satanas_mapapakamotulo_na_lang_sa_sinabi/,https://i.redd.it/ulcp4xl8mw4g1.png
1pcrsz9,First Bust - Northern Wind by Big Child Creatives,GingerValkyrie,2025-12-03T02:11:52,373,1,minipainting,https://www.reddit.com/r/minipainting/comments/1pcrsz9/first_bust_northern_wind_by_big_child_creatives/,https://www.reddit.com/gallery/1pcrsz9
1pcp8fy,Is my battery usage normal?,lightwillclaim,2025-12-03T00:16:08,0,0.5,iPhone17Pro,https://www.reddit.com/r/iPhone17Pro/comments/1pcp8fy/is_my_battery_usage_normal/,https://i.redd.it/nhsgitxgtv4g1.jpeg
1pclzbi,Iphone 17 pro max on wireless charger?,Desperate-Issue8803,2025-12-02T22:01:55,4,1,MachE,https://www.reddit.com/r/MachE/comments/1pclzbi/iphone_17_pro_max_on_wireless_charger/,https://www.reddit.com/r/MachE/comments/1pclzbi/iphone_17_pro_max_on_wireless_charger/
1pcfdp8,I found that my iphone 17 Pro max screen is LG and its Garbge the color is too Greenish its hurts my eyes So can apple care replace my screen without i smash the screen?,THEAMAZINGkhalid,2025-12-02T17:56:59,0,0.43,iPhone17Pro,https://www.reddit.com/r/iPhone17Pro/comments/1pcfdp8/i_found_that_my_iphone_17_pro_max_screen_is_lg/,https://www.reddit.com/r/iPhone17Pro/comments/1pcfdp8/i_found_that_my_iphone_17_pro_max_screen_is_lg/
1pcb76k,"MY SAMSUNG GALAXY GOT DRENCHED IN COFFEE, SO I TURNED TO THE IPHONE 17 PRO MAX FOR A SESSION OF PLAY, SOMEDAY I WILL GET MY GALAXY RESTORED.",Intelligent-Fig-1455,2025-12-02T15:22:39,1,1,ISAAC_BRIAN_TYSON,https://www.reddit.com/r/ISAAC_BRIAN_TYSON/comments/1pcb76k/my_samsung_galaxy_got_drenched_in_coffee_so_i/,https://i.redd.it/l9xhsrha6t4g1.jpeg
1pca9pe,iphone 17 pro max cc billing date query,SuspiciousContest449,2025-12-02T14:45:38,0,0.25,CreditcardPh,https://www.reddit.com/r/CreditcardPh/comments/1pca9pe/iphone_17_pro_max_cc_billing_date_query/,https://www.reddit.com/r/CreditcardPh/comments/1pca9pe/iphone_17_pro_max_cc_billing_date_query/
1pca0le,iphone 17 pro max cc,SuspiciousContest449,2025-12-02T14:35:16,0,0.5,Tech_Philippines,https://www.reddit.com/r/Tech_Philippines/comments/1pca0le/iphone_17_pro_max_cc/,https://www.reddit.com/r/Tech_Philippines/comments/1pca0le/iphone_17_pro_max_cc/
1pc9qt6,5g with nubia z80 ultra on at&t,maththeydid,2025-12-02T14:24:27,5,1,Nubia,https://www.reddit.com/r/Nubia/comments/1pc9qt6/5g_with_nubia_z80_ultra_on_att/,https://www.reddit.com/r/Nubia/comments/1pc9qt6/5g_with_nubia_z80_ultra_on_att/
1pc0xwq,"13 hours SOT ic CRAZyyyyy , I love my Beast Iphone 17 pro max",THEAMAZINGkhalid,2025-12-02T06:05:27,13,0.94,iPhoneBatteryParanoia,https://www.reddit.com/r/iPhoneBatteryParanoia/comments/1pc0xwq/13_hours_sot_ic_crazyyyyy_i_love_my_beast_iphone/,https://i.redd.it/pmkyhmpveq4g1.jpeg
1pc0xjv,"13 hours SOT ic CRAZyyyyy , I love my Beast Iphone 17 pro max",THEAMAZINGkhalid,2025-12-02T06:04:53,1,0.57,iPhone17Pro,https://www.reddit.com/r/iPhone17Pro/comments/1pc0xjv/13_hours_sot_ic_crazyyyyy_i_love_my_beast_iphone/,https://i.redd.it/0ojr94nreq4g1.jpeg
1pbxp8s,Is IOS26 good on the M1 ipad pro?,MoonDropsPH,2025-12-02T03:21:08,5,1,iPadPro,https://www.reddit.com/r/iPadPro/comments/1pbxp8s/is_ios26_good_on_the_m1_ipad_pro/,https://www.reddit.com/r/iPadPro/comments/1pbxp8s/is_ios26_good_on_the_m1_ipad_pro/
1pbtfbk,iphone 17 Pro Max,Pirelliz,2025-12-02T00:10:02,5,0.86,FidoMobile,https://www.reddit.com/r/FidoMobile/comments/1pbtfbk/iphone_17_pro_max/,https://www.reddit.com/r/FidoMobile/comments/1pbtfbk/iphone_17_pro_max/
1pbrmyk,Chase shope closed,Maleficent_Opening46,2025-12-01T22:55:00,0,0.5,ChaseSapphire,https://www.reddit.com/r/ChaseSapphire/comments/1pbrmyk/chase_shope_closed/,https://www.reddit.com/r/ChaseSapphire/comments/1pbrmyk/chase_shope_closed/
1pbl3u8,Gamesir X2s compatible with Iphone 17 pro max?,Un-usual_Sprinkles,2025-12-01T18:46:46,1,1,Gamesir,https://www.reddit.com/r/Gamesir/comments/1pbl3u8/gamesir_x2s_compatible_with_iphone_17_pro_max/,https://www.reddit.com/r/Gamesir/comments/1pbl3u8/gamesir_x2s_compatible_with_iphone_17_pro_max/
1pbkjwf,Iphone 17 Pro Max,Existing-Ad3290,2025-12-01T18:27:11,1,1,Tech_Philippines,https://www.reddit.com/r/Tech_Philippines/comments/1pbkjwf/iphone_17_pro_max/,https://www.reddit.com/r/Tech_Philippines/comments/1pbkjwf/iphone_17_pro_max/
1pbikxu,Iphone 17 vs s25 ultra,KoreanMode,2025-12-01T17:16:03,5,0.73,PickAnAndroidForMe,https://www.reddit.com/r/PickAnAndroidForMe/comments/1pbikxu/iphone_17_vs_s25_ultra/,https://www.reddit.com/r/PickAnAndroidForMe/comments/1pbikxu/iphone_17_vs_s25_ultra/
1pbchsd,🌟Staff Picks of the Week!🌟,Savings-Ad1195,2025-12-01T13:15:51,4,0.84,womp3d,https://www.reddit.com/r/womp3d/comments/1pbchsd/staff_picks_of_the_week/,https://i.redd.it/yyyujgwkdl4g1.gif
1pb8iu0,Apple Iphone 17 Pro Max Screen Bug??!,mem10000,2025-12-01T09:34:03,0,0.5,iPhone17Pro,https://www.reddit.com/r/iPhone17Pro/comments/1pb8iu0/apple_iphone_17_pro_max_screen_bug/,https://www.reddit.com/r/iPhone17Pro/comments/1pb8iu0/apple_iphone_17_pro_max_screen_bug/
1pb2muz,What's better? iPhone 17 Pro Max case with camera control button or without camera control button,AbroadRealistic7348,2025-12-01T03:53:41,1,1,iPhone17Pro,https://www.reddit.com/r/iPhone17Pro/comments/1pb2muz/whats_better_iphone_17_pro_max_case_with_camera/,https://www.reddit.com/r/iPhone17Pro/comments/1pb2muz/whats_better_iphone_17_pro_max_case_with_camera/
1pb2jor,Y no solo comprando el iPhone 🤦🏽‍♂️🤦🏽‍♂️🤦🏽‍♂️,Gatto_Parlante,2025-12-01T03:49:23,16,0.95,Carola,https://www.reddit.com/r/Carola/comments/1pb2jor/y_no_solo_comprando_el_iphone/,https://i.redd.it/66b133voli4g1.jpeg
1pb2fqa,Help chose my iphone 17 pro max color,Such_Scientist_4554,2025-12-01T03:44:05,1,0.67,iPhone17Pro,https://www.reddit.com/r/iPhone17Pro/comments/1pb2fqa/help_chose_my_iphone_17_pro_max_color/,https://www.reddit.com/r/iPhone17Pro/comments/1pb2fqa/help_chose_my_iphone_17_pro_max_color/
1pazyts,Iphone 17 Pro Max or Samsung Galaxy S25 Ultra,taasmy,2025-12-01T01:47:01,12,0.94,Tech_Philippines,https://www.reddit.com/r/Tech_Philippines/comments/1pazyts/iphone_17_pro_max_or_samsung_galaxy_s25_ultra/,https://www.reddit.com/r/Tech_Philippines/comments/1pazyts/iphone_17_pro_max_or_samsung_galaxy_s25_ultra/
1paysvn,"0.5, 1x, 5x, 10x, and 40x Zoom Photos (swipe right)",Kawfry,2025-12-01T00:52:57,14,0.94,iPhone17Pro,https://www.reddit.com/r/iPhone17Pro/comments/1paysvn/05_1x_5x_10x_and_40x_zoom_photos_swipe_right/,https://www.reddit.com/gallery/1paysvn
1paxqqy,details to kiwi and noodle ✨,macdaddy-22,2025-12-01T00:06:06,161,1,frogs,https://www.reddit.com/r/frogs/comments/1paxqqy/details_to_kiwi_and_noodle/,https://www.reddit.com/gallery/1paxqqy
1patpmu,"IPhone 17 Pro Max for $300 a year, is it worth?",gynecologist_amateur,2025-11-30T21:15:36,9,0.91,iPhone17Pro,https://www.reddit.com/r/iPhone17Pro/comments/1patpmu/iphone_17_pro_max_for_300_a_year_is_it_worth/,https://www.reddit.com/r/iPhone17Pro/comments/1patpmu/iphone_17_pro_max_for_300_a_year_is_it_worth/
1parxzk,How to stop palm from being interpreted as tap?,SwimmingKey4331,2025-11-30T20:04:28,1,0.67,iphone17,https://www.reddit.com/r/iphone17/comments/1parxzk/how_to_stop_palm_from_being_interpreted_as_tap/,https://www.reddit.com/r/iphone17/comments/1parxzk/how_to_stop_palm_from_being_interpreted_as_tap/
1parvco,Iphone 17 Pro max Screen bug??!,mem10000,2025-11-30T20:01:33,1,1,iPhone17Pro,https://www.reddit.com/r/iPhone17Pro/comments/1parvco/iphone_17_pro_max_screen_bug/,https://www.reddit.com/r/iPhone17Pro/comments/1parvco/iphone_17_pro_max_screen_bug/
1paoi1o,How to find out what's running all night?,godsidekurt,2025-11-30T17:48:50,5,0.86,ios,https://www.reddit.com/r/ios/comments/1paoi1o/how_to_find_out_whats_running_all_night/,https://i.redd.it/7qmti7vjmf4g1.jpeg
1pa9o3c,[Fast selling deals] Apple Cyber Monday deals,Effective_Bus9310,2025-11-30T04:56:12,1,0.66,dealsonamazon,https://www.reddit.com/r/dealsonamazon/comments/1pa9o3c/fast_selling_deals_apple_cyber_monday_deals/,https://amzn.to/3M9ry6O
1pa9m8o,[Fast selling deals] Apple Cyber Monday deals,Effective_Bus9310,2025-11-30T04:53:26,1,0.66,blackfridaydeals2025,https://www.reddit.com/r/blackfridaydeals2025/comments/1pa9m8o/fast_selling_deals_apple_cyber_monday_deals/,https://amzn.to/3M9ry6O
1pa7nut,Recorded on a flight from DIA to TPA Nov 2025,jeffparkerspage,2025-11-30T03:10:28,15,0.79,timelapse,https://www.reddit.com/r/timelapse/comments/1pa7nut/recorded_on_a_flight_from_dia_to_tpa_nov_2025/,https://v.redd.it/cszk256u9b4g1
1pa1nba,Battery drain on home and lock screen,Inside-Coat704,2025-11-29T22:25:58,1,0.67,iPhone17Pro,https://www.reddit.com/r/iPhone17Pro/comments/1pa1nba/battery_drain_on_home_and_lock_screen/,https://www.reddit.com/r/iPhone17Pro/comments/1pa1nba/battery_drain_on_home_and_lock_screen/
1p9yzvd,Discount on iphone 17 pro max,sharique_roomi,2025-11-29T20:31:15,1,1,Rakuten,https://www.reddit.com/r/Rakuten/comments/1p9yzvd/discount_on_iphone_17_pro_max/,https://www.reddit.com/r/Rakuten/comments/1p9yzvd/discount_on_iphone_17_pro_max/
1p9qr8h,Switching from Verizon to T Mobile ... is this a good offer,JhoomSharabi,2025-11-29T14:49:57,1,1,u_JhoomSharabi,https://www.reddit.com/r/u_JhoomSharabi/comments/1p9qr8h/switching_from_verizon_to_t_mobile_is_this_a_good/,https://www.reddit.com/r/u_JhoomSharabi/comments/1p9qr8h/switching_from_verizon_to_t_mobile_is_this_a_good/
1p9psso,First picture after buying iphone 17 pro max,Wezza7777,2025-11-29T14:07:20,0,0.5,iPhone17Pro,https://www.reddit.com/r/iPhone17Pro/comments/1p9psso/first_picture_after_buying_iphone_17_pro_max/,https://www.reddit.com/gallery/1p6sn1k
1p9pn8f,CC for buying iphone 17 pro max,No-Knee-5073,2025-11-29T14:00:30,0,0.5,CreditCardsIndia,https://www.reddit.com/r/CreditCardsIndia/comments/1p9pn8f/cc_for_buying_iphone_17_pro_max/,https://www.reddit.com/r/CreditCardsIndia/comments/1p9pn8f/cc_for_buying_iphone_17_pro_max/
1p9pjas,Shocked over how much people are spending on iphone emis,AChubbyRaichu,2025-11-29T13:55:22,1681,0.97,Frugal_Ind,https://www.reddit.com/r/Frugal_Ind/comments/1p9pjas/shocked_over_how_much_people_are_spending_on/,https://www.reddit.com/r/Frugal_Ind/comments/1p9pjas/shocked_over_how_much_people_are_spending_on/
1p9osjg,Merging Two iPhones,Party_Employment_701,2025-11-29T13:19:51,0,0.33,iphone,https://www.reddit.com/r/iphone/comments/1p9osjg/merging_two_iphones/,https://www.reddit.com/r/iphone/comments/1p9osjg/merging_two_iphones/
1p9mo0m,Iphone 17 pro max,Wezza7777,2025-11-29T11:24:36,1,1,iPhoneography,https://www.reddit.com/r/iPhoneography/comments/1p9mo0m/iphone_17_pro_max/,https://www.reddit.com/gallery/1p9mnme
1p9mnme,Iphone 17 pro max,Wezza7777,2025-11-29T11:23:59,8,1,iPhone17Pro,https://www.reddit.com/r/iPhone17Pro/comments/1p9mnme/iphone_17_pro_max/,https://www.reddit.com/gallery/1p9mnme
1p9mlht,Iphone 17 pro max,Wezza7777,2025-11-29T11:20:28,2,0.75,iPhoneography,https://www.reddit.com/r/iPhoneography/comments/1p9mlht/iphone_17_pro_max/,https://www.reddit.com/gallery/1p9mle9
1p9mle9,Iphone 17 pro max,Wezza7777,2025-11-29T11:20:16,13,0.94,iPhone17Pro,https://www.reddit.com/r/iPhone17Pro/comments/1p9mle9/iphone_17_pro_max/,https://www.reddit.com/gallery/1p9mle9
1p9jx55,AWU3 New User! - Question!,GriffinGOD,2025-11-29T08:33:53,1,1,AppleWatch,https://www.reddit.com/r/AppleWatch/comments/1p9jx55/awu3_new_user_question/,https://www.reddit.com/r/AppleWatch/comments/1p9jx55/awu3_new_user_question/
1p9iqa3,What is that cluster of stars in bottom right of sky in this pic?,5tr4wberries,2025-11-29T07:21:40,310,0.98,Stargazing,https://www.reddit.com/r/Stargazing/comments/1p9iqa3/what_is_that_cluster_of_stars_in_bottom_right_of/,https://www.reddit.com/gallery/1p9iqa3
1p9ikgf,Exchange or return & repurchase Apple Watch S11?,Best_Wasabi_647,2025-11-29T07:11:50,1,1,ATT,https://www.reddit.com/r/ATT/comments/1p9ikgf/exchange_or_return_repurchase_apple_watch_s11/,https://www.reddit.com/r/ATT/comments/1p9ikgf/exchange_or_return_repurchase_apple_watch_s11/
1p9fins,Clear case na hindi madulas and hindi naninilaw,Human-Building6426,2025-11-29T04:22:04,3,0.8,Tech_Philippines,https://www.reddit.com/r/Tech_Philippines/comments/1p9fins/clear_case_na_hindi_madulas_and_hindi_naninilaw/,https://www.reddit.com/r/Tech_Philippines/comments/1p9fins/clear_case_na_hindi_madulas_and_hindi_naninilaw/
1p9ds1a,globe pre order iphone 17 pro max,MainRelevant2142,2025-11-29T02:54:26,1,0.67,Tech_Philippines,https://www.reddit.com/r/Tech_Philippines/comments/1p9ds1a/globe_pre_order_iphone_17_pro_max/,https://www.reddit.com/r/Tech_Philippines/comments/1p9ds1a/globe_pre_order_iphone_17_pro_max/
1p9diqf,good iphone 17 pro max cyber monday deals??,No-Environment9889,2025-11-29T02:41:36,10,0.92,iPhone11,https://www.reddit.com/r/iPhone11/comments/1p9diqf/good_iphone_17_pro_max_cyber_monday_deals/,https://www.reddit.com/r/iPhone11/comments/1p9diqf/good_iphone_17_pro_max_cyber_monday_deals/
1p9d9ag,any iphone 17 pro max black friday & cyber monday deals??,No-Environment9889,2025-11-29T02:28:37,25,0.94,iPhoneFC,https://www.reddit.com/r/iPhoneFC/comments/1p9d9ag/any_iphone_17_pro_max_black_friday_cyber_monday/,https://www.reddit.com/r/iPhoneFC/comments/1p9d9ag/any_iphone_17_pro_max_black_friday_cyber_monday/
1p9bzpd,globe iphone 17 pro max,MainRelevant2142,2025-11-29T01:25:59,1,0.67,Tech_Philippines,https://www.reddit.com/r/Tech_Philippines/comments/1p9bzpd/globe_iphone_17_pro_max/,https://www.reddit.com/r/Tech_Philippines/comments/1p9bzpd/globe_iphone_17_pro_max/
1p99o8p,"Iphone 17 Pro Max, My first Iphone ever",Kawfry,2025-11-28T23:39:19,249,0.96,iPhone17Pro,https://www.reddit.com/r/iPhone17Pro/comments/1p99o8p/iphone_17_pro_max_my_first_iphone_ever/,https://i.redd.it/g4yz8v39334g1.jpeg
1p92554,Anyone have issues scrolling on 17?,Scruffy77,2025-11-28T18:24:47,0,0.5,iphone,https://www.reddit.com/r/iphone/comments/1p92554/anyone_have_issues_scrolling_on_17/,https://www.reddit.com/r/iphone/comments/1p92554/anyone_have_issues_scrolling_on_17/
1p8yx6u,IPHONE 17 Pro Max,Leading-End-5240,2025-11-28T16:20:05,2,1,Tech_Philippines,https://www.reddit.com/r/Tech_Philippines/comments/1p8yx6u/iphone_17_pro_max/,https://www.reddit.com/r/Tech_Philippines/comments/1p8yx6u/iphone_17_pro_max/
1p8tvct,SMART Renewal,CyMarmalade,2025-11-28T12:40:40,0,0.5,InternetPH,https://www.reddit.com/r/InternetPH/comments/1p8tvct/smart_renewal/,https://www.reddit.com/r/InternetPH/comments/1p8tvct/smart_renewal/
1p8o5un,"To anyone working in the office, PLEASE TAKE A BATH!",Diligent-Dig7985,2025-11-28T06:47:17,5,0.86,dubai,https://www.reddit.com/r/dubai/comments/1p8o5un/to_anyone_working_in_the_office_please_take_a_bath/,https://www.reddit.com/r/dubai/comments/1p8o5un/to_anyone_working_in_the_office_please_take_a_bath/
1p8nwtc,Why does  Bellatrix do this?,10101010017,2025-11-28T06:32:00,42,0.96,ArenaBreakoutGlobal,https://www.reddit.com/r/ArenaBreakoutGlobal/comments/1p8nwtc/why_does_bellatrix_do_this/,https://i.redd.it/80z31o0zzx3g1.jpeg
1p8fam3,Should I upgrade to s25 ultra or Iphone 17 pro max from a s24 ultra?,Cool_JLil,2025-11-27T22:52:39,11,0.83,Smartphones,https://www.reddit.com/r/Smartphones/comments/1p8fam3/should_i_upgrade_to_s25_ultra_or_iphone_17_pro/,https://www.reddit.com/r/Smartphones/comments/1p8fam3/should_i_upgrade_to_s25_ultra_or_iphone_17_pro/
1p8dxel,Iphone 17 pro max top speaker not working,JudgeProfessional286,2025-11-27T21:46:24,2,1,applehelp,https://www.reddit.com/r/applehelp/comments/1p8dxel/iphone_17_pro_max_top_speaker_not_working/,https://www.reddit.com/r/applehelp/comments/1p8dxel/iphone_17_pro_max_top_speaker_not_working/
1p878zv,iphone 17 black friday deals,Hotard-Latrease,2025-11-27T17:00:21,38,0.89,iPhone17Pro,https://www.reddit.com/r/iPhone17Pro/comments/1p878zv/iphone_17_black_friday_deals/,https://www.reddit.com/r/iPhone17Pro/comments/1p878zv/iphone_17_black_friday_deals/
1p86x8u,Iphone 17 pro max for pubg,Own_Secret_6461,2025-11-27T16:47:19,2,1,PUBGMobile,https://www.reddit.com/r/PUBGMobile/comments/1p86x8u/iphone_17_pro_max_for_pubg/,https://www.reddit.com/r/PUBGMobile/comments/1p86x8u/iphone_17_pro_max_for_pubg/
1p83vly,How 2 jalbreak Iphon 17 pro max?,ChannelNo3185,2025-11-27T14:43:03,10,0.92,JelBrek,https://www.reddit.com/r/JelBrek/comments/1p83vly/how_2_jalbreak_iphon_17_pro_max/,https://www.reddit.com/r/JelBrek/comments/1p83vly/how_2_jalbreak_iphon_17_pro_max/
1p835nw,Buying iPhone online with a portion of cash and the remaining as installment.,LasagnaSupreme13,2025-11-27T14:11:43,1,1,Tech_Philippines,https://www.reddit.com/r/Tech_Philippines/comments/1p835nw/buying_iphone_online_with_a_portion_of_cash_and/,https://www.reddit.com/r/Tech_Philippines/comments/1p835nw/buying_iphone_online_with_a_portion_of_cash_and/
1p7x6a1,Buying iPhone 17 Pro Max,LasagnaSupreme13,2025-11-27T08:33:49,0,0.5,PHCreditCards,https://www.reddit.com/r/PHCreditCards/comments/1p7x6a1/buying_iphone_17_pro_max/,https://www.reddit.com/r/PHCreditCards/comments/1p7x6a1/buying_iphone_17_pro_max/
1p7wkdl,Iphone 17 pro display,Secret-Macaron-2319,2025-11-27T07:55:59,0,0.4,iPhone17Pro,https://www.reddit.com/r/iPhone17Pro/comments/1p7wkdl/iphone_17_pro_display/,https://www.reddit.com/r/iPhone17Pro/comments/1p7wkdl/iphone_17_pro_display/
1p7trzj,International Esim only version,Aggravating-Ant3907,2025-11-27T05:13:59,2,1,iPhoneWale,https://www.reddit.com/r/iPhoneWale/comments/1p7trzj/international_esim_only_version/,https://www.reddit.com/r/iPhoneWale/comments/1p7trzj/international_esim_only_version/
1p7n90d,"The Top Amazon Search Terms Last Week - November 17, 2025",Dependent-Cow7823,2025-11-26T23:42:17,1,1,onlineretail,https://www.reddit.com/r/onlineretail/comments/1p7n90d/the_top_amazon_search_terms_last_week_november_17/,https://www.reddit.com/r/onlineretail/comments/1p7n90d/the_top_amazon_search_terms_last_week_november_17/
1p7m2j6,"[USA-NM][H] iphone 17 pro max 1tb Silver, Apple Watch ultra 3 [W] paypal",enginerd0001,2025-11-26T22:50:23,1,0.57,hardwareswap,https://www.reddit.com/r/hardwareswap/comments/1p7m2j6/usanmh_iphone_17_pro_max_1tb_silver_apple_watch/,https://www.reddit.com/r/hardwareswap/comments/1p7m2j6/usanmh_iphone_17_pro_max_1tb_silver_apple_watch/
1p7le6y,"[USA-NM] [H] iphone 17 pro max 1tb white, Apple Watch ultra 3 black [W] paypal",enginerd0001,2025-11-26T22:22:16,1,0.56,appleswap,https://www.reddit.com/r/appleswap/comments/1p7le6y/usanm_h_iphone_17_pro_max_1tb_white_apple_watch/,https://www.reddit.com/r/appleswap/comments/1p7le6y/usanm_h_iphone_17_pro_max_1tb_white_apple_watch/
1p7l2tz,Want to upgrade with my sisters “ready to upgrade” phone,Zealousideal_Show271,2025-11-26T22:09:13,0,0.33,ATT,https://www.reddit.com/r/ATT/comments/1p7l2tz/want_to_upgrade_with_my_sisters_ready_to_upgrade/,https://www.reddit.com/r/ATT/comments/1p7l2tz/want_to_upgrade_with_my_sisters_ready_to_upgrade/
1p7kvob,GLOBE BUSINESS RENEWAL STUCK ON FULFILLMENT STATUS for IPHONE 17 pro max,Charming-Study-6626,2025-11-26T22:01:05,1,1,Tech_Philippines,https://www.reddit.com/r/Tech_Philippines/comments/1p7kvob/globe_business_renewal_stuck_on_fulfillment/,https://www.reddit.com/r/Tech_Philippines/comments/1p7kvob/globe_business_renewal_stuck_on_fulfillment/
1p7gm5y,Find X9 Pro camera - faces of people too smooth,Cute_Principle_7623,2025-11-26T19:13:27,4,0.83,Oppo,https://www.reddit.com/r/Oppo/comments/1p7gm5y/find_x9_pro_camera_faces_of_people_too_smooth/,https://www.reddit.com/r/Oppo/comments/1p7gm5y/find_x9_pro_camera_faces_of_people_too_smooth/
1p7e46c,OtterBox Symmetry Opal Prism Case REVIEW,MacSources,2025-11-26T17:39:58,2,1,MacSources,https://www.reddit.com/r/MacSources/comments/1p7e46c/otterbox_symmetry_opal_prism_case_review/,https://www.reddit.com/r/MacSources/comments/1p7e46c/otterbox_symmetry_opal_prism_case_review/
1p7bdmv,Xfinity Mobile in store trade in query regarding receipt,MiserableAd7673,2025-11-26T15:58:06,1,1,Comcast_Xfinity,https://www.reddit.com/r/Comcast_Xfinity/comments/1p7bdmv/xfinity_mobile_in_store_trade_in_query_regarding/,https://www.reddit.com/r/Comcast_Xfinity/comments/1p7bdmv/xfinity_mobile_in_store_trade_in_query_regarding/
1p77gdr,Apple flagship store,Existing-Ad3290,2025-11-26T13:15:37,1,1,Tech_Philippines,https://www.reddit.com/r/Tech_Philippines/comments/1p77gdr/apple_flagship_store/,https://www.reddit.com/r/Tech_Philippines/comments/1p77gdr/apple_flagship_store/
1p76yoj,Advice for new smartphone,Imaginary_Debt_5031,2025-11-26T12:52:31,1,1,Smartphones,https://www.reddit.com/r/Smartphones/comments/1p76yoj/advice_for_new_smartphone/,https://www.reddit.com/r/Smartphones/comments/1p76yoj/advice_for_new_smartphone/
1p76xdj,Advice for new smartphone,Imaginary_Debt_5031,2025-11-26T12:50:45,1,1,PickAnAndroidForMe,https://www.reddit.com/r/PickAnAndroidForMe/comments/1p76xdj/advice_for_new_smartphone/,https://www.reddit.com/r/PickAnAndroidForMe/comments/1p76xdj/advice_for_new_smartphone/
1p74c7b,Is AZ100 or APP3 better for my uses?,FuelForeign8280,2025-11-26T10:25:22,1,1,Earbuds,https://www.reddit.com/r/Earbuds/comments/1p74c7b/is_az100_or_app3_better_for_my_uses/,https://www.reddit.com/r/Earbuds/comments/1p74c7b/is_az100_or_app3_better_for_my_uses/
1p728iq,What should i buy -Japanese iphone 17 pro max shutter sound,Serious_Tailor_6202,2025-11-26T08:08:04,1,0.6,iPhone17Pro,https://www.reddit.com/r/iPhone17Pro/comments/1p728iq/what_should_i_buy_japanese_iphone_17_pro_max/,https://www.reddit.com/r/iPhone17Pro/comments/1p728iq/what_should_i_buy_japanese_iphone_17_pro_max/
1p6t0y8,Iphone 17 pro max best place to buy?,C0rbahydrates,2025-11-26T00:11:10,0,0.5,AskIreland,https://www.reddit.com/r/AskIreland/comments/1p6t0y8/iphone_17_pro_max_best_place_to_buy/,https://www.reddit.com/r/AskIreland/comments/1p6t0y8/iphone_17_pro_max_best_place_to_buy/
1p6sn1k,First picture after buying iphone 17 pro max,Wezza7777,2025-11-25T23:54:16,5,0.7,iPhoneography,https://www.reddit.com/r/iPhoneography/comments/1p6sn1k/first_picture_after_buying_iphone_17_pro_max/,https://www.reddit.com/gallery/1p6sn1k
1p6lckl,Want to sell 1TB 17 Pro Max,No-Mistake-30,2025-11-25T19:08:04,18,0.8,macoffer,https://www.reddit.com/r/macoffer/comments/1p6lckl/want_to_sell_1tb_17_pro_max/,https://www.reddit.com/gallery/1p6lckl
1p6jknt,1 TB iphone 17 Pro Max to sell,No-Mistake-30,2025-11-25T18:04:01,80,0.72,MumbaiMarketplace,https://www.reddit.com/r/MumbaiMarketplace/comments/1p6jknt/1_tb_iphone_17_pro_max_to_sell/,https://www.reddit.com/gallery/1p6jknt
1p6e851,Insane BJ,Parfait-Smooth,2025-11-25T14:44:41,1,1,u_Parfait-Smooth,https://www.reddit.com/r/u_Parfait-Smooth/comments/1p6e851/insane_bj/,https://i.redd.it/5ib5w5z41f3g1.jpeg
1p6cwim,Stunning,bigbolicrypto,2025-11-25T13:49:13,15,1,dbrand,https://www.reddit.com/r/dbrand/comments/1p6cwim/stunning/,https://www.reddit.com/gallery/1p6cwim
1p6bvt5,Having trouble deciding on what phone to upgrade to,FuelForeign8280,2025-11-25T13:03:06,1,1,Smartphones,https://www.reddit.com/r/Smartphones/comments/1p6bvt5/having_trouble_deciding_on_what_phone_to_upgrade/,https://www.reddit.com/r/Smartphones/comments/1p6bvt5/having_trouble_deciding_on_what_phone_to_upgrade/
1p68uo0,Do anyone know if an IPhone 17 pro max would fit in a Strathberry Mosaic Nano?,Panicmode87,2025-11-25T10:14:19,3,1,handbags,https://www.reddit.com/r/handbags/comments/1p68uo0/do_anyone_know_if_an_iphone_17_pro_max_would_fit/,https://www.reddit.com/r/handbags/comments/1p68uo0/do_anyone_know_if_an_iphone_17_pro_max_would_fit/
1p687js,Wow naka Iphone 17 na si Mayor Greg,gasul123456789,2025-11-25T09:33:08,67,0.97,Bacolod,https://www.reddit.com/r/Bacolod/comments/1p687js/wow_naka_iphone_17_na_si_mayor_greg/,https://i.redd.it/1y3kn8ujhd3g1.jpeg
1p681or,BTD 700 for iPhone and Px8S2,Aleeseeekkk,2025-11-25T09:22:24,3,0.81,BowersWilkins,https://www.reddit.com/r/BowersWilkins/comments/1p681or/btd_700_for_iphone_and_px8s2/,https://www.reddit.com/r/BowersWilkins/comments/1p681or/btd_700_for_iphone_and_px8s2/
1p6601j,Iphone 17 pro max,Putrid_Ad_5708,2025-11-25T07:09:32,0,0.17,Tech_Philippines,https://www.reddit.com/r/Tech_Philippines/comments/1p6601j/iphone_17_pro_max/,https://www.reddit.com/r/Tech_Philippines/comments/1p6601j/iphone_17_pro_max/
1p64rtz,Handbag that fits IPhone 17 pro max,Accomplished-Win4064,2025-11-25T05:55:56,1,0.57,Coach,https://www.reddit.com/r/Coach/comments/1p64rtz/handbag_that_fits_iphone_17_pro_max/,https://i.redd.it/1waykhi6153g1.jpeg
1p64qhg,Handbag that fits IPhone 17 pro max,Accomplished-Win4064,2025-11-25T05:53:47,2,0.75,purses,https://www.reddit.com/r/purses/comments/1p64qhg/handbag_that_fits_iphone_17_pro_max/,https://i.redd.it/1waykhi6153g1.jpeg
1p6118j,maging maingat sa panahong ito.,MrGreetMined2000,2025-11-25T02:41:58,306,0.97,CasualPH,https://www.reddit.com/r/CasualPH/comments/1p6118j/maging_maingat_sa_panahong_ito/,https://i.redd.it/m4a28ihsfb3g1.jpeg
1p5wl30,Is it normal to phone gets little warm when charging (Iphone 17 pro max) ?,Overall_Bank5217,2025-11-24T23:20:01,1,1,iPhone17Pro,https://www.reddit.com/r/iPhone17Pro/comments/1p5wl30/is_it_normal_to_phone_gets_little_warm_when/,https://www.reddit.com/r/iPhone17Pro/comments/1p5wl30/is_it_normal_to_phone_gets_little_warm_when/
1pocb0h,For sale: iPhone 17 pro 256gb Sealed!,Old_Indication9967,2025-12-16T20:14:24,0,0.5,classifiedsph,https://www.reddit.com/r/classifiedsph/comments/1pocb0h/for_sale_iphone_17_pro_256gb_sealed/,https://www.reddit.com/gallery/1pocb0h
1pobyhv,Crazy deal stacking?,TheeFreeman,2025-12-16T20:00:47,1,0.67,verizon,https://www.reddit.com/r/verizon/comments/1pobyhv/crazy_deal_stacking/,https://www.reddit.com/r/verizon/comments/1pobyhv/crazy_deal_stacking/
1pobke7,Apparently I'm decorating my Christmas tree with iPhone 17 Pro this year😏,Content_Baseball4157,2025-12-16T19:45:29,2,0.63,iPhone17Pro,https://www.reddit.com/r/iPhone17Pro/comments/1pobke7/apparently_im_decorating_my_christmas_tree_with/,https://i.redd.it/bia37trxdm7g1.jpeg
1poaxie,Iphone battery?!!!,caelunaris,2025-12-16T19:20:42,0,0.14,iPhone17Pro,https://www.reddit.com/r/iPhone17Pro/comments/1poaxie/iphone_battery/,https://www.reddit.com/r/iPhone17Pro/comments/1poaxie/iphone_battery/
1poahqc,viremophone.online la mia esperienza,Responsible-Peak-999,2025-12-16T19:03:53,1,1,u_Responsible-Peak-999,https://www.reddit.com/r/u_Responsible-Peak-999/comments/1poahqc/viremophoneonline_la_mia_esperienza/,https://www.reddit.com/r/u_Responsible-Peak-999/comments/1poahqc/viremophoneonline_la_mia_esperienza/
1po6i7a,L'iPhone pliant pourrait être « petit ».,romain34230,2025-12-16T16:34:19,1,1,actutech,https://www.reddit.com/r/actutech/comments/1po6i7a/liphone_pliant_pourrait_être_petit/,https://i.redd.it/2k6jjj1ufl7g1.jpeg
1po0r8q,"For Sale: iphone 17 base model, 512GB, openline, Mist Blue, Php 57k",Accomplished-Can-696,2025-12-16T12:31:02,28,0.89,classifiedsph,https://www.reddit.com/r/classifiedsph/comments/1po0r8q/for_sale_iphone_17_base_model_512gb_openline_mist/,https://www.reddit.com/gallery/1po0r8q
1pnyr7a,Globe iPhone 17 experience,Humble-Key-2352,2025-12-16T10:35:43,2,1,Tech_Philippines,https://www.reddit.com/r/Tech_Philippines/comments/1pnyr7a/globe_iphone_17_experience/,https://www.reddit.com/r/Tech_Philippines/comments/1pnyr7a/globe_iphone_17_experience/
1pnvi3m,iPhone 17 has a massive issue (need help if anyone knows how to resolve it),Squebify,2025-12-16T06:59:16,0,0.3,iphone,https://www.reddit.com/r/iphone/comments/1pnvi3m/iphone_17_has_a_massive_issue_need_help_if_anyone/,https://www.reddit.com/r/iphone/comments/1pnvi3m/iphone_17_has_a_massive_issue_need_help_if_anyone/
1pnu1hs,iphone 17 pro 256gb silver,Ok-District-8760,2025-12-16T05:32:40,0,0.22,TechPhilippines,https://www.reddit.com/r/TechPhilippines/comments/1pnu1hs/iphone_17_pro_256gb_silver/,https://www.reddit.com/gallery/1pnu1hs
1pnrtk9,Globe plan iphone 17 pro,Few-Back-1184,2025-12-16T03:36:13,1,1,Tech_Philippines,https://www.reddit.com/r/Tech_Philippines/comments/1pnrtk9/globe_plan_iphone_17_pro/,https://www.reddit.com/r/Tech_Philippines/comments/1pnrtk9/globe_plan_iphone_17_pro/
1pnl46n,Caption keeps getting deleted,Meonthedecks,2025-12-15T22:31:05,2,1,Instagram,https://www.reddit.com/r/Instagram/comments/1pnl46n/caption_keeps_getting_deleted/,https://www.reddit.com/r/Instagram/comments/1pnl46n/caption_keeps_getting_deleted/
1pnheei,Selling - iphone 17 pro 256 GB Indian,saransh_goyal00,2025-12-15T20:01:11,1,1,BUSEit,https://www.reddit.com/r/BUSEit/comments/1pnheei/selling_iphone_17_pro_256_gb_indian/,https://i.redd.it/0am60hrjmd7g1.jpeg
1pngyp6,Iphone 17 pro Setup freeze,Extra_Army_8079,2025-12-15T19:43:57,3,1,applehelp,https://www.reddit.com/r/applehelp/comments/1pngyp6/iphone_17_pro_setup_freeze/,https://www.reddit.com/r/applehelp/comments/1pngyp6/iphone_17_pro_setup_freeze/
1pnch3w,Z fold 7 & iphone 17 pro made by me,SIKE_777,2025-12-15T16:55:46,13,0.94,cardboard,https://www.reddit.com/r/cardboard/comments/1pnch3w/z_fold_7_iphone_17_pro_made_by_me/,https://www.reddit.com/gallery/1pnch3w
1pnc9du,iphone 17 pro,RomanRumun,2025-12-15T16:47:41,18,1,iPhoneography,https://www.reddit.com/r/iPhoneography/comments/1pnc9du/iphone_17_pro/,https://i.redd.it/9g6ankbbde7g1.jpeg
1pn8ghl,Selling - iphone 17 pro 256 GB Indian,iamankitkamal,2025-12-15T14:17:41,0,0.5,delhi_marketplace,https://www.reddit.com/r/delhi_marketplace/comments/1pn8ghl/selling_iphone_17_pro_256_gb_indian/,https://i.redd.it/0am60hrjmd7g1.jpeg
1pn673w,iphone 17 pro silver 256gb,Ok-District-8760,2025-12-15T12:31:13,0,0.4,Tech_Philippines,https://www.reddit.com/r/Tech_Philippines/comments/1pn673w/iphone_17_pro_silver_256gb/,https://www.reddit.com/gallery/1pn673w
1pn63vh,What do you do if you have really toxic controlling parent?,bookishrory,2025-12-15T12:26:21,5,1,jammu,https://www.reddit.com/r/jammu/comments/1pn63vh/what_do_you_do_if_you_have_really_toxic/,https://www.reddit.com/r/jammu/comments/1pn63vh/what_do_you_do_if_you_have_really_toxic/
1pn5924,Iphone 17 Pro battery issues,gabewlll,2025-12-15T11:38:40,1,1,applehelp,https://www.reddit.com/r/applehelp/comments/1pn5924/iphone_17_pro_battery_issues/,https://www.reddit.com/r/applehelp/comments/1pn5924/iphone_17_pro_battery_issues/
1pn44jh,Jaki telefon polecacie pod kątem aparatu?,red_pandka,2025-12-15T10:28:18,1,0.6,PolskaNaLuzie,https://www.reddit.com/r/PolskaNaLuzie/comments/1pn44jh/jaki_telefon_polecacie_pod_kątem_aparatu/,https://www.reddit.com/r/PolskaNaLuzie/comments/1pn44jh/jaki_telefon_polecacie_pod_kątem_aparatu/
1pn0d7v,Iphone 17 pro,Ok-District-8760,2025-12-15T06:17:17,10,0.61,Tech_Philippines,https://www.reddit.com/r/Tech_Philippines/comments/1pn0d7v/iphone_17_pro/,https://www.reddit.com/gallery/1pn0d7v
1pn01sv,IPhone 17 pro batt drains fast when listening to music,its-seji,2025-12-15T05:58:57,1,1,Tech_Philippines,https://www.reddit.com/r/Tech_Philippines/comments/1pn01sv/iphone_17_pro_batt_drains_fast_when_listening_to/,https://www.reddit.com/r/Tech_Philippines/comments/1pn01sv/iphone_17_pro_batt_drains_fast_when_listening_to/
1pmyxrw,New,Ok_Ride_3035,2025-12-15T04:55:47,0,0.33,iPhone17Pro,https://www.reddit.com/r/iPhone17Pro/comments/1pmyxrw/new/,https://www.reddit.com/r/iPhone17Pro/comments/1pmyxrw/new/
1pmroib,iPhone 17 Pro Or Pro Max,Momma199123,2025-12-14T22:59:50,0,0.5,iPhone17Pro,https://www.reddit.com/r/iPhone17Pro/comments/1pmroib/iphone_17_pro_or_pro_max/,https://www.reddit.com/r/iPhone17Pro/comments/1pmroib/iphone_17_pro_or_pro_max/
1pmptcu,Iphone 17 pro and worked on in Lightroom,Secret-Artist6264,2025-12-14T21:40:03,98,0.99,iPhoneography,https://www.reddit.com/r/iPhoneography/comments/1pmptcu/iphone_17_pro_and_worked_on_in_lightroom/,https://www.reddit.com/gallery/1pmptcu
1pmoptr,IPhone 17 Pro,Filmstill__,2025-12-14T20:54:40,27,0.92,iPhoneography,https://www.reddit.com/r/iPhoneography/comments/1pmoptr/iphone_17_pro/,https://i.redd.it/17tcnitfg87g1.jpeg
1pmcl7c,17 pro or s24 ultra?,Great-Republic6904,2025-12-14T12:08:29,8,0.79,Smartphones,https://www.reddit.com/r/Smartphones/comments/1pmcl7c/17_pro_or_s24_ultra/,https://www.reddit.com/r/Smartphones/comments/1pmcl7c/17_pro_or_s24_ultra/
1pm8xgs,IPhone 17 Pro 256 GB for sale I,Outrageous-Lime-1985,2025-12-14T08:11:56,0,0.47,BangaloreMarketplace,https://www.reddit.com/r/BangaloreMarketplace/comments/1pm8xgs/iphone_17_pro_256_gb_for_sale_i/,https://www.reddit.com/gallery/1pm8xgs
1pm86pd,Chill Haul shipped to Sweden,benjiireps06,2025-12-14T07:24:10,3,1,fashionreps2,https://www.reddit.com/r/fashionreps2/comments/1pm86pd/chill_haul_shipped_to_sweden/,https://www.reddit.com/gallery/1pm86pd
1pm5xe6,Has anyone won a prize on the Holiday Fancash Spins?,Commercial-Till-5389,2025-12-14T05:09:15,2,1,FanaticsONE,https://www.reddit.com/r/FanaticsONE/comments/1pm5xe6/has_anyone_won_a_prize_on_the_holiday_fancash/,https://i.redd.it/vr716vnsr37g1.jpeg
1pm4963,Cellular Data Switching on Iphone 17 pro,AdHopeful593,2025-12-14T03:38:42,1,1,TechPhilippines,https://www.reddit.com/r/TechPhilippines/comments/1pm4963/cellular_data_switching_on_iphone_17_pro/,https://v.redd.it/o614oufobh4g1
1pm48tz,Cellular Data Switching on Iphone 17 pro,AdHopeful593,2025-12-14T03:38:12,2,1,ApplePH,https://www.reddit.com/r/ApplePH/comments/1pm48tz/cellular_data_switching_on_iphone_17_pro/,https://v.redd.it/o614oufobh4g1
1pm09gv,iPhone 17 Pro Max Snatched in Street Robbery Near 5 Avenue and East 60 Street,NYCNewsNetwork,2025-12-14T00:18:52,1,1,NYCNewsToday,https://www.reddit.com/r/NYCNewsToday/comments/1pm09gv/iphone_17_pro_max_snatched_in_street_robbery_near/,https://www.reddit.com/r/NYCNewsToday/comments/1pm09gv/iphone_17_pro_max_snatched_in_street_robbery_near/
1plwy78,Loud buzzing/beeping noise when carplay starts up,Forsaken-Garlic817,2025-12-13T21:46:58,1,1,MitsubishiOutlander,https://www.reddit.com/r/MitsubishiOutlander/comments/1plwy78/loud_buzzingbeeping_noise_when_carplay_starts_up/,https://www.reddit.com/r/MitsubishiOutlander/comments/1plwy78/loud_buzzingbeeping_noise_when_carplay_starts_up/
1pltbu5,phone case,sqamii,2025-12-13T19:09:43,1,0.67,iphone17,https://www.reddit.com/r/iphone17/comments/1pltbu5/phone_case/,https://www.reddit.com/r/iphone17/comments/1pltbu5/phone_case/
1plp8y7,Tata neu 10% cashback on Apple Products.,r3xhar,2025-12-13T16:21:05,1,0.67,iPhoneWale,https://www.reddit.com/r/iPhoneWale/comments/1plp8y7/tata_neu_10_cashback_on_apple_products/,https://www.reddit.com/r/iPhoneWale/comments/1plp8y7/tata_neu_10_cashback_on_apple_products/
1plp138,Tata neu 10% cashback on Apple Products.,r3xhar,2025-12-13T16:12:08,1,1,CreditCardsIndia,https://www.reddit.com/r/CreditCardsIndia/comments/1plp138/tata_neu_10_cashback_on_apple_products/,https://www.reddit.com/r/CreditCardsIndia/comments/1plp138/tata_neu_10_cashback_on_apple_products/
1plmy9i,Where to get imported esim iphone 17 pro 256?,NiceChokra,2025-12-13T14:42:40,1,1,iPhoneWale,https://www.reddit.com/r/iPhoneWale/comments/1plmy9i/where_to_get_imported_esim_iphone_17_pro_256/,https://www.reddit.com/r/iPhoneWale/comments/1plmy9i/where_to_get_imported_esim_iphone_17_pro_256/
1plg4t6,Iphone 17 pro photos app scroll problem,OkGrand6462,2025-12-13T08:00:13,0,0.5,iPhone16Pro,https://www.reddit.com/r/iPhone16Pro/comments/1plg4t6/iphone_17_pro_photos_app_scroll_problem/,https://v.redd.it/0u3ycrqdhx6g1
1plfa3w,Kasol,Commercial-Dust-7805,2025-12-13T07:05:24,287,1,HimachalPradesh,https://www.reddit.com/r/HimachalPradesh/comments/1plfa3w/kasol/,https://i.redd.it/5chyml8l7x6g1.jpeg
1pleny1,WhatsApp Reinvents Voicemail as It Adds AI Image Tools,dutchieetv,2025-12-13T06:27:30,1,1,dutchieetv,https://www.reddit.com/r/dutchieetv/comments/1pleny1/whatsapp_reinvents_voicemail_as_it_adds_ai_image/,https://www.reddit.com/r/dutchieetv/comments/1pleny1/whatsapp_reinvents_voicemail_as_it_adds_ai_image/
1ple85n,Help me in my decision in choosing the next phone,Spintroxy,2025-12-13T06:01:18,3,0.8,Smartphones,https://www.reddit.com/r/Smartphones/comments/1ple85n/help_me_in_my_decision_in_choosing_the_next_phone/,https://www.reddit.com/r/Smartphones/comments/1ple85n/help_me_in_my_decision_in_choosing_the_next_phone/
1pldz34,Need an opinion - iphone 17 pro vs honor magic 8 pro vs oppo find x9 pro vs pixel 10 pro,Available-Bite5426,2025-12-13T05:46:15,3,0.81,Smartphones,https://www.reddit.com/r/Smartphones/comments/1pldz34/need_an_opinion_iphone_17_pro_vs_honor_magic_8/,https://www.reddit.com/r/Smartphones/comments/1pldz34/need_an_opinion_iphone_17_pro_vs_honor_magic_8/
1plauaa,Raids and max battles are lagging!,Randomfellaonline,2025-12-13T02:57:32,0,0.47,TheSilphRoad,https://www.reddit.com/r/TheSilphRoad/comments/1plauaa/raids_and_max_battles_are_lagging/,https://www.reddit.com/r/TheSilphRoad/comments/1plauaa/raids_and_max_battles_are_lagging/
1pl9y2k,Screen protector,SnarkyBean_07,2025-12-13T02:12:27,0,0.33,Tech_Philippines,https://www.reddit.com/r/Tech_Philippines/comments/1pl9y2k/screen_protector/,https://www.reddit.com/r/Tech_Philippines/comments/1pl9y2k/screen_protector/
1pl1nbn,Iphone 17 pro foto scure con ottica nativa 2x (48mm),Muted_Image1486,2025-12-12T20:02:41,1,0.6,MoodCamera,https://www.reddit.com/r/MoodCamera/comments/1pl1nbn/iphone_17_pro_foto_scure_con_ottica_nativa_2x_48mm/,https://www.reddit.com/r/MoodCamera/comments/1pl1nbn/iphone_17_pro_foto_scure_con_ottica_nativa_2x_48mm/
1pl126o,Iphone 17 pro foto scure con ottica nativa 2x (48mm) e mod Auto,Muted_Image1486,2025-12-12T19:38:44,2,1,MOMENT,https://www.reddit.com/r/MOMENT/comments/1pl126o/iphone_17_pro_foto_scure_con_ottica_nativa_2x/,https://www.reddit.com/r/MOMENT/comments/1pl126o/iphone_17_pro_foto_scure_con_ottica_nativa_2x/
1pkymtl,iphone 17 pro crashes,rekcahtnitsud,2025-12-12T18:01:42,1,1,MeloNX_Emu,https://www.reddit.com/r/MeloNX_Emu/comments/1pkymtl/iphone_17_pro_crashes/,https://www.reddit.com/r/MeloNX_Emu/comments/1pkymtl/iphone_17_pro_crashes/
1pkwwtc,IPhone 17 pro getting super hot,Flat_Arm_1688,2025-12-12T16:55:10,0,0.4,iPhone17Pro,https://www.reddit.com/r/iPhone17Pro/comments/1pkwwtc/iphone_17_pro_getting_super_hot/,https://www.reddit.com/gallery/1pkwwtc
1pkv4ol,Issue entering TrueBlue number in Mosaic Chat,BULKHOGAN69,2025-12-12T15:44:44,2,1,jetblue,https://www.reddit.com/r/jetblue/comments/1pkv4ol/issue_entering_trueblue_number_in_mosaic_chat/,https://www.reddit.com/r/jetblue/comments/1pkv4ol/issue_entering_trueblue_number_in_mosaic_chat/
1pkseb9,is there anything i can do?,Affectionate-Bad5607,2025-12-12T13:52:11,0,0.33,iPhone17Pro,https://www.reddit.com/r/iPhone17Pro/comments/1pkseb9/is_there_anything_i_can_do/,https://www.reddit.com/r/iPhone17Pro/comments/1pkseb9/is_there_anything_i_can_do/
1pkrrfw,"Hey guys, just got my first eSIM on my Iphone 17 Pro, but i have no idea how it works....",Flimsy_Transition967,2025-12-12T13:23:06,2,1,phones,https://www.reddit.com/r/phones/comments/1pkrrfw/hey_guys_just_got_my_first_esim_on_my_iphone_17/,https://www.reddit.com/r/phones/comments/1pkrrfw/hey_guys_just_got_my_first_esim_on_my_iphone_17/
1pkqldd,Financially Irresponsible Guy part 2,mawichazzzey,2025-12-12T12:24:50,6,0.88,RantAndVentPH,https://www.reddit.com/r/RantAndVentPH/comments/1pkqldd/financially_irresponsible_guy_part_2/,https://www.reddit.com/r/RantAndVentPH/comments/1pkqldd/financially_irresponsible_guy_part_2/
1pkqd93,torn between iphone 17 pro and 17 pro max,DependentBand7344,2025-12-12T12:12:17,1,0.67,Tech_Philippines,https://www.reddit.com/r/Tech_Philippines/comments/1pkqd93/torn_between_iphone_17_pro_and_17_pro_max/,https://www.reddit.com/r/Tech_Philippines/comments/1pkqd93/torn_between_iphone_17_pro_and_17_pro_max/
1pkld78,Iphone 17 Pro. Low volume and keyboard clicks/vibrate,Violetx9,2025-12-12T06:52:19,5,1,Tech_Philippines,https://www.reddit.com/r/Tech_Philippines/comments/1pkld78/iphone_17_pro_low_volume_and_keyboard/,https://www.reddit.com/r/Tech_Philippines/comments/1pkld78/iphone_17_pro_low_volume_and_keyboard/
1pkky2c,iphone 17 pro,Commercial-Dust-7805,2025-12-12T06:27:04,1807,1,iPhoneography,https://www.reddit.com/r/iPhoneography/comments/1pkky2c/iphone_17_pro/,https://www.reddit.com/gallery/1pkky2c
1pkkp1z,Yamuna ghat through my iphone 17 pro,Commercial-Dust-7805,2025-12-12T06:12:31,581,0.98,delhi,https://www.reddit.com/r/delhi/comments/1pkkp1z/yamuna_ghat_through_my_iphone_17_pro/,https://www.reddit.com/gallery/1pkkp1z
1pkdzzj,Transfer history chat between Iphones fails,Loud-Bad-9891,2025-12-12T00:41:49,1,1,whatsapp,https://www.reddit.com/r/whatsapp/comments/1pkdzzj/transfer_history_chat_between_iphones_fails/,https://www.reddit.com/r/whatsapp/comments/1pkdzzj/transfer_history_chat_between_iphones_fails/
1pkc6fv,iphone 17 Pro. do you truthfully like it? i’m not getting it. give me reasons to ❤️ it because i’m stuck with it 🤯 and i don’t like it,qqmeowqq,2025-12-11T23:18:49,0,0.22,iphone17,https://www.reddit.com/r/iphone17/comments/1pkc6fv/iphone_17_pro_do_you_truthfully_like_it_im_not/,https://www.reddit.com/r/iphone17/comments/1pkc6fv/iphone_17_pro_do_you_truthfully_like_it_im_not/
1pkbwc0,"[USA-MD][H] iphone 17 pro 512gb blue [W] paypal, local cash",waters_wrld,2025-12-11T23:06:42,1,0.67,hardwareswap,https://www.reddit.com/r/hardwareswap/comments/1pkbwc0/usamdh_iphone_17_pro_512gb_blue_w_paypal_local/,https://www.reddit.com/r/hardwareswap/comments/1pkbwc0/usamdh_iphone_17_pro_512gb_blue_w_paypal_local/
1pkazkm,Проблем с IPhone 17 pro,alexich08,2025-12-11T22:27:11,0,0.25,bulgaria,https://www.reddit.com/r/bulgaria/comments/1pkazkm/проблем_с_iphone_17_pro/,https://www.reddit.com/r/bulgaria/comments/1pkazkm/проблем_с_iphone_17_pro/
1pk6e4t,"120 fps issues (iphone 17 pro, jp server)",Infamous-Brush9702,2025-12-11T19:22:44,1,1,ProjectSekai,https://www.reddit.com/r/ProjectSekai/comments/1pk6e4t/120_fps_issues_iphone_17_pro_jp_server/,https://www.reddit.com/r/ProjectSekai/comments/1pk6e4t/120_fps_issues_iphone_17_pro_jp_server/
1pk1051,Iphone 17 pro available us variant,autismontheplanet,2025-12-11T15:55:50,1,1,delhimarketplace,https://www.reddit.com/r/delhimarketplace/comments/1pk1051/iphone_17_pro_available_us_variant/,https://i.redd.it/htwdrkvekl6g1.jpeg
1pk0zyi,Iphone 17 pro available us variant,autismontheplanet,2025-12-11T15:55:40,1,1,delhimarketplace,https://www.reddit.com/r/delhimarketplace/comments/1pk0zyi/iphone_17_pro_available_us_variant/,https://i.redd.it/qcqbwxsdkl6g1.jpeg
1pk0eyv,Natural Bokeh is most pleasing aspect of Vivo X200 pro cameras,Late-Purpose396,2025-12-11T15:32:19,2,1,Vivo,https://www.reddit.com/r/Vivo/comments/1pk0eyv/natural_bokeh_is_most_pleasing_aspect_of_vivo/,https://v.redd.it/c8ar93e7gl6g1
1pjsk1f,Iphone 17 pro January price,Civil_Air8898,2025-12-11T08:33:46,3,0.71,Tech_Philippines,https://www.reddit.com/r/Tech_Philippines/comments/1pjsk1f/iphone_17_pro_january_price/,https://www.reddit.com/r/Tech_Philippines/comments/1pjsk1f/iphone_17_pro_january_price/
1pjoidb,Unused Otterbox defender iPhone 17 pro case,xneedaname69x,2025-12-11T04:31:21,3,0.81,HyderabadBuySell,https://www.reddit.com/r/HyderabadBuySell/comments/1pjoidb/unused_otterbox_defender_iphone_17_pro_case/,https://www.reddit.com/gallery/1pjoidb
1pjnj6a,Family Freedom Through Apple,strain15,2025-12-11T03:41:44,3,0.8,tmobile,https://www.reddit.com/r/tmobile/comments/1pjnj6a/family_freedom_through_apple/,https://www.reddit.com/r/tmobile/comments/1pjnj6a/family_freedom_through_apple/
1pjn1z7,Should I buy the iPhone 17 Pro or wait for 18 Pro?,Loud_Confidence475,2025-12-11T03:17:36,2,1,Advice,https://www.reddit.com/r/Advice/comments/1pjn1z7/should_i_buy_the_iphone_17_pro_or_wait_for_18_pro/,https://www.reddit.com/r/Advice/comments/1pjn1z7/should_i_buy_the_iphone_17_pro_or_wait_for_18_pro/
1pjltgl,Phone recommendations! In dire need of an upgrade,OrbitingOcelot,2025-12-11T02:18:50,3,0.8,Smartphones,https://www.reddit.com/r/Smartphones/comments/1pjltgl/phone_recommendations_in_dire_need_of_an_upgrade/,https://www.reddit.com/r/Smartphones/comments/1pjltgl/phone_recommendations_in_dire_need_of_an_upgrade/
1pjlfb6,Photo on my morning walk and my iphone 17 pro,Secret-Artist6264,2025-12-11T02:00:35,34,0.93,iPhoneography,https://www.reddit.com/r/iPhoneography/comments/1pjlfb6/photo_on_my_morning_walk_and_my_iphone_17_pro/,https://www.reddit.com/gallery/1pjlfb6
1pjh4v6,Actualización disputa compro iphone y me llega juego dragon ball y luces de navidad,daviid__328,2025-12-10T22:49:07,52,0.93,Wallapop,https://www.reddit.com/r/Wallapop/comments/1pjh4v6/actualización_disputa_compro_iphone_y_me_llega/,https://www.reddit.com/gallery/1pjh4v6
1pjgm7a,Apple removed a Night mode photo feature from the iPhone 17 Pro: What Users Need To Know,dutchieetv,2025-12-10T22:27:49,1,1,dutchieetv,https://www.reddit.com/r/dutchieetv/comments/1pjgm7a/apple_removed_a_night_mode_photo_feature_from_the/,https://www.reddit.com/r/dutchieetv/comments/1pjgm7a/apple_removed_a_night_mode_photo_feature_from_the/
1pjeso8,Does this look authentic?,Previous_Resolve9489,2025-12-10T21:15:43,0,0.29,iPhone17Pro,https://www.reddit.com/r/iPhone17Pro/comments/1pjeso8/does_this_look_authentic/,https://i.redd.it/6saau2160g6g1.png
1pjadxc,AirPods connection error,AdFancy552,2025-12-10T18:29:45,3,1,applehelp,https://www.reddit.com/r/applehelp/comments/1pjadxc/airpods_connection_error/,https://www.reddit.com/r/applehelp/comments/1pjadxc/airpods_connection_error/
1pj9uem,Arenal Volcano IPhone 17 Pro+LR,mad_marry,2025-12-10T18:10:26,2,0.75,mobilephotography,https://www.reddit.com/r/mobilephotography/comments/1pj9uem/arenal_volcano_iphone_17_prolr/,https://i.redd.it/c79yqvni3f6g1.jpeg
1pj7i4h,3ds Emulation JIT,CharacterDesign6137,2025-12-10T16:46:18,2,0.75,EmulationOniOS,https://www.reddit.com/r/EmulationOniOS/comments/1pj7i4h/3ds_emulation_jit/,https://www.reddit.com/r/EmulationOniOS/comments/1pj7i4h/3ds_emulation_jit/
1pj2wwd,iphone 17 pro vs 5 lac ruppess,program_ded,2025-12-10T13:44:10,5,0.78,karachi,https://www.reddit.com/r/karachi/comments/1pj2wwd/iphone_17_pro_vs_5_lac_ruppess/,https://www.reddit.com/r/karachi/comments/1pj2wwd/iphone_17_pro_vs_5_lac_ruppess/
1pj0903,Vivo x300 vs oppo find x9 (base) camera,Ordinary_Phase6214,2025-12-10T11:28:34,1,1,PickAnAndroidForMe,https://www.reddit.com/r/PickAnAndroidForMe/comments/1pj0903/vivo_x300_vs_oppo_find_x9_base_camera/,https://www.reddit.com/r/PickAnAndroidForMe/comments/1pj0903/vivo_x300_vs_oppo_find_x9_base_camera/
1piwzwc,"iPhone 17 Pro vs iPhone 16 Pro (2025 Comparison): Real Upgrades, Specs, Camera, Battery & Performance",comparemetechie18,2025-12-10T07:59:02,1,1,u_comparemetechie18,https://www.reddit.com/r/u_comparemetechie18/comments/1piwzwc/iphone_17_pro_vs_iphone_16_pro_2025_comparison/,https://i.redd.it/i1o1d0r92c6g1.png
1piw2sv,Anyone going to dubai ? And could bring iphone for me,Bizzarro007,2025-12-10T07:00:48,0,0.5,iPhoneWale,https://www.reddit.com/r/iPhoneWale/comments/1piw2sv/anyone_going_to_dubai_and_could_bring_iphone_for/,https://www.reddit.com/r/iPhoneWale/comments/1piw2sv/anyone_going_to_dubai_and_could_bring_iphone_for/
1piuxx7,Selling this pen for Rs. 2,brad_pitt666,2025-12-10T05:55:15,926,0.96,delhimarketplace,https://www.reddit.com/r/delhimarketplace/comments/1piuxx7/selling_this_pen_for_rs_2/,https://i.redd.it/0tm2v7fcgb6g1.png
1pityvj,lock screen help,PriestMarma,2025-12-10T05:01:24,1,0.6,iphone,https://www.reddit.com/r/iphone/comments/1pityvj/lock_screen_help/,https://www.reddit.com/r/iphone/comments/1pityvj/lock_screen_help/
1pirp1q,Rick Basics + Phone Accessories Haul QC,babyfacebagginss,2025-12-10T03:06:45,17,1,weidianwarriors,https://www.reddit.com/r/weidianwarriors/comments/1pirp1q/rick_basics_phone_accessories_haul_qc/,https://www.reddit.com/gallery/1pirp1q
1pirm74,Rick Basics + Phone Accessories Haul QC Fansbuy,babyfacebagginss,2025-12-10T03:02:58,2,1,fashionreps2,https://www.reddit.com/r/fashionreps2/comments/1pirm74/rick_basics_phone_accessories_haul_qc_fansbuy/,https://www.reddit.com/gallery/1pirm74
1pirjkp,PCGS NFC not reading,the4aces2,2025-12-10T02:59:42,2,1,coins,https://www.reddit.com/r/coins/comments/1pirjkp/pcgs_nfc_not_reading/,https://www.reddit.com/r/coins/comments/1pirjkp/pcgs_nfc_not_reading/
1pio9r4,Iphone 17 Pro Silver Smart Postpaid,cureusehcwerker,2025-12-10T00:31:26,1,1,Tech_Philippines,https://www.reddit.com/r/Tech_Philippines/comments/1pio9r4/iphone_17_pro_silver_smart_postpaid/,https://www.reddit.com/r/Tech_Philippines/comments/1pio9r4/iphone_17_pro_silver_smart_postpaid/
1pinf1k,Is this battery drain normal??,Alarming_Finance1223,2025-12-09T23:54:33,0,0.5,iPhone17Pro,https://www.reddit.com/r/iPhone17Pro/comments/1pinf1k/is_this_battery_drain_normal/,https://i.redd.it/odqux5dwn96g1.jpeg
1pimwka,Battery draining too fast in iphone 17 pro,Medical_You_9160,2025-12-09T23:32:04,6,0.8,iPhone17Pro,https://www.reddit.com/r/iPhone17Pro/comments/1pimwka/battery_draining_too_fast_in_iphone_17_pro/,https://i.redd.it/5agv0unvj96g1.png
1pii51o,Continuous shooting on other phones,Excellent-Mango8869,2025-12-09T20:22:28,0,0.5,phones,https://www.reddit.com/r/phones/comments/1pii51o/continuous_shooting_on_other_phones/,https://www.reddit.com/r/phones/comments/1pii51o/continuous_shooting_on_other_phones/
1pibsrb,"[USA-MD][H] iphone 17 pro 512gb deep blue [W] local cash, paypal",waters_wrld,2025-12-09T16:24:59,0,0.5,hardwareswap,https://www.reddit.com/r/hardwareswap/comments/1pibsrb/usamdh_iphone_17_pro_512gb_deep_blue_w_local_cash/,https://www.reddit.com/r/hardwareswap/comments/1pibsrb/usamdh_iphone_17_pro_512gb_deep_blue_w_local_cash/
1pi94j9,Iphone 17 Pro Battery,RelationshipTop9560,2025-12-09T14:41:50,0,0.5,iPhone17Pro,https://www.reddit.com/r/iPhone17Pro/comments/1pi94j9/iphone_17_pro_battery/,https://i.redd.it/8cege91ex66g1.jpeg
1pi660k,Does anyone know where I can get this background image?,ClassicLord,2025-12-09T12:28:32,3,1,WallpaperRequests,https://www.reddit.com/r/WallpaperRequests/comments/1pi660k/does_anyone_know_where_i_can_get_this_background/,https://i.redd.it/kvhn2exl966g1.jpeg
1phz5oi,Original Case für IPhone 17 Pro Blasenbildung,BobbyBlitz666,2025-12-09T05:16:00,1,0.6,iPhone17Pro,https://www.reddit.com/r/iPhone17Pro/comments/1phz5oi/original_case_für_iphone_17_pro_blasenbildung/,https://www.reddit.com/gallery/1phz5oi
1phunrr,Cute phone case recs,bagel1923,2025-12-09T01:30:37,0,0.5,DCBitches,https://www.reddit.com/r/DCBitches/comments/1phunrr/cute_phone_case_recs/,https://www.reddit.com/r/DCBitches/comments/1phunrr/cute_phone_case_recs/
1phsz3y,Tried moving from AT&T but Verizon said no,cltsig,2025-12-09T00:15:08,1,0.51,verizon,https://www.reddit.com/r/verizon/comments/1phsz3y/tried_moving_from_att_but_verizon_said_no/,https://www.reddit.com/r/verizon/comments/1phsz3y/tried_moving_from_att_but_verizon_said_no/
1phrzdk,Data transfer IPhone 14 Pro to IPhone 17 Pro,lurtz01,2025-12-08T23:32:08,0,0.5,iphone,https://www.reddit.com/r/iphone/comments/1phrzdk/data_transfer_iphone_14_pro_to_iphone_17_pro/,https://www.reddit.com/r/iphone/comments/1phrzdk/data_transfer_iphone_14_pro_to_iphone_17_pro/
1phqwlj,iphone 17 pro camera bump and screen bump protective cases ?,Equivalent_Meaning46,2025-12-08T22:46:43,1,1,iPhone17Pro,https://www.reddit.com/r/iPhone17Pro/comments/1phqwlj/iphone_17_pro_camera_bump_and_screen_bump/,https://www.reddit.com/r/iPhone17Pro/comments/1phqwlj/iphone_17_pro_camera_bump_and_screen_bump/
1phk0u4,iPhone 17 Pro 256gb Indian Unit,AshuOnRed,2025-12-08T18:25:20,0,0.4,BangaloreMarketplace,https://www.reddit.com/r/BangaloreMarketplace/comments/1phk0u4/iphone_17_pro_256gb_indian_unit/,https://www.reddit.com/gallery/1phk0u4
1phg40v,YMW CFS Swamp IPhone 17 Pro,Gr8_Whyt_G4m3r,2025-12-08T15:59:40,18,0.95,patinaproud,https://www.reddit.com/r/patinaproud/comments/1phg40v/ymw_cfs_swamp_iphone_17_pro/,https://i.imgur.com/yihr8j5.jpeg
1ph6i8j,Best charger for Iphone 17 pro?,KeyOk777,2025-12-08T07:38:29,8,0.75,iPhone17Pro,https://www.reddit.com/r/iPhone17Pro/comments/1ph6i8j/best_charger_for_iphone_17_pro/,https://www.reddit.com/r/iPhone17Pro/comments/1ph6i8j/best_charger_for_iphone_17_pro/
1ph2njb,Selling My IPhone 17 Pro 256 Gb,Bright-Village-3481,2025-12-08T04:00:55,241,0.95,delhimarketplace,https://www.reddit.com/r/delhimarketplace/comments/1ph2njb/selling_my_iphone_17_pro_256_gb/,https://www.reddit.com/gallery/1ph2njb
1pgxi0y,After upgrading to IPhone 17 pro I keep getting errors that AI is not supported in my region. Am I alone?,Tasty_Action5073,2025-12-07T23:52:26,2,1,RaybanMeta,https://www.reddit.com/r/RaybanMeta/comments/1pgxi0y/after_upgrading_to_iphone_17_pro_i_keep_getting/,https://www.reddit.com/r/RaybanMeta/comments/1pgxi0y/after_upgrading_to_iphone_17_pro_i_keep_getting/
1pgu4oi,Iphone 17 pro or s25 ultra,Laurentiu2009,2025-12-07T21:27:41,1,1,iPhone17Pro,https://www.reddit.com/r/iPhone17Pro/comments/1pgu4oi/iphone_17_pro_or_s25_ultra/,/r/phones/comments/1pgtysg/iphone_17_pro_or_s25_ultra/
1pgtysg,Iphone 17 pro or s25 ultra,Laurentiu2009,2025-12-07T21:21:04,1,0.6,phones,https://www.reddit.com/r/phones/comments/1pgtysg/iphone_17_pro_or_s25_ultra/,https://www.reddit.com/r/phones/comments/1pgtysg/iphone_17_pro_or_s25_ultra/
1pgrphr,Anyone Know How To Clean Top IPhone 17 Pro Speaker?,SpeakNoEvil-999,2025-12-07T19:49:21,1,1,iPhone17Pro,https://www.reddit.com/r/iPhone17Pro/comments/1pgrphr/anyone_know_how_to_clean_top_iphone_17_pro_speaker/,https://www.reddit.com/r/iPhone17Pro/comments/1pgrphr/anyone_know_how_to_clean_top_iphone_17_pro_speaker/
1pgqpqy,Some pictures made during last trip (Iphone 17 Pro),Eroliat,2025-12-07T19:11:29,34,0.96,nofusion,https://www.reddit.com/r/nofusion/comments/1pgqpqy/some_pictures_made_during_last_trip_iphone_17_pro/,https://www.reddit.com/gallery/1pgqpqy
1pgq3l1,Which one?,Latter_Poetry7031,2025-12-07T18:50:43,26,0.96,handbags,https://www.reddit.com/r/handbags/comments/1pgq3l1/which_one/,https://www.reddit.com/gallery/1pgq3l1
1pgp2mo,How do i fix this bad of lense flare,Marcell-,2025-12-07T18:09:27,2,0.56,iphone,https://www.reddit.com/r/iphone/comments/1pgp2mo/how_do_i_fix_this_bad_of_lense_flare/,https://i.redd.it/oyf3ofylot5g1.jpeg
1pgmop1,Mac Power Users 826: 2025 State of the Platforms (Part 2),RelayFm_podcasts,2025-12-07T16:34:34,1,1,RelayFM_masterRSS,https://www.reddit.com/r/RelayFM_masterRSS/comments/1pgmop1/mac_power_users_826_2025_state_of_the_platforms/,https://www.reddit.com/r/RelayFM_masterRSS/comments/1pgmop1/mac_power_users_826_2025_state_of_the_platforms/
1pglep9,Q3 Best Selling Phones Are Out and Samsung and Apple Wrote the List Again,dutchieetv,2025-12-07T15:42:44,1,1,dutchieetv,https://www.reddit.com/r/dutchieetv/comments/1pglep9/q3_best_selling_phones_are_out_and_samsung_and/,https://www.reddit.com/r/dutchieetv/comments/1pglep9/q3_best_selling_phones_are_out_and_samsung_and/
1pgjesf,WTB Iphone 17 pro / promax | Xiaomi 17 pro max | Samsung S25 Ultra | Vivo x300 | 15jt-20jt,Ringo_961,2025-12-07T14:18:04,3,1,jualbeliindonesia,https://www.reddit.com/r/jualbeliindonesia/comments/1pgjesf/wtb_iphone_17_pro_promax_xiaomi_17_pro_max/,https://www.reddit.com/r/jualbeliindonesia/comments/1pgjesf/wtb_iphone_17_pro_promax_xiaomi_17_pro_max/
1pgi451,"[USA-MD][H] iphone 17 pro deep blue 512gb [W] local cash, paypal",waters_wrld,2025-12-07T13:15:45,1,1,hardwareswap,https://www.reddit.com/r/hardwareswap/comments/1pgi451/usamdh_iphone_17_pro_deep_blue_512gb_w_local_cash/,https://www.reddit.com/r/hardwareswap/comments/1pgi451/usamdh_iphone_17_pro_deep_blue_512gb_w_local_cash/
1pgd7e4,What are the best accessories for iphone 17 pro?,DegreeTraditional777,2025-12-07T08:17:01,0,0.5,Tech_Philippines,https://www.reddit.com/r/Tech_Philippines/comments/1pgd7e4/what_are_the_best_accessories_for_iphone_17_pro/,https://www.reddit.com/r/Tech_Philippines/comments/1pgd7e4/what_are_the_best_accessories_for_iphone_17_pro/
1pgctdz,SDXL 8bit generating noise on iphone,Power_spy,2025-12-07T07:52:13,4,1,drawthingsapp,https://www.reddit.com/r/drawthingsapp/comments/1pgctdz/sdxl_8bit_generating_noise_on_iphone/,https://www.reddit.com/gallery/1pgctdz
1pgav8l,iphone 17 pro case,SavoryFire194,2025-12-07T05:54:07,4,1,iPhone17Pro,https://www.reddit.com/r/iPhone17Pro/comments/1pgav8l/iphone_17_pro_case/,https://www.reddit.com/r/iPhone17Pro/comments/1pgav8l/iphone_17_pro_case/
1pg2lye,BENJIIREPS LATEST OOPBUY HAUL,benjiireps06,2025-12-06T23:00:07,1,1,benjiireps,https://www.reddit.com/r/benjiireps/comments/1pg2lye/benjiireps_latest_oopbuy_haul/,https://www.reddit.com/gallery/1pg2lye
1pfzx0u,new phone won’t download apps,manically-depressed,2025-12-06T21:01:53,2,1,PhoneNow,https://www.reddit.com/r/PhoneNow/comments/1pfzx0u/new_phone_wont_download_apps/,https://www.reddit.com/r/PhoneNow/comments/1pfzx0u/new_phone_wont_download_apps/
1pfxph6,Iphone 17 pro Specifically,wellyalex75,2025-12-06T19:27:45,2,1,iPhone17Pro,https://www.reddit.com/r/iPhone17Pro/comments/1pfxph6/iphone_17_pro_specifically/,https://www.reddit.com/r/iPhone17Pro/comments/1pfxph6/iphone_17_pro_specifically/
1pfwy9p,"Iphone 17 pro, camera button chipped",Jaded-Second4371,2025-12-06T18:57:00,78,0.68,iphone,https://www.reddit.com/r/iphone/comments/1pfwy9p/iphone_17_pro_camera_button_chipped/,https://i.redd.it/7riq99j6sm5g1.jpeg
1pftred,Should i upgrade?,Intruder69420,2025-12-06T16:46:54,0,0.5,Smartphones,https://www.reddit.com/r/Smartphones/comments/1pftred/should_i_upgrade/,https://www.reddit.com/r/Smartphones/comments/1pftred/should_i_upgrade/
1pfnrak,DJI Osmo 5pro vs modern iphone or pixel video quality?,Wide_Pomegranate_439,2025-12-06T12:05:24,3,0.72,scubadiving,https://www.reddit.com/r/scubadiving/comments/1pfnrak/dji_osmo_5pro_vs_modern_iphone_or_pixel_video/,https://www.reddit.com/r/scubadiving/comments/1pfnrak/dji_osmo_5pro_vs_modern_iphone_or_pixel_video/
1pfluax,HAUL 3.5 KG (special),PinSelect9811,2025-12-06T10:06:35,10,0.92,FashionReps,https://www.reddit.com/r/FashionReps/comments/1pfluax/haul_35_kg_special/,https://www.reddit.com/gallery/1pfluax
1pfhcri,Charger for Iphone 17 pro,kyahaalhaii,2025-12-06T05:27:01,2,1,iPhoneWale,https://www.reddit.com/r/iPhoneWale/comments/1pfhcri/charger_for_iphone_17_pro/,https://www.reddit.com/r/iPhoneWale/comments/1pfhcri/charger_for_iphone_17_pro/
1pfcrlh,Achei um membro evangelizando no insta,_aposentado,2025-12-06T01:30:39,262,0.98,farialimabets,https://www.reddit.com/r/farialimabets/comments/1pfcrlh/achei_um_membro_evangelizando_no_insta/,https://i.redd.it/4wddf70ilh5g1.jpeg
1pfc6jy,BENJIIREPS HAUL (OOPBUY),benjiireps06,2025-12-06T01:02:22,12,0.93,fashionreps2,https://www.reddit.com/r/fashionreps2/comments/1pfc6jy/benjiireps_haul_oopbuy/,https://www.reddit.com/gallery/1pfc6jy
1pfbnuv,BENJIIREPS OOPBUY HAUL,benjiireps06,2025-12-06T00:38:22,0,0.5,SwedishReps,https://www.reddit.com/r/SwedishReps/comments/1pfbnuv/benjiireps_oopbuy_haul/,https://www.reddit.com/gallery/1pfbnuv
1podbn4,Iphone 17 vs oppo x9 pro ( iphone pictures come first ),slackerDentist,2025-12-16T20:55:23,3,1,Oppo,https://www.reddit.com/r/Oppo/comments/1podbn4/iphone_17_vs_oppo_x9_pro_iphone_pictures_come/,https://www.reddit.com/gallery/1podbn4
1pobmjf,Planning to buy iphone 16 or 17,Lonely_Trainer_6968,2025-12-16T19:47:49,1,1,ShopeePH,https://www.reddit.com/r/ShopeePH/comments/1pobmjf/planning_to_buy_iphone_16_or_17/,https://www.reddit.com/r/ShopeePH/comments/1pobmjf/planning_to_buy_iphone_16_or_17/
1pobmbi,I tried to transfer my entire Questrade portforlio to get 2% offer but I guess I'm not eligible,lonahex,2025-12-16T19:47:35,1,1,webullcanada,https://www.reddit.com/r/webullcanada/comments/1pobmbi/i_tried_to_transfer_my_entire_questrade/,https://www.reddit.com/r/webullcanada/comments/1pobmbi/i_tried_to_transfer_my_entire_questrade/
1pobev7,Does the editing “Live” option possible with icloud?,BoF_Enjoyer,2025-12-16T19:39:24,0,0.5,iPhone17Pro,https://www.reddit.com/r/iPhone17Pro/comments/1pobev7/does_the_editing_live_option_possible_with_icloud/,https://www.reddit.com/r/iPhone17Pro/comments/1pobev7/does_the_editing_live_option_possible_with_icloud/
1pob8zb,Photos on old iphone to new iphone with icloud,Dry-Confusion-5286,2025-12-16T19:33:05,2,1,iCloud,https://www.reddit.com/r/iCloud/comments/1pob8zb/photos_on_old_iphone_to_new_iphone_with_icloud/,https://www.reddit.com/r/iCloud/comments/1pob8zb/photos_on_old_iphone_to_new_iphone_with_icloud/
1po8yqf,Cellphone line,err0red_out,2025-12-16T18:06:18,1,1,Philippines_Expats,https://www.reddit.com/r/Philippines_Expats/comments/1po8yqf/cellphone_line/,https://www.reddit.com/r/Philippines_Expats/comments/1po8yqf/cellphone_line/
1po8y48,Selling my Iphone 17 Sage 256gb!!!!,saransh_goyal00,2025-12-16T18:05:39,2,1,BUSEit,https://www.reddit.com/r/BUSEit/comments/1po8y48/selling_my_iphone_17_sage_256gb/,https://www.reddit.com/gallery/1pnw1dq
1po80jo,İphone 17 için kılıf,jottanin_disi1905,2025-12-16T17:30:43,0,0.33,teknoloji,https://www.reddit.com/r/teknoloji/comments/1po80jo/iphone_17_için_kılıf/,https://www.reddit.com/r/teknoloji/comments/1po80jo/iphone_17_için_kılıf/
1po7vw1,Problems with audio!?,bingbong88998899,2025-12-16T17:25:51,0,0.33,iphone17,https://www.reddit.com/r/iphone17/comments/1po7vw1/problems_with_audio/,https://www.reddit.com/r/iphone17/comments/1po7vw1/problems_with_audio/
1po5qru,What have I become,BlossomBuild,2025-12-16T16:05:01,6,1,BlossomBuild,https://www.reddit.com/r/BlossomBuild/comments/1po5qru/what_have_i_become/,https://i.redd.it/weg71j4mal7g1.jpeg
1po5igw,Buying the IPhone 17,A7ALanchon,2025-12-16T15:56:18,0,0.5,UAE,https://www.reddit.com/r/UAE/comments/1po5igw/buying_the_iphone_17/,https://www.reddit.com/r/UAE/comments/1po5igw/buying_the_iphone_17/
1po4p3g,iPhone 17 price hike soon?,Unlikely_Treacle_391,2025-12-16T15:24:18,6,1,IndiaAI,https://www.reddit.com/r/IndiaAI/comments/1po4p3g/iphone_17_price_hike_soon/,https://www.reddit.com/r/IndiaAI/comments/1po4p3g/iphone_17_price_hike_soon/
1po4o74,iPhone 17 price hike?,Unlikely_Treacle_391,2025-12-16T15:23:17,0,0.5,GadgetsIndia,https://www.reddit.com/r/GadgetsIndia/comments/1po4o74/iphone_17_price_hike/,https://www.reddit.com/r/GadgetsIndia/comments/1po4o74/iphone_17_price_hike/
1po4nez,Hi.. I've heard that iphone and all smartphone prices are going to rise because of ai data centres' demand for chips/rams. Please tell should I buy iphone 17 at INR 76400 or wait for some time . I've oneplus nord ce4 128GB....20 months old... I'm thinking to buy because of camera and premium feel.,Unlikely_Treacle_391,2025-12-16T15:22:24,0,0.5,Smartphones,https://www.reddit.com/r/Smartphones/comments/1po4nez/hi_ive_heard_that_iphone_and_all_smartphone/,https://www.reddit.com/r/Smartphones/comments/1po4nez/hi_ive_heard_that_iphone_and_all_smartphone/
1po4kcc,Dubai Variant,BhakkGandu,2025-12-16T15:18:56,3,0.8,iPhoneWale,https://www.reddit.com/r/iPhoneWale/comments/1po4kcc/dubai_variant/,https://www.reddit.com/r/iPhoneWale/comments/1po4kcc/dubai_variant/
1po4843,Meron ba?,lazycrafter_oli,2025-12-16T15:05:39,1,0.67,Tech_Philippines,https://www.reddit.com/r/Tech_Philippines/comments/1po4843/meron_ba/,https://www.reddit.com/r/Tech_Philippines/comments/1po4843/meron_ba/
1po3xpl,Is iphone 16 okay?,papitasfritas15,2025-12-16T14:54:12,0,0.5,TechPhilippines,https://www.reddit.com/r/TechPhilippines/comments/1po3xpl/is_iphone_16_okay/,https://www.reddit.com/r/TechPhilippines/comments/1po3xpl/is_iphone_16_okay/
1po2jax,Iphone 17 or Google pixel 10... which is better?,cristiano22780,2025-12-16T13:55:40,1,1,u_cristiano22780,https://www.reddit.com/r/u_cristiano22780/comments/1po2jax/iphone_17_or_google_pixel_10_which_is_better/,https://www.reddit.com/r/u_cristiano22780/comments/1po2jax/iphone_17_or_google_pixel_10_which_is_better/
1po1rz2,switched to Boost in August got the 16e. When can I upgrade phones?,fekdapolice,2025-12-16T13:21:22,2,1,BoostMobile,https://www.reddit.com/r/BoostMobile/comments/1po1rz2/switched_to_boost_in_august_got_the_16e_when_can/,https://www.reddit.com/r/BoostMobile/comments/1po1rz2/switched_to_boost_in_august_got_the_16e_when_can/
1po0k0u,Used 16 pro or base 17?,cha1708,2025-12-16T12:20:29,6,0.8,iphone17,https://www.reddit.com/r/iphone17/comments/1po0k0u/used_16_pro_or_base_17/,https://www.reddit.com/r/iphone17/comments/1po0k0u/used_16_pro_or_base_17/
1pnxzv4,iPhone 17 cases: early sourcing vs waiting for final specs?,sansa53,2025-12-16T09:46:18,1,1,tvcmallwholesale,https://www.reddit.com/r/tvcmallwholesale/comments/1pnxzv4/iphone_17_cases_early_sourcing_vs_waiting_for/,https://i.redd.it/s30vh8j0fj7g1.jpeg
1pnwymx,ps2 on iphone 17?,circasurprisee,2025-12-16T08:35:05,3,1,EmulationOniOS,https://www.reddit.com/r/EmulationOniOS/comments/1pnwymx/ps2_on_iphone_17/,https://www.reddit.com/r/EmulationOniOS/comments/1pnwymx/ps2_on_iphone_17/
1pnwt33,[WTS] Iphone 17 Air 256,Chemical-Low4338,2025-12-16T08:24:34,0,0.5,dubaiclassifieds,https://www.reddit.com/r/dubaiclassifieds/comments/1pnwt33/wts_iphone_17_air_256/,https://www.reddit.com/gallery/1pnwt33
1pnwkla,Upgrading from Samsung A50s to Vivo X300 (12G 512G),WorkSmooth404,2025-12-16T08:08:33,27,1,Vivo,https://www.reddit.com/r/Vivo/comments/1pnwkla/upgrading_from_samsung_a50s_to_vivo_x300_12g_512g/,https://i.redd.it/6v30kf8lxi7g1.jpeg
1pnwgmh,GadgetsIndia sub got no chill.,WorkSmooth404,2025-12-16T08:01:27,180,0.97,IndiaTech,https://www.reddit.com/r/IndiaTech/comments/1pnwgmh/gadgetsindia_sub_got_no_chill/,https://i.redd.it/u811644cwi7g1.jpeg
1pnwd9k,Upgrade from galaxy a50 to Iphone 17,broken_mirror1994,2025-12-16T07:55:35,92,0.98,GadgetsIndia,https://www.reddit.com/r/GadgetsIndia/comments/1pnwd9k/upgrade_from_galaxy_a50_to_iphone_17/,https://i.redd.it/srfrlveavi7g1.jpeg
1pnw1dq,Selling my Iphone 17 Sage 256gb!!!!,Fine_Procedure_7890,2025-12-16T07:33:20,12,0.71,BangaloreMarketplace,https://www.reddit.com/r/BangaloreMarketplace/comments/1pnw1dq/selling_my_iphone_17_sage_256gb/,https://www.reddit.com/gallery/1pnw1dq
1pnvq99,Find My wont send my requests to my girlfriend.,Baji2005,2025-12-16T07:13:10,1,1,ios,https://www.reddit.com/r/ios/comments/1pnvq99/find_my_wont_send_my_requests_to_my_girlfriend/,https://www.reddit.com/r/ios/comments/1pnvq99/find_my_wont_send_my_requests_to_my_girlfriend/
1pnvp9f,Find My wont send my requests to my girlfriend.,Baji2005,2025-12-16T07:11:28,1,1,applehelp,https://www.reddit.com/r/applehelp/comments/1pnvp9f/find_my_wont_send_my_requests_to_my_girlfriend/,https://www.reddit.com/r/applehelp/comments/1pnvp9f/find_my_wont_send_my_requests_to_my_girlfriend/
1pnv6uf,Iphone 17 Or S26 Base,raafeythedonut,2025-12-16T06:39:28,1,0.67,Smartphones,https://www.reddit.com/r/Smartphones/comments/1pnv6uf/iphone_17_or_s26_base/,https://www.reddit.com/r/Smartphones/comments/1pnv6uf/iphone_17_or_s26_base/
1pnti6d,Wireless carplay- unresponsive/laggy?,voyle,2025-12-16T05:03:11,2,1,GenesisGV70,https://www.reddit.com/r/GenesisGV70/comments/1pnti6d/wireless_carplay_unresponsivelaggy/,https://www.reddit.com/r/GenesisGV70/comments/1pnti6d/wireless_carplay_unresponsivelaggy/
1pnstfe,Losing color saturation and quality when exporting to premier,Thatfitunc,2025-12-16T04:26:33,2,0.75,premiere,https://www.reddit.com/r/premiere/comments/1pnstfe/losing_color_saturation_and_quality_when/,https://www.reddit.com/gallery/1pnstfe
1pns069,Bare Naked case scratching?,rachhh994,2025-12-16T03:45:23,1,1,IphoneAir,https://www.reddit.com/r/IphoneAir/comments/1pns069/bare_naked_case_scratching/,https://www.reddit.com/r/IphoneAir/comments/1pns069/bare_naked_case_scratching/
1pnrvyz,Genuinely what am i supposed to do to set up a new phone,rattiemoney,2025-12-16T03:39:32,3,1,applehelp,https://www.reddit.com/r/applehelp/comments/1pnrvyz/genuinely_what_am_i_supposed_to_do_to_set_up_a/,https://www.reddit.com/r/applehelp/comments/1pnrvyz/genuinely_what_am_i_supposed_to_do_to_set_up_a/
1pnqf2p,THIS UPDATE IS RUINING THE GAME,DeliveryStatus1651,2025-12-16T02:27:34,346,0.85,DBZDokkanBattle,https://www.reddit.com/r/DBZDokkanBattle/comments/1pnqf2p/this_update_is_ruining_the_game/,https://www.reddit.com/r/DBZDokkanBattle/comments/1pnqf2p/this_update_is_ruining_the_game/
1pnl9tm,NEF raw pictures,Rough-Table-3876,2025-12-15T22:37:31,1,0.66,Nikon,https://www.reddit.com/r/Nikon/comments/1pnl9tm/nef_raw_pictures/,https://www.reddit.com/r/Nikon/comments/1pnl9tm/nef_raw_pictures/
1pnjifo,Iphone 17 and Apple Watch 11,Bootyhunter003,2025-12-15T21:26:54,4,1,freedommobile,https://www.reddit.com/r/freedommobile/comments/1pnjifo/iphone_17_and_apple_watch_11/,https://www.reddit.com/r/freedommobile/comments/1pnjifo/iphone_17_and_apple_watch_11/
1pnj86w,Iphone 17 Base or iphone 16 Pro?,riverRaser,2025-12-15T21:15:45,0,0.5,Tech_Philippines,https://www.reddit.com/r/Tech_Philippines/comments/1pnj86w/iphone_17_base_or_iphone_16_pro/,https://www.reddit.com/r/Tech_Philippines/comments/1pnj86w/iphone_17_base_or_iphone_16_pro/
1pni1bc,"Just found out today that my macbook pro has AptX support this whole time and has just been defaulting to AAC, by using the terminal",Kidikaros17,2025-12-15T20:26:09,24,1,sennheiser,https://www.reddit.com/r/sennheiser/comments/1pni1bc/just_found_out_today_that_my_macbook_pro_has_aptx/,https://www.reddit.com/r/sennheiser/comments/1pni1bc/just_found_out_today_that_my_macbook_pro_has_aptx/
1pnhw5a,Switched to 17 base after years on android,slayerr077,2025-12-15T20:20:35,26,0.94,iPhoneWale,https://www.reddit.com/r/iPhoneWale/comments/1pnhw5a/switched_to_17_base_after_years_on_android/,https://www.reddit.com/r/iPhoneWale/comments/1pnhw5a/switched_to_17_base_after_years_on_android/
1pngb5d,Did ios 26.2 fixed Apple Carplay problems for iphone 17 users?,DottoreBonez,2025-12-15T19:18:18,4,0.83,iphone17,https://www.reddit.com/r/iphone17/comments/1pngb5d/did_ios_262_fixed_apple_carplay_problems_for/,https://www.reddit.com/r/iphone17/comments/1pngb5d/did_ios_262_fixed_apple_carplay_problems_for/
1pngag1,Did ios 26.2 fixed Apple Carplay problems for iphone 17 users?,DottoreBonez,2025-12-15T19:17:36,5,1,iphone,https://www.reddit.com/r/iphone/comments/1pngag1/did_ios_262_fixed_apple_carplay_problems_for/,https://www.reddit.com/r/iphone/comments/1pngag1/did_ios_262_fixed_apple_carplay_problems_for/
1png9mo,Did ios 26.2 fixed Apple Carplay problems for iphone 17 users?,DottoreBonez,2025-12-15T19:16:45,1,1,ios,https://www.reddit.com/r/ios/comments/1png9mo/did_ios_262_fixed_apple_carplay_problems_for/,https://www.reddit.com/r/ios/comments/1png9mo/did_ios_262_fixed_apple_carplay_problems_for/
1png8he,Did ios 26.2 fixed Apple Carplay problems for iphone 17 users?,DottoreBonez,2025-12-15T19:15:30,1,1,ios26,https://www.reddit.com/r/ios26/comments/1png8he/did_ios_262_fixed_apple_carplay_problems_for/,https://www.reddit.com/r/ios26/comments/1png8he/did_ios_262_fixed_apple_carplay_problems_for/
1pnfqw3,Which phone case and screen protector should i buy?,Cold_Ability118,2025-12-15T18:57:31,0,0.5,iphone17,https://www.reddit.com/r/iphone17/comments/1pnfqw3/which_phone_case_and_screen_protector_should_i_buy/,https://www.reddit.com/r/iphone17/comments/1pnfqw3/which_phone_case_and_screen_protector_should_i_buy/
1pnez37,Expensive shinny office with no clients. Sound familiar?,BlacksmithDue2467,2025-12-15T18:28:56,1,1,u_BlacksmithDue2467,https://www.reddit.com/r/u_BlacksmithDue2467/comments/1pnez37/expensive_shinny_office_with_no_clients_sound/,https://www.reddit.com/r/u_BlacksmithDue2467/comments/1pnez37/expensive_shinny_office_with_no_clients_sound/
1pnek9f,Ốp lưng iphone 16 pro và 17 thường?,Felix_Thienn,2025-12-15T18:13:37,1,1,vozforums,https://www.reddit.com/r/vozforums/comments/1pnek9f/ốp_lưng_iphone_16_pro_và_17_thường/,https://www.reddit.com/r/vozforums/comments/1pnek9f/ốp_lưng_iphone_16_pro_và_17_thường/
1pnczhc,Can a smartphone really compete with a cinema camera? A serious look at iPhone 17 Pro vs Blackmagic Pyxis 6K,yossymen,2025-12-15T17:14:03,2,1,DigitalCinema,https://www.reddit.com/r/DigitalCinema/comments/1pnczhc/can_a_smartphone_really_compete_with_a_cinema/,https://www.reddit.com/r/DigitalCinema/comments/1pnczhc/can_a_smartphone_really_compete_with_a_cinema/
1pnbrnu,Last minute tech gifts list 2025,ExcitingElectronics,2025-12-15T16:29:22,0,0.5,ChristmasGiftIdeas,https://www.reddit.com/r/ChristmasGiftIdeas/comments/1pnbrnu/last_minute_tech_gifts_list_2025/,https://www.reddit.com/r/ChristmasGiftIdeas/comments/1pnbrnu/last_minute_tech_gifts_list_2025/
1pn9gb8,Iphone Installment,HolidayAd6702,2025-12-15T14:59:28,0,0.33,Tech_Philippines,https://www.reddit.com/r/Tech_Philippines/comments/1pn9gb8/iphone_installment/,https://www.reddit.com/r/Tech_Philippines/comments/1pn9gb8/iphone_installment/
1pn7dpg,"M1 Macbook Air 2020's USB-C ports recognize dongle, but does not recognize 30W USB-C Adaptor That it Came with, won't charge",Super-Buddy-5030,2025-12-15T13:30:14,2,1,applehelp,https://www.reddit.com/r/applehelp/comments/1pn7dpg/m1_macbook_air_2020s_usbc_ports_recognize_dongle/,https://www.reddit.com/r/applehelp/comments/1pn7dpg/m1_macbook_air_2020s_usbc_ports_recognize_dongle/
1pn7aw8,Any luck using iphone 17 i want one badly 😂,Imjustabunny1,2025-12-15T13:26:41,1,0.57,PWM_Sensitive,https://www.reddit.com/r/PWM_Sensitive/comments/1pn7aw8/any_luck_using_iphone_17_i_want_one_badly/,https://www.reddit.com/r/PWM_Sensitive/comments/1pn7aw8/any_luck_using_iphone_17_i_want_one_badly/
1pn42wo,New iphone 17 user here,Separate_County_2235,2025-12-15T10:25:19,19,0.95,iphone17,https://www.reddit.com/r/iphone17/comments/1pn42wo/new_iphone_17_user_here/,https://www.reddit.com/r/iphone17/comments/1pn42wo/new_iphone_17_user_here/
1pn3lw2,Oneplus 15 or iphone 17,Particular_Tea2307,2025-12-15T09:53:38,5,0.86,oneplus15,https://www.reddit.com/r/oneplus15/comments/1pn3lw2/oneplus_15_or_iphone_17/,https://www.reddit.com/r/oneplus15/comments/1pn3lw2/oneplus_15_or_iphone_17/
1pn2xiy,Case and screen guard suggestion for iPhone 17,korbid1,2025-12-15T09:06:37,29,1,iPhoneWale,https://www.reddit.com/r/iPhoneWale/comments/1pn2xiy/case_and_screen_guard_suggestion_for_iphone_17/,https://www.reddit.com/gallery/1pn2xiy
1pn1nzl,Iphone 17 base model,Maleficent_Ad_595,2025-12-15T07:39:45,0,0.33,Tech_Philippines,https://www.reddit.com/r/Tech_Philippines/comments/1pn1nzl/iphone_17_base_model/,https://www.reddit.com/r/Tech_Philippines/comments/1pn1nzl/iphone_17_base_model/
1pn1ley,iphone 17 or 17 pro?,RestlessMT,2025-12-15T07:34:47,2,1,AppleWhatShouldIBuy,https://www.reddit.com/r/AppleWhatShouldIBuy/comments/1pn1ley/iphone_17_or_17_pro/,https://www.reddit.com/r/AppleWhatShouldIBuy/comments/1pn1ley/iphone_17_or_17_pro/
1pn075o,"Elképzelhető, hogy az Apple-nek komoly hátrányai lesznek majd az AI elmaradottsága és a rendszer bugok miatt?",Crazy_Jackfruit_6429,2025-12-15T06:07:08,0,0.41,programmingHungary,https://www.reddit.com/r/programmingHungary/comments/1pn075o/elképzelhető_hogy_az_applenek_komoly_hátrányai/,https://www.reddit.com/r/programmingHungary/comments/1pn075o/elképzelhető_hogy_az_applenek_komoly_hátrányai/
1pmz46k,iphone 17 45k,randomsh1t5,2025-12-15T05:05:01,1,0.55,Tech_Philippines,https://www.reddit.com/r/Tech_Philippines/comments/1pmz46k/iphone_17_45k/,https://www.reddit.com/r/Tech_Philippines/comments/1pmz46k/iphone_17_45k/
1pmxctm,Wish Lists,DoubleLengthiness921,2025-12-15T03:31:53,3,0.71,rickyslaysnark,https://www.reddit.com/r/rickyslaysnark/comments/1pmxctm/wish_lists/,https://www.reddit.com/gallery/1pmxctm
1pmvpzc,Pls tell me,iceycute21,2025-12-15T02:10:36,5,0.73,iPhoneWale,https://www.reddit.com/r/iPhoneWale/comments/1pmvpzc/pls_tell_me/,https://www.reddit.com/r/iPhoneWale/comments/1pmvpzc/pls_tell_me/
1pmuldk,Hows Iphone 17 (base),Embarrassed_Train252,2025-12-15T01:15:32,21,0.97,Tech_Philippines,https://www.reddit.com/r/Tech_Philippines/comments/1pmuldk/hows_iphone_17_base/,https://www.reddit.com/r/Tech_Philippines/comments/1pmuldk/hows_iphone_17_base/
1pmpkzu,Which is better?,Bulky-Inspector-9116,2025-12-14T21:30:20,9,0.91,GadgetsIndia,https://www.reddit.com/r/GadgetsIndia/comments/1pmpkzu/which_is_better/,https://www.reddit.com/r/GadgetsIndia/comments/1pmpkzu/which_is_better/
1pmo65k,"Not that smooth, apple",Kindly-Mammoth4330,2025-12-14T20:31:40,126,0.85,ios26,https://www.reddit.com/r/ios26/comments/1pmo65k/not_that_smooth_apple/,https://v.redd.it/s6vodyubc87g1
1pmo5q3,Would it be safe to use misaka 26 on my main?,noahjamesbates,2025-12-14T20:31:11,0,0.33,jailbreak,https://www.reddit.com/r/jailbreak/comments/1pmo5q3/would_it_be_safe_to_use_misaka_26_on_my_main/,https://www.reddit.com/r/jailbreak/comments/1pmo5q3/would_it_be_safe_to_use_misaka_26_on_my_main/
1pmnvov,Expected lowest price for iPhone 17,Icy_Shine_6831,2025-12-14T20:19:19,13,0.84,iPhoneWale,https://www.reddit.com/r/iPhoneWale/comments/1pmnvov/expected_lowest_price_for_iphone_17/,https://www.reddit.com/r/iPhoneWale/comments/1pmnvov/expected_lowest_price_for_iphone_17/
1pmmnf4,16pro or base 17?,mintotoes,2025-12-14T19:28:53,3,1,iPhone16Pro,https://www.reddit.com/r/iPhone16Pro/comments/1pmmnf4/16pro_or_base_17/,https://www.reddit.com/r/iPhone16Pro/comments/1pmmnf4/16pro_or_base_17/
1pmj9ew,iphone 17 carplay isn't working no matter what i do!,thelovelypotion,2025-12-14T17:12:00,1,1,applehelp,https://www.reddit.com/r/applehelp/comments/1pmj9ew/iphone_17_carplay_isnt_working_no_matter_what_i_do/,/r/iphone17/comments/1pmj4zn/iphone_17_carplay_isnt_working_no_matter_what_i_do/
1pmj4zn,iphone 17 carplay isn't working no matter what i do!,thelovelypotion,2025-12-14T17:07:02,1,0.67,iphone17,https://www.reddit.com/r/iphone17/comments/1pmj4zn/iphone_17_carplay_isnt_working_no_matter_what_i_do/,https://www.reddit.com/r/iphone17/comments/1pmj4zn/iphone_17_carplay_isnt_working_no_matter_what_i_do/
1pmixll,Iphone 17 battery,hisBoAt69,2025-12-14T16:59:15,2,0.75,iPhoneBatteryParanoia,https://www.reddit.com/r/iPhoneBatteryParanoia/comments/1pmixll/iphone_17_battery/,https://www.reddit.com/gallery/1pmixll
1pmhet1,Which one would u choose?,Party-Key2159,2025-12-14T15:58:35,1,0.6,Smartphones,https://www.reddit.com/r/Smartphones/comments/1pmhet1/which_one_would_u_choose/,https://www.reddit.com/r/Smartphones/comments/1pmhet1/which_one_would_u_choose/
1pmfixv,iPhone misdelivery,Spt_tran,2025-12-14T14:36:49,0,0.31,ChaseSapphire,https://www.reddit.com/r/ChaseSapphire/comments/1pmfixv/iphone_misdelivery/,https://i.redd.it/xcv82sz1l67g1.jpeg
1pmewek,a couple questions before i use imazing to transfer data from my old phone to a new one,platinumb3rlitz,2025-12-14T14:08:17,1,1,iMazing,https://www.reddit.com/r/iMazing/comments/1pmewek/a_couple_questions_before_i_use_imazing_to/,https://www.reddit.com/r/iMazing/comments/1pmewek/a_couple_questions_before_i_use_imazing_to/
1pmebzu,Mayabang na Friend,Impossible-Memory-52,2025-12-14T13:41:39,40,0.9,RantAndVentPH,https://www.reddit.com/r/RantAndVentPH/comments/1pmebzu/mayabang_na_friend/,https://www.reddit.com/r/RantAndVentPH/comments/1pmebzu/mayabang_na_friend/
1pmd5ij,Best Value TWS harga 200 - 300K?,WickedHero69,2025-12-14T12:40:47,17,0.87,indonesia,https://www.reddit.com/r/indonesia/comments/1pmd5ij/best_value_tws_harga_200_300k/,https://www.reddit.com/r/indonesia/comments/1pmd5ij/best_value_tws_harga_200_300k/
1pmd3v1,Best Value TWS buat harga 200-300k?,WickedHero69,2025-12-14T12:38:10,3,1,indotech,https://www.reddit.com/r/indotech/comments/1pmd3v1/best_value_tws_buat_harga_200300k/,https://www.reddit.com/r/indotech/comments/1pmd3v1/best_value_tws_buat_harga_200300k/
1pmcszi,Da li je dobra serija Iphone 17 da se kupi ?,Admirable-Art6746,2025-12-14T12:21:01,0,0.29,AskSerbia,https://www.reddit.com/r/AskSerbia/comments/1pmcszi/da_li_je_dobra_serija_iphone_17_da_se_kupi/,https://www.reddit.com/r/AskSerbia/comments/1pmcszi/da_li_je_dobra_serija_iphone_17_da_se_kupi/
1pmbts1,Iphone 17 battery drain continues after 10 days,Pitiful_Pomelo3505,2025-12-14T11:22:39,18,0.88,iphone17,https://www.reddit.com/r/iphone17/comments/1pmbts1/iphone_17_battery_drain_continues_after_10_days/,https://www.reddit.com/r/iphone17/comments/1pmbts1/iphone_17_battery_drain_continues_after_10_days/
1pmb8p6,CCC Powerbank Recommendation,Designer-Company1322,2025-12-14T10:45:56,1,1,travelchina,https://www.reddit.com/r/travelchina/comments/1pmb8p6/ccc_powerbank_recommendation/,https://www.reddit.com/r/travelchina/comments/1pmb8p6/ccc_powerbank_recommendation/
1pm9qu2,Iphone 17,Complex_Affect_3048,2025-12-14T09:06:12,0,0.4,TechPhilippines,https://www.reddit.com/r/TechPhilippines/comments/1pm9qu2/iphone_17/,https://i.redd.it/qkv8txa2y47g1.jpeg
1pm7x8s,Worth it ba?,Routine_Pickle_5110,2025-12-14T07:06:58,9,0.68,Tech_Philippines,https://www.reddit.com/r/Tech_Philippines/comments/1pm7x8s/worth_it_ba/,https://i.redd.it/dtrztgjsc47g1.jpeg
1pm7lnr,GEMINID Metor Shower.,vulcan90123q,2025-12-14T06:46:56,47,0.98,Mulund,https://www.reddit.com/r/Mulund/comments/1pm7lnr/geminid_metor_shower/,https://www.reddit.com/gallery/1pm7lnr
1pm7ijs,Always on display.,sa_dy99,2025-12-14T06:41:22,0,0.47,iphone,https://www.reddit.com/r/iphone/comments/1pm7ijs/always_on_display/,https://www.reddit.com/r/iphone/comments/1pm7ijs/always_on_display/
1pm5pct,Chances of winning iphone 17?,Vast-Rub-326,2025-12-14T04:57:16,0,0.5,swiggy,https://www.reddit.com/r/swiggy/comments/1pm5pct/chances_of_winning_iphone_17/,https://i.redd.it/ke453izjp37g1.jpeg
1pm5p0b,Chances of winning iphone 17?,Vast-Rub-326,2025-12-14T04:56:43,1,1,u_Vast-Rub-326,https://www.reddit.com/r/u_Vast-Rub-326/comments/1pm5p0b/chances_of_winning_iphone_17/,https://i.redd.it/ke453izjp37g1.jpeg
1pm5lty,EPP deals for iphone 17,mightylfc,2025-12-14T04:51:47,1,0.56,telus,https://www.reddit.com/r/telus/comments/1pm5lty/epp_deals_for_iphone_17/,https://www.reddit.com/r/telus/comments/1pm5lty/epp_deals_for_iphone_17/
1pm5liz,Voice memos recorded on iphone 17 ios 26 not syncing icloud,LevelMiddle,2025-12-14T04:51:18,1,1,ios,https://www.reddit.com/r/ios/comments/1pm5liz/voice_memos_recorded_on_iphone_17_ios_26_not/,https://www.reddit.com/r/ios/comments/1pm5liz/voice_memos_recorded_on_iphone_17_ios_26_not/
1pm5kc8,Globe plan iphone 17 may naka receive na?,HopefulAd515,2025-12-14T04:49:27,1,1,Bacolod,https://www.reddit.com/r/Bacolod/comments/1pm5kc8/globe_plan_iphone_17_may_naka_receive_na/,https://www.reddit.com/r/Bacolod/comments/1pm5kc8/globe_plan_iphone_17_may_naka_receive_na/
1pm58o4,Is it worth it to stay with Tmobile?,Dramatic-Cell3604,2025-12-14T04:31:29,0,0.5,tmobile,https://www.reddit.com/r/tmobile/comments/1pm58o4/is_it_worth_it_to_stay_with_tmobile/,https://www.reddit.com/r/tmobile/comments/1pm58o4/is_it_worth_it_to_stay_with_tmobile/
1pm4buc,from poco x4 gt to iphone 17 base 🥹,Efficient_Eye_3084,2025-12-14T03:42:40,147,0.95,ShopeePH,https://www.reddit.com/r/ShopeePH/comments/1pm4buc/from_poco_x4_gt_to_iphone_17_base/,https://i.redd.it/qpbcjngcc37g1.jpeg
1pm4a99,from poco x4gt to iphone 17 256 🥹,Efficient_Eye_3084,2025-12-14T03:40:18,138,0.95,Tech_Philippines,https://www.reddit.com/r/Tech_Philippines/comments/1pm4a99/from_poco_x4gt_to_iphone_17_256/,https://i.redd.it/0uixik5xb37g1.jpeg
1pm46qt,iOS 26.2 upgrade size on Ip17,StateSuch,2025-12-14T03:35:06,11,0.92,ios26,https://www.reddit.com/r/ios26/comments/1pm46qt/ios_262_upgrade_size_on_ip17/,https://i.redd.it/noa4tdlza37g1.jpeg
1pm0993,Meet T-Mobile's SuperMobile business plan with 2x+ weighting over QCI 6 postpaid plans during congestion!,Ethrem,2025-12-14T00:18:34,18,0.87,NoContract,https://www.reddit.com/r/NoContract/comments/1pm0993/meet_tmobiles_supermobile_business_plan_with_2x/,https://www.reddit.com/r/NoContract/comments/1pm0993/meet_tmobiles_supermobile_business_plan_with_2x/
1plwyra,Iphone 17 in Mumbai,MountainofDanger,2025-12-13T21:47:38,2,0.75,GadgetsIndia,https://www.reddit.com/r/GadgetsIndia/comments/1plwyra/iphone_17_in_mumbai/,https://www.reddit.com/r/GadgetsIndia/comments/1plwyra/iphone_17_in_mumbai/
1plv7fl,Should I bug Red Wireless about my black friday order or wait and see if I can get a better boxing day deal?,Speuce,2025-12-13T20:30:12,0,0.38,Rogers,https://www.reddit.com/r/Rogers/comments/1plv7fl/should_i_bug_red_wireless_about_my_black_friday/,https://www.reddit.com/r/Rogers/comments/1plv7fl/should_i_bug_red_wireless_about_my_black_friday/
1plusnz,what should i pic,kuopeop,2025-12-13T20:12:22,0,0.5,razer,https://www.reddit.com/r/razer/comments/1plusnz/what_should_i_pic/,https://www.reddit.com/r/razer/comments/1plusnz/what_should_i_pic/
1pltcw4,Buy or hold?,Aggravating_Creme_29,2025-12-13T19:10:56,1,0.56,iphone17,https://www.reddit.com/r/iphone17/comments/1pltcw4/buy_or_hold/,https://www.reddit.com/r/iphone17/comments/1pltcw4/buy_or_hold/
1pllu6o,Sceens Iphone17,Stef22960,2025-12-13T13:50:22,1,0.67,iphone,https://www.reddit.com/r/iphone/comments/1pllu6o/sceens_iphone17/,https://www.reddit.com/r/iphone/comments/1pllu6o/sceens_iphone17/
1pljnl2,Absolute zero iPhone 17,Bootyhunter003,2025-12-13T11:52:43,5,0.65,freedommobile,https://www.reddit.com/r/freedommobile/comments/1pljnl2/absolute_zero_iphone_17/,https://www.reddit.com/r/freedommobile/comments/1pljnl2/absolute_zero_iphone_17/
1pliqt8,bored so i made an arb tool for predictions :P,NeonNachoNemesisX,2025-12-13T10:54:53,20,0.95,Money,https://www.reddit.com/r/Money/comments/1pliqt8/bored_so_i_made_an_arb_tool_for_predictions_p/,https://i.redd.it/3a6vms6jcy6g1.png
1pliikd,Rüyamda Reddit sayesinde iphone 17 im oluyodu,sauy0k0,2025-12-13T10:39:51,15,0.95,SacmaBirSub,https://www.reddit.com/r/SacmaBirSub/comments/1pliikd/rüyamda_reddit_sayesinde_iphone_17_im_oluyodu/,https://www.reddit.com/r/SacmaBirSub/comments/1pliikd/rüyamda_reddit_sayesinde_iphone_17_im_oluyodu/
1plhj3f,Phone killarney,TimeSoftware4877,2025-12-13T09:34:07,10,0.92,kneecap,https://www.reddit.com/r/kneecap/comments/1plhj3f/phone_killarney/,https://www.reddit.com/r/kneecap/comments/1plhj3f/phone_killarney/
1plhcds,Kneecap,TimeSoftware4877,2025-12-13T09:21:37,5,0.86,kerry,https://www.reddit.com/r/kerry/comments/1plhcds/kneecap/,https://www.reddit.com/r/kerry/comments/1plhcds/kneecap/
1plg3sv,Cap or nah?,hermit_tomioka,2025-12-13T07:58:22,31,0.92,iPhoneWale,https://www.reddit.com/r/iPhoneWale/comments/1plg3sv/cap_or_nah/,https://i.redd.it/2llm4qv1hx6g1.jpeg
1plfain,Iphone not receiving message notifications,Mother-Pension5223,2025-12-13T07:06:06,3,1,applehelp,https://www.reddit.com/r/applehelp/comments/1plfain/iphone_not_receiving_message_notifications/,https://www.reddit.com/r/applehelp/comments/1plfain/iphone_not_receiving_message_notifications/
1pldcmp,Question. Is the IPhone air technically a form of the IPhone 17/part of the 17 series?,Nevadafrymannocram,2025-12-13T05:10:27,8,0.75,IphoneAir,https://www.reddit.com/r/IphoneAir/comments/1pldcmp/question_is_the_iphone_air_technically_a_form_of/,https://www.reddit.com/r/IphoneAir/comments/1pldcmp/question_is_the_iphone_air_technically_a_form_of/
1pld7e1,My battery health dropped to 99 in just 2 months (Iphone 17),Hunterrr2003,2025-12-13T05:02:20,79,0.77,iPhoneWale,https://www.reddit.com/r/iPhoneWale/comments/1pld7e1/my_battery_health_dropped_to_99_in_just_2_months/,https://i.redd.it/t23d54dnlw6g1.jpeg
1pld62f,Help me choose,angelababyyy1,2025-12-13T05:00:34,0,0.5,Tech_Philippines,https://www.reddit.com/r/Tech_Philippines/comments/1pld62f/help_me_choose/,https://www.reddit.com/r/Tech_Philippines/comments/1pld62f/help_me_choose/
1pl6t5j,[[NNP50Q] Wealthsimple Referral signup bonus $25 + iphone 17 [NNP50Q],Aware_Cheetah8626,2025-12-12T23:43:19,1,1,referralcodes,https://www.reddit.com/r/referralcodes/comments/1pl6t5j/nnp50q_wealthsimple_referral_signup_bonus_25/,https://www.reddit.com/r/referralcodes/comments/1pl6t5j/nnp50q_wealthsimple_referral_signup_bonus_25/
1pkx7t0,Pixel dots on Iphone 17 base,survivethehorr0r,2025-12-12T17:06:37,3,1,Tech_Philippines,https://www.reddit.com/r/Tech_Philippines/comments/1pkx7t0/pixel_dots_on_iphone_17_base/,https://i.redd.it/qh6pnbay1t6g1.jpeg
1pkw93c,Is it Iphone 17 is good? Can someone tell me how much screen on time they get?,broken_mirror1994,2025-12-12T16:29:22,0,0.47,GadgetsIndia,https://www.reddit.com/r/GadgetsIndia/comments/1pkw93c/is_it_iphone_17_is_good_can_someone_tell_me_how/,https://i.redd.it/290w0z2bvs6g1.png
1pktfom,Help needed - new iphone not connecting to internet properly,TheMtlviolinist,2025-12-12T14:36:20,0,0.5,iphone,https://www.reddit.com/r/iphone/comments/1pktfom/help_needed_new_iphone_not_connecting_to_internet/,https://www.reddit.com/r/iphone/comments/1pktfom/help_needed_new_iphone_not_connecting_to_internet/
1pks7v6,Why are apps not appearing when I swipe down?,sheshtpull,2025-12-12T13:44:01,1,0.6,iphonehelp,https://www.reddit.com/r/iphonehelp/comments/1pks7v6/why_are_apps_not_appearing_when_i_swipe_down/,https://v.redd.it/sq7fz0ur1s6g1
1pkrv81,Iphone 17 vs Canon M50 mark II kit lens,calmdominance,2025-12-12T13:28:04,0,0.5,PhotographyIndia,https://www.reddit.com/r/PhotographyIndia/comments/1pkrv81/iphone_17_vs_canon_m50_mark_ii_kit_lens/,https://www.reddit.com/r/PhotographyIndia/comments/1pkrv81/iphone_17_vs_canon_m50_mark_ii_kit_lens/
1pkrgyz,iOS 26.2 RC2 battery update and jitters/lags,New-Raspberry-2754,2025-12-12T13:09:07,14,0.86,ios26,https://www.reddit.com/r/ios26/comments/1pkrgyz/ios_262_rc2_battery_update_and_jitterslags/,https://www.reddit.com/gallery/1pkrgyz
1pkrguo,iOS 26.2 RC2 battery update and jitters/lags,New-Raspberry-2754,2025-12-12T13:08:55,4,0.83,ios26,https://www.reddit.com/r/ios26/comments/1pkrguo/ios_262_rc2_battery_update_and_jitterslags/,https://www.reddit.com/gallery/1pkrguo
1pkr6af,Battery on iphone 17 drains extremly fast,Inevitable-Honey4760,2025-12-12T12:55:03,1,0.54,iphone17,https://www.reddit.com/r/iphone17/comments/1pkr6af/battery_on_iphone_17_drains_extremly_fast/,https://www.reddit.com/r/iphone17/comments/1pkr6af/battery_on_iphone_17_drains_extremly_fast/
1pknmrt,Reels zoomed in,Longjumping_Pop_8995,2025-12-12T09:23:02,1,1,Instagram,https://www.reddit.com/r/Instagram/comments/1pknmrt/reels_zoomed_in/,https://www.reddit.com/gallery/1pknmrt
1pknl0f,Replacing an old iPhone without corporate account login,r2d3x9,2025-12-12T09:19:35,0,0.5,ATT,https://www.reddit.com/r/ATT/comments/1pknl0f/replacing_an_old_iphone_without_corporate_account/,https://www.reddit.com/r/ATT/comments/1pknl0f/replacing_an_old_iphone_without_corporate_account/
1pknh3v,Iphone 17 Carplay iOS26+ Joyeauto crashes fixed,Metaka75,2025-12-12T09:12:07,1,1,AppleCarplay,https://www.reddit.com/r/AppleCarplay/comments/1pknh3v/iphone_17_carplay_ios26_joyeauto_crashes_fixed/,/r/CarPlay/comments/1pkngnv/iphone_17_carplay_ios26_joyeauto_crashes_fixed/
1pkn35d,Smartphone Awards 2025 honest review,ManyRazzmatazz4584,2025-12-12T08:45:37,657,0.92,mkbhd,https://www.reddit.com/r/mkbhd/comments/1pkn35d/smartphone_awards_2025_honest_review/,https://i.redd.it/34vb33xbkq6g1.png
1pkmwrv,memories are getting out of hand,FcukMan360,2025-12-12T08:33:14,1423,0.99,IndiaTech,https://www.reddit.com/r/IndiaTech/comments/1pkmwrv/memories_are_getting_out_of_hand/,https://v.redd.it/xeh5v3jbiq6g1
1pkmn25,AITA for promising my teen brother the new iphone 17 but didn’t came through?,bbcforpawg69,2025-12-12T08:14:54,0,0.43,AITAH,https://www.reddit.com/r/AITAH/comments/1pkmn25/aita_for_promising_my_teen_brother_the_new_iphone/,https://www.reddit.com/r/AITAH/comments/1pkmn25/aita_for_promising_my_teen_brother_the_new_iphone/
1pkme40,Power button lagging,Electronic_Bend8575,2025-12-12T07:58:48,0,0.25,iphone,https://www.reddit.com/r/iphone/comments/1pkme40/power_button_lagging/,https://www.reddit.com/r/iphone/comments/1pkme40/power_button_lagging/
1pkm57m,LEX PH,Efficient_Eye_3084,2025-12-12T07:41:55,1,1,ShopeePH,https://www.reddit.com/r/ShopeePH/comments/1pkm57m/lex_ph/,https://i.redd.it/jbbs8kb79q6g1.png
1pklqe7,Unable to transfer whatsapp group chats from Android pixel 7 pro to iphone 17,gabbiedollhouse,2025-12-12T07:14:52,0,0.5,iphone17,https://www.reddit.com/r/iphone17/comments/1pklqe7/unable_to_transfer_whatsapp_group_chats_from/,https://www.reddit.com/r/iphone17/comments/1pklqe7/unable_to_transfer_whatsapp_group_chats_from/
1pkk8ol,Unboxing my new iphone 17,AggravatingAward1638,2025-12-12T05:47:18,1,1,unboxing,https://www.reddit.com/r/unboxing/comments/1pkk8ol/unboxing_my_new_iphone_17/,https://youtu.be/anrm_OsEyXs
1pkiaum,What to check first when buying a phone,Rh__null,2025-12-12T04:04:36,2,0.75,Tech_Philippines,https://www.reddit.com/r/Tech_Philippines/comments/1pkiaum/what_to_check_first_when_buying_a_phone/,https://www.reddit.com/r/Tech_Philippines/comments/1pkiaum/what_to_check_first_when_buying_a_phone/
1pki3vl,My first ever iphone!,Big-Lavishness8253,2025-12-12T03:55:09,317,0.99,iphone17,https://www.reddit.com/r/iphone17/comments/1pki3vl/my_first_ever_iphone/,https://www.reddit.com/gallery/1pki3vl
1pkgt23,Do you guys agree with Mrwhosetheboss??,kakuu09,2025-12-12T02:53:12,374,0.98,GadgetsIndia,https://www.reddit.com/r/GadgetsIndia/comments/1pkgt23/do_you_guys_agree_with_mrwhosetheboss/,https://i.redd.it/hqatr3zoto6g1.jpeg
1pkfyjg,spigen card holder for iphone 17,Ornery-Main8921,2025-12-12T02:13:24,1,1,Spigen,https://www.reddit.com/r/Spigen/comments/1pkfyjg/spigen_card_holder_for_iphone_17/,https://www.reddit.com/r/Spigen/comments/1pkfyjg/spigen_card_holder_for_iphone_17/
1pkfu5j,Grand Prize : Toyota Fortuner,Altruistic_Pie2941,2025-12-12T02:07:41,1,1,PlayPlusPH,https://www.reddit.com/r/PlayPlusPH/comments/1pkfu5j/grand_prize_toyota_fortuner/,https://i.redd.it/lfe2dv6ilo6g1.jpeg
1pkfj1a,What happened to my capital letter i’s?,palemon88,2025-12-12T01:53:11,11,0.93,DawncasterRPG,https://www.reddit.com/r/DawncasterRPG/comments/1pkfj1a/what_happened_to_my_capital_letter_is/,https://www.reddit.com/gallery/1pkfj1a
1pkf9lz,malabo nmn ata to,Altruistic_Pie2941,2025-12-12T01:40:46,1,1,u_Altruistic_Pie2941,https://www.reddit.com/r/u_Altruistic_Pie2941/comments/1pkf9lz/malabo_nmn_ata_to/,https://i.redd.it/t45nxo7ogo6g1.jpeg
1pket2z,🌟Rolarian Christmas Day 1🌟,ROLAai,2025-12-12T01:18:57,6,0.81,ROLAai,https://www.reddit.com/r/ROLAai/comments/1pket2z/rolarian_christmas_day_1/,https://i.redd.it/a2tifoovco6g1.jpeg
1pkeapk,Damn it has really improved a lot,Aks9242,2025-12-12T00:55:29,279,0.94,GadgetsIndia,https://www.reddit.com/r/GadgetsIndia/comments/1pkeapk/damn_it_has_really_improved_a_lot/,https://i.redd.it/eum9wx3p8o6g1.jpeg
1pode1l,iPhone 17 pro max orange,Alarming-Business793,2025-12-16T20:57:58,0,0.5,iPhone17Pro,https://www.reddit.com/r/iPhone17Pro/comments/1pode1l/iphone_17_pro_max_orange/,https://www.reddit.com/r/iPhone17Pro/comments/1pode1l/iphone_17_pro_max_orange/
1pod3v3,"I'm building ""Resend for Marketers"".",Flaky-Ad3132,2025-12-16T20:46:48,1,1,buildinpublic,https://www.reddit.com/r/buildinpublic/comments/1pod3v3/im_building_resend_for_marketers/,https://www.reddit.com/r/buildinpublic/comments/1pod3v3/im_building_resend_for_marketers/
1poc7lm,Помогите с чехлом пожалуйста,HumbleConcentrate313,2025-12-16T20:10:39,0,0.4,iphone,https://www.reddit.com/r/iphone/comments/1poc7lm/помогите_с_чехлом_пожалуйста/,https://i.redd.it/tgxxytofim7g1.jpeg
1poa7q0,Telefon önerisi istiyorum,New_Pay7682,2025-12-16T18:53:26,11,1,teknoloji,https://www.reddit.com/r/teknoloji/comments/1poa7q0/telefon_önerisi_istiyorum/,https://i.redd.it/7qhxpfsn4m7g1.jpeg
1poa4de,"Miracase For iPhone 17 Pro Max Case for Magsafe [with Tempered Glass] [Top Military Protection & Magnetic Force] Shockproof Scratch-Resistant with Vel... Ersparnis: -30% 16,14 €",lisa_savesit,2025-12-16T18:49:55,1,1,AmazonFunde,https://www.reddit.com/r/AmazonFunde/comments/1poa4de/miracase_for_iphone_17_pro_max_case_for_magsafe/,https://www.amazon.de/dp/B0FM2DX4ZG?tag=sharkylinkref-21
1po9ytj,Super Mobile!,unseriousbusiness1,2025-12-16T18:44:01,0,0.43,tmobile,https://www.reddit.com/r/tmobile/comments/1po9ytj/super_mobile/,https://i.redd.it/7l5jt2dz2m7g1.jpeg
1po79ao,"Beginner w/ Sony a7 II — upgrade to a7 IV vs a7 V, or buy lenses first?",ddavarma,2025-12-16T17:02:45,1,0.66,SonyAlpha,https://www.reddit.com/r/SonyAlpha/comments/1po79ao/beginner_w_sony_a7_ii_upgrade_to_a7_iv_vs_a7_v_or/,https://www.reddit.com/r/SonyAlpha/comments/1po79ao/beginner_w_sony_a7_ii_upgrade_to_a7_iv_vs_a7_v_or/
1po6idj,Q3 Air vs O3 Spin Air confusion — is my Torras case original?,ChesapeakeRipp3r,2025-12-16T16:34:30,0,0.33,iPhone17Pro,https://www.reddit.com/r/iPhone17Pro/comments/1po6idj/q3_air_vs_o3_spin_air_confusion_is_my_torras_case/,https://i.redd.it/pfi9oswufl7g1.jpeg
1po66dg,Help with imei!,No-Finance-5854,2025-12-16T16:22:00,0,0.43,ATT,https://www.reddit.com/r/ATT/comments/1po66dg/help_with_imei/,https://www.reddit.com/r/ATT/comments/1po66dg/help_with_imei/
1po623p,Broke but ambitious,stoopidassshor,2025-12-16T16:17:21,0,0.5,desimemes,https://www.reddit.com/r/desimemes/comments/1po623p/broke_but_ambitious/,https://www.reddit.com/r/desimemes/comments/1po623p/broke_but_ambitious/
1po5s8m,AT&T SA active in North Austin/Georgetown. Wolf Ranch Shopping Center,NoChampionship5649,2025-12-16T16:06:35,14,0.95,cellmapper,https://www.reddit.com/r/cellmapper/comments/1po5s8m/att_sa_active_in_north_austingeorgetown_wolf/,https://www.reddit.com/gallery/1po5s8m
1po51cy,iPhone 17 Pro Max WhatsApp Srachnachrichten sehr leise,Miroschin,2025-12-16T15:37:50,0,0.5,iPhone17Pro,https://www.reddit.com/r/iPhone17Pro/comments/1po51cy/iphone_17_pro_max_whatsapp_srachnachrichten_sehr/,https://www.reddit.com/r/iPhone17Pro/comments/1po51cy/iphone_17_pro_max_whatsapp_srachnachrichten_sehr/
1po50sa,Orange cables to match orange iPhone 17 Pro Max?,GigaG,2025-12-16T15:37:14,0,0.25,UsbCHardware,https://www.reddit.com/r/UsbCHardware/comments/1po50sa/orange_cables_to_match_orange_iphone_17_pro_max/,https://www.reddit.com/r/UsbCHardware/comments/1po50sa/orange_cables_to_match_orange_iphone_17_pro_max/
1po4uho,Bombtwill Geojak - Initial Thoughts and Quick Review,Chrikelnel,2025-12-16T15:30:16,25,0.94,Outlier,https://www.reddit.com/r/Outlier/comments/1po4uho/bombtwill_geojak_initial_thoughts_and_quick_review/,https://www.reddit.com/r/Outlier/comments/1po4uho/bombtwill_geojak_initial_thoughts_and_quick_review/
1po4ps5,Torras iPhone 17 Pro Max case is amazing,AstroNaturePhoto,2025-12-16T15:25:02,11,1,TORRAS_Official,https://www.reddit.com/r/TORRAS_Official/comments/1po4ps5/torras_iphone_17_pro_max_case_is_amazing/,https://i.redd.it/1q0l88ch3l7g1.jpeg
1po1yp7,Looking Up 2: Electric Boogaloo,MIfungi,2025-12-16T13:29:56,4,1,iPhoneography,https://www.reddit.com/r/iPhoneography/comments/1po1yp7/looking_up_2_electric_boogaloo/,https://i.redd.it/s5wtfkyxik7g1.jpeg
1po0raw,Holy Upgrade! 🙌🏻,Grouchy_Soft_9251,2025-12-16T12:31:08,303,0.97,iPhone17Pro,https://www.reddit.com/r/iPhone17Pro/comments/1po0raw/holy_upgrade/,https://i.redd.it/dr332m5g8k7g1.jpeg
1pnzkmg,Any recommendations on CFW for the Xiaomi Mi Max 2?,Dude_Abroad,2025-12-16T11:25:23,1,1,Xiaomi,https://www.reddit.com/r/Xiaomi/comments/1pnzkmg/any_recommendations_on_cfw_for_the_xiaomi_mi_max_2/,https://www.reddit.com/r/Xiaomi/comments/1pnzkmg/any_recommendations_on_cfw_for_the_xiaomi_mi_max_2/
1pnz8qf,Unbiased S25 Ultra reviews,NickTB01,2025-12-16T11:05:39,2,0.67,samsunggalaxy,https://www.reddit.com/r/samsunggalaxy/comments/1pnz8qf/unbiased_s25_ultra_reviews/,https://www.reddit.com/r/samsunggalaxy/comments/1pnz8qf/unbiased_s25_ultra_reviews/
1pnykxd,Help finding the best Portable Dac,Maleficent-Square-55,2025-12-16T10:24:20,1,1,HeadphoneAdvice,https://www.reddit.com/r/HeadphoneAdvice/comments/1pnykxd/help_finding_the_best_portable_dac/,https://www.reddit.com/r/HeadphoneAdvice/comments/1pnykxd/help_finding_the_best_portable_dac/
1pnxjmx,My switch to the iPhone 17 PM,tanoshigemu,2025-12-16T09:15:19,0,0.31,Tech_Philippines,https://www.reddit.com/r/Tech_Philippines/comments/1pnxjmx/my_switch_to_the_iphone_17_pm/,https://i.redd.it/lei2dbmi9j7g1.jpeg
1pnxgpj,iOS Companion Randomly Dosconnecting,YQLMesh,2025-12-16T09:09:40,6,0.88,meshcore,https://www.reddit.com/r/meshcore/comments/1pnxgpj/ios_companion_randomly_dosconnecting/,https://www.reddit.com/r/meshcore/comments/1pnxgpj/ios_companion_randomly_dosconnecting/
1pnwrcq,C’est Noël sur Yourclover !,Yourclover_app,2025-12-16T08:21:17,1,1,u_Yourclover_app,https://www.reddit.com/r/u_Yourclover_app/comments/1pnwrcq/cest_noël_sur_yourclover/,https://i.redd.it/fb2717ivzi7g1.jpeg
1pnweo5,WhatsApp business chat not working,EmergencyAlbatross47,2025-12-16T07:58:11,2,1,whatsapp,https://www.reddit.com/r/whatsapp/comments/1pnweo5/whatsapp_business_chat_not_working/,https://www.reddit.com/r/whatsapp/comments/1pnweo5/whatsapp_business_chat_not_working/
1pnwdf4,App icon not dark,Peryite123,2025-12-16T07:55:52,2,1,ios,https://www.reddit.com/r/ios/comments/1pnwdf4/app_icon_not_dark/,https://www.reddit.com/r/ios/comments/1pnwdf4/app_icon_not_dark/
1pnwa2m,Where to purchase iPhone 16 pro max?,BLAZE_1090,2025-12-16T07:49:41,0,0.5,islamabad,https://www.reddit.com/r/islamabad/comments/1pnwa2m/where_to_purchase_iphone_16_pro_max/,https://www.reddit.com/r/islamabad/comments/1pnwa2m/where_to_purchase_iphone_16_pro_max/
1pnvmwp,WhatsApp bussiness contact not syncing,Delicious-Comfort-17,2025-12-16T07:07:25,1,1,whatsapp,https://www.reddit.com/r/whatsapp/comments/1pnvmwp/whatsapp_bussiness_contact_not_syncing/,https://www.reddit.com/r/whatsapp/comments/1pnvmwp/whatsapp_bussiness_contact_not_syncing/
1pnuk9n,iPhone 17 pro max,t_huff2189,2025-12-16T06:03:01,34,1,iPhoneography,https://www.reddit.com/r/iPhoneography/comments/1pnuk9n/iphone_17_pro_max/,https://i.redd.it/orphgsl7bi7g1.jpeg
1pnu14n,Cell phone holder??,johnnycloud81,2025-12-16T05:32:03,35,0.9,nudism,https://www.reddit.com/r/nudism/comments/1pnu14n/cell_phone_holder/,https://www.reddit.com/r/nudism/comments/1pnu14n/cell_phone_holder/
1pnu0hn,Selling iPhone 17 Pro & Max,spymig,2025-12-16T05:31:02,0,0.5,BangaloreMarketplace,https://www.reddit.com/r/BangaloreMarketplace/comments/1pnu0hn/selling_iphone_17_pro_max/,https://www.reddit.com/r/BangaloreMarketplace/comments/1pnu0hn/selling_iphone_17_pro_max/
1pntso2,Is $750 a fair price for an unlocked iPhone 17 Pro Max?,fwright18,2025-12-16T05:18:53,1,1,iPhone17Pro,https://www.reddit.com/r/iPhone17Pro/comments/1pntso2/is_750_a_fair_price_for_an_unlocked_iphone_17_pro/,/r/iphone/comments/1pnt222/is_750_a_fair_price_for_an_unlocked_iphone_17_pro/
1pnt6ep,Where do you move on to from the ROG Phone 7 for speakers?,PickleSammiches,2025-12-16T04:45:42,3,1,ROGphone,https://www.reddit.com/r/ROGphone/comments/1pnt6ep/where_do_you_move_on_to_from_the_rog_phone_7_for/,https://www.reddit.com/r/ROGphone/comments/1pnt6ep/where_do_you_move_on_to_from_the_rog_phone_7_for/
1pnt63q,Verizon didn't automatically unlock my iPhone after 60 days of Active Service,iCustom,2025-12-16T04:45:18,7,0.77,verizon,https://www.reddit.com/r/verizon/comments/1pnt63q/verizon_didnt_automatically_unlock_my_iphone/,https://www.reddit.com/r/verizon/comments/1pnt63q/verizon_didnt_automatically_unlock_my_iphone/
1pnrpb8,Unable to buy iPhone 17 Pro Max from Smartbuy ImagineTresor,rogueknight999,2025-12-16T03:30:21,0,0.5,CreditCardsIndia,https://www.reddit.com/r/CreditCardsIndia/comments/1pnrpb8/unable_to_buy_iphone_17_pro_max_from_smartbuy/,https://www.reddit.com/r/CreditCardsIndia/comments/1pnrpb8/unable_to_buy_iphone_17_pro_max_from_smartbuy/
1pnrkr0,Apple Black Friday 9x Multiplier,Ok-Load-2890,2025-12-16T03:24:02,0,0.38,Aeroplan,https://www.reddit.com/r/Aeroplan/comments/1pnrkr0/apple_black_friday_9x_multiplier/,https://www.reddit.com/r/Aeroplan/comments/1pnrkr0/apple_black_friday_9x_multiplier/
1pnqrfy,"Google Pixel 9 Pro $799, Pixel 9 $499, iPhone 17 Pro Max $2,059 Delivered (New Customer Must Add Plan from $30/28-Day) @ amaysim",OzBargainBot,2025-12-16T02:44:05,1,1,OzBargain,https://www.reddit.com/r/OzBargain/comments/1pnqrfy/google_pixel_9_pro_799_pixel_9_499_iphone_17_pro/,https://www.ozbargain.com.au/node/940267?utm_campaign=redditozb&utm_medium=reddit&utm_source=reddit
1pnqd18,Is this battery usage normal?,smptrnl25,2025-12-16T02:24:51,1,0.67,iPhone17Pro,https://www.reddit.com/r/iPhone17Pro/comments/1pnqd18/is_this_battery_usage_normal/,https://i.redd.it/kw1x1oba8h7g1.jpeg
1pnpksk,CarPlay issues i phone 17,gt-carsales,2025-12-16T01:48:23,3,0.72,CarPlay,https://www.reddit.com/r/CarPlay/comments/1pnpksk/carplay_issues_i_phone_17/,https://www.reddit.com/r/CarPlay/comments/1pnpksk/carplay_issues_i_phone_17/
1pnpir3,"Google Pixel 9 Pro $799, Pixel 9 $499, iPhone 17 Pro Max $2059, iPhone 17 $1299 Delivered (Plan Required @ Amaysim",OzBargainBot,2025-12-16T01:45:42,1,1,OzBargainNew,https://www.reddit.com/r/OzBargainNew/comments/1pnpir3/google_pixel_9_pro_799_pixel_9_499_iphone_17_pro/,https://www.ozbargain.com.au/node/940267?utm_campaign=redditozbnew&utm_medium=reddit&utm_source=reddit
1pnp6cr,"This is the WORST Apple product I have ever owned, and I ONLY use Apple products",Glittering_Bar6460,2025-12-16T01:29:20,0,0.31,Airpodsmax,https://www.reddit.com/r/Airpodsmax/comments/1pnp6cr/this_is_the_worst_apple_product_i_have_ever_owned/,https://www.reddit.com/r/Airpodsmax/comments/1pnp6cr/this_is_the_worst_apple_product_i_have_ever_owned/
1pnp423,"After upgrading to Gemini, my Google Hub Max lost its British voice",LateNightLifts_Games,2025-12-16T01:26:09,2,0.6,googlehome,https://www.reddit.com/r/googlehome/comments/1pnp423/after_upgrading_to_gemini_my_google_hub_max_lost/,https://www.reddit.com/r/googlehome/comments/1pnp423/after_upgrading_to_gemini_my_google_hub_max_lost/
1pnovhz,Pro 6 to Pro 7 Upgrade?,Practical_Dog_9446,2025-12-16T01:15:20,5,0.86,amazoneero,https://www.reddit.com/r/amazoneero/comments/1pnovhz/pro_6_to_pro_7_upgrade/,https://www.reddit.com/r/amazoneero/comments/1pnovhz/pro_6_to_pro_7_upgrade/
1pnohph,iPhone 17 Pro Max Case/Rig,rogue_visual,2025-12-16T00:57:36,1,1,smartphonefilming,https://www.reddit.com/r/smartphonefilming/comments/1pnohph/iphone_17_pro_max_caserig/,https://www.reddit.com/r/smartphonefilming/comments/1pnohph/iphone_17_pro_max_caserig/
1pnn3ic,Thinking of switching back to iPhone: how is the 17 Pro Max’s cellular reception?,BattleItchy3563,2025-12-15T23:55:04,2,1,iPhone17Pro,https://www.reddit.com/r/iPhone17Pro/comments/1pnn3ic/thinking_of_switching_back_to_iphone_how_is_the/,https://www.reddit.com/r/iPhone17Pro/comments/1pnn3ic/thinking_of_switching_back_to_iphone_how_is_the/
1pnmx4n,Tank case iPhone 17 Pro Max: is it grippy?,Techno-Lost,2025-12-15T23:47:18,10,0.86,dbrand,https://www.reddit.com/r/dbrand/comments/1pnmx4n/tank_case_iphone_17_pro_max_is_it_grippy/,https://www.reddit.com/r/dbrand/comments/1pnmx4n/tank_case_iphone_17_pro_max_is_it_grippy/
1pnkwj1,Apple iPhone 17 Pro Max (256 GB) - Cosmic Orange,joy-natal,2025-12-15T22:22:17,1,1,wishlistbucket,https://www.reddit.com/r/wishlistbucket/comments/1pnkwj1/apple_iphone_17_pro_max_256_gb_cosmic_orange/,https://www.amazon.com.br/dp/B0FQHGM324/?coliid%3DIPKO1Y02CJT2U%26colid%3D2IFS90EF9IYKE%26psc%3D1%26ref_%3Dcm_sw_r_mwn_lstpd_R638J54B3TBWEZJEKRJD%26language%3Den-US
1pni94w,HomeKit no longer recognizes if I remain at home,EducationCute1640,2025-12-15T20:34:24,0,0.5,HomeKit,https://www.reddit.com/r/HomeKit/comments/1pni94w/homekit_no_longer_recognizes_if_i_remain_at_home/,https://www.reddit.com/r/HomeKit/comments/1pni94w/homekit_no_longer_recognizes_if_i_remain_at_home/
1pnh2kt,Experience Beyond yearly upgrade – how does it actually work?,Infamous_Standard3,2025-12-15T19:48:19,3,0.8,tmobile,https://www.reddit.com/r/tmobile/comments/1pnh2kt/experience_beyond_yearly_upgrade_how_does_it/,https://www.reddit.com/r/tmobile/comments/1pnh2kt/experience_beyond_yearly_upgrade_how_does_it/
1pngvv4,"UGREEN 45W USB C Ladegerät 3-Port PPS Schnellladegerät 30W PD Netzteil GaN Charger Adapter kompatibel mit Galaxy S25 Ultra, S24, iPhone 17 Pro Max, Ma... Ersparnis: -35 % 12,99 €",marie_sparqueen,2025-12-15T19:40:50,1,1,PreisOase,https://www.reddit.com/r/PreisOase/comments/1pngvv4/ugreen_45w_usb_c_ladegerät_3port_pps/,https://www.amazon.de/dp/B0DMNQS7L6?tag=sharkylinkref-21
1pnfsc0,"Lemon 8: EASY way to get INSTANT gift cards! Only takes 5 mins to sign up! 1 new referral = $10 gift card, 2 referrals = $25 GC & 10 referrals = $100 GC. Amazon, H&M, Uber, Nintendo, PlayStation, and Xbox are some of the MANY gift cards you can choose from. NO DEPOSIT OR PURCHASE NEEDED! (US Only)",whiletheoceanblooms,2025-12-15T18:59:00,1,1,ReferalCodes,https://www.reddit.com/r/ReferalCodes/comments/1pnfsc0/lemon_8_easy_way_to_get_instant_gift_cards_only/,https://www.reddit.com/gallery/1pnfsc0
1pnfntl,"Lemon 8: EASY way to get INSTANT gift cards! Only takes 5 mins to sign up! 1 new referral = $10 gift card, 2 referrals = $25 GC & 10 referrals = $100 GC. Amazon, H&M, Uber, Nintendo, PlayStation, and Xbox are some of the MANY gift cards you can choose from. NO DEPOSIT OR PURCHASE NEEDED!",whiletheoceanblooms,2025-12-15T18:54:17,1,1,Referrallinks,https://www.reddit.com/r/Referrallinks/comments/1pnfntl/lemon_8_easy_way_to_get_instant_gift_cards_only/,https://www.reddit.com/gallery/1pnfntl
1pnfi5f,Speaker Noise Issue While Charging and Using iPhone 17 Pro Max (Ongoing Follow-up and Correspondence with Apple ) – Updates Provided Continuously,drafshin,2025-12-15T18:48:34,1,1,iphone17,https://www.reddit.com/r/iphone17/comments/1pnfi5f/speaker_noise_issue_while_charging_and_using/,https://www.reddit.com/gallery/1pkvopp
1pnfhb9,Speaker Noise Issue While Charging and Using iPhone 17 Pro Max (Ongoing Follow-up and Correspondence with Apple ) – Updates Provided Continuously,drafshin,2025-12-15T18:47:42,0,0.5,ios,https://www.reddit.com/r/ios/comments/1pnfhb9/speaker_noise_issue_while_charging_and_using/,https://www.reddit.com/gallery/1pkvopp
1pnfh3s,Speaker Noise Issue While Charging and Using iPhone 17 Pro Max (Ongoing Follow-up and Correspondence with Apple ) – Updates Provided Continuously,drafshin,2025-12-15T18:47:28,0,0.33,iPhone17Pro,https://www.reddit.com/r/iPhone17Pro/comments/1pnfh3s/speaker_noise_issue_while_charging_and_using/,https://www.reddit.com/gallery/1pkvopp
1pnelw9,Need a second phone,TechnMath,2025-12-15T18:15:26,1,1,PickAnAndroidForMe,https://www.reddit.com/r/PickAnAndroidForMe/comments/1pnelw9/need_a_second_phone/,https://www.reddit.com/r/PickAnAndroidForMe/comments/1pnelw9/need_a_second_phone/
1pne8km,When Vine Fights Back,AddictedtoBling42,2025-12-15T18:01:18,0,0.38,AmazonVine,https://www.reddit.com/r/AmazonVine/comments/1pne8km/when_vine_fights_back/,https://www.reddit.com/gallery/1pne8km
1pnc7qa,Tourist Shot,MIfungi,2025-12-15T16:46:03,12,0.93,iPhoneography,https://www.reddit.com/r/iPhoneography/comments/1pnc7qa/tourist_shot/,https://i.redd.it/09u63ar0de7g1.jpeg
1pnbyh5,"Phemex Turns 6! Join the Great Adventure for a $6,000,000 Treasure Hunt.Explore the Mysterious City to claim exclusive prizes like Rolex and iPhone 17 Pro Max!",SuccessfulAct868,2025-12-15T16:36:32,1,1,u_SuccessfulAct868,https://www.reddit.com/r/u_SuccessfulAct868/comments/1pnbyh5/phemex_turns_6_join_the_great_adventure_for_a/,https://phemex.com/events/6th-anniversary-celebration?referralCode=CXP4B5&media=reddit
1pnbuo1,Updating Pro 2 v5.3 HR+,Bit_Byte0101,2025-12-15T16:32:34,3,1,AirReps,https://www.reddit.com/r/AirReps/comments/1pnbuo1/updating_pro_2_v53_hr/,https://www.reddit.com/r/AirReps/comments/1pnbuo1/updating_pro_2_v53_hr/
1pn94nn,"Anyone from PH here who bought an iPhone 17 Pro Max in Japan? How was the experience and the phone? Where did you buy it, was it cheaper and did you get a tax refund?",Astrid_Ashley_30,2025-12-15T14:46:03,1,0.99,u_Astrid_Ashley_30,https://www.reddit.com/r/u_Astrid_Ashley_30/comments/1pn94nn/anyone_from_ph_here_who_bought_an_iphone_17_pro/,https://www.reddit.com/r/u_Astrid_Ashley_30/comments/1pn94nn/anyone_from_ph_here_who_bought_an_iphone_17_pro/
1pn6th2,Miu Miu Ivy Leather Handbag,LengthinessStrong111,2025-12-15T13:03:12,3,1,RepReHomeOnly,https://www.reddit.com/r/RepReHomeOnly/comments/1pn6th2/miu_miu_ivy_leather_handbag/,https://www.reddit.com/gallery/1pn6th2
1pn60yq,Bug con i contatti di iPhone,Pilot_Ricky,2025-12-15T12:21:51,0,0.17,ItalyInformatica,https://www.reddit.com/r/ItalyInformatica/comments/1pn60yq/bug_con_i_contatti_di_iphone/,https://www.reddit.com/r/ItalyInformatica/comments/1pn60yq/bug_con_i_contatti_di_iphone/
1pn5ks6,Does anyone feel that an iPhone 17 pro max is easier to hold than a 17 pro?,NCatoffice,2025-12-15T11:57:43,0,0.36,iPhone17Pro,https://www.reddit.com/r/iPhone17Pro/comments/1pn5ks6/does_anyone_feel_that_an_iphone_17_pro_max_is/,https://www.reddit.com/r/iPhone17Pro/comments/1pn5ks6/does_anyone_feel_that_an_iphone_17_pro_max_is/
1pn5jmu,Confusing and weird eSIM transfer process,MillionaireBrownie,2025-12-15T11:55:56,12,0.88,Airtel,https://www.reddit.com/r/Airtel/comments/1pn5jmu/confusing_and_weird_esim_transfer_process/,https://www.reddit.com/r/Airtel/comments/1pn5jmu/confusing_and_weird_esim_transfer_process/
1pn5j6u,Help returning a upgraded phone,insightsc2,2025-12-15T11:55:14,1,1,Comcast_Xfinity,https://www.reddit.com/r/Comcast_Xfinity/comments/1pn5j6u/help_returning_a_upgraded_phone/,https://www.reddit.com/r/Comcast_Xfinity/comments/1pn5j6u/help_returning_a_upgraded_phone/
1pn5eju,Aulumu Accessories for my lovely iPhone 17 Pro Max,Complete_Sell_2319,2025-12-15T11:47:46,14,0.82,iPhone17Pro,https://www.reddit.com/r/iPhone17Pro/comments/1pn5eju/aulumu_accessories_for_my_lovely_iphone_17_pro_max/,https://www.reddit.com/gallery/1pn5eju
1pn41sb,iPhone and Macbook.,Slippery_Steps,2025-12-15T10:23:18,1,1,AppleWhatShouldIBuy,https://www.reddit.com/r/AppleWhatShouldIBuy/comments/1pn41sb/iphone_and_macbook/,https://www.reddit.com/r/AppleWhatShouldIBuy/comments/1pn41sb/iphone_and_macbook/
1pn1p9n,Updated to iOS 26.2 and wireless CarPlay is STILL broken,vanbilderass,2025-12-15T07:42:06,29,0.71,CarPlay,https://www.reddit.com/r/CarPlay/comments/1pn1p9n/updated_to_ios_262_and_wireless_carplay_is_still/,https://www.reddit.com/r/CarPlay/comments/1pn1p9n/updated_to_ios_262_and_wireless_carplay_is_still/
1pn14c4,[USA-IL] [H] iPhone 17 Pro Max 256GB Unlocked Silver with cases and box/OG charger [W] iPhone 17 Pro 256\512GB Unlocked Deep Blue,rainywalks13,2025-12-15T07:03:57,1,0.67,hardwareswap,https://www.reddit.com/r/hardwareswap/comments/1pn14c4/usail_h_iphone_17_pro_max_256gb_unlocked_silver/,https://www.reddit.com/r/hardwareswap/comments/1pn14c4/usail_h_iphone_17_pro_max_256gb_unlocked_silver/
1pn0ziz,"iPhone users, question po?",Past-Management-9669,2025-12-15T06:55:27,0,0.13,CasualPH,https://www.reddit.com/r/CasualPH/comments/1pn0ziz/iphone_users_question_po/,https://www.reddit.com/gallery/1pn0ziz
1pn0fmp,"What did I capture here on a dark, cloudless night in New Jersey?",Only-Pudding-4283,2025-12-15T06:21:21,1,1,askastronomy,https://www.reddit.com/r/askastronomy/comments/1pn0fmp/what_did_i_capture_here_on_a_dark_cloudless_night/,https://www.reddit.com/r/askastronomy/comments/1pn0fmp/what_did_i_capture_here_on_a_dark_cloudless_night/
1pmz2lt,v1.4.11: Performance improvements and bug fixes,zach-builds,2025-12-15T05:02:40,6,1,ButterKit,https://www.reddit.com/r/ButterKit/comments/1pmz2lt/v1411_performance_improvements_and_bug_fixes/,https://i.redd.it/t8a72qzxua7g1.jpeg
1pmy4w1,Always have gone back and forth between Apple & Samsung. Maybe I’ll stay this time!!,Squigly1,2025-12-15T04:12:37,104,0.89,iPhone17Pro,https://www.reddit.com/r/iPhone17Pro/comments/1pmy4w1/always_have_gone_back_and_forth_between_apple/,https://i.redd.it/jhlphnnlma7g1.jpeg
1pmxauv,"Taken on my iPhone 17 Pro Max - Edited in Lightroom, Free Plan",EconomyDifficulty390,2025-12-15T03:29:12,2,0.67,iPhoneography,https://www.reddit.com/r/iPhoneography/comments/1pmxauv/taken_on_my_iphone_17_pro_max_edited_in_lightroom/,https://www.reddit.com/gallery/1pmxauv
1pmx5cz,iPhone 17 Pro Max - Edited in Lightroom,EconomyDifficulty390,2025-12-15T03:21:21,2,0.6,iPhoneography,https://www.reddit.com/r/iPhoneography/comments/1pmx5cz/iphone_17_pro_max_edited_in_lightroom/,https://www.reddit.com/gallery/1pmx5cz
1pmwl55,iPhone 17 Pro Max for the Northern Lights,zackk3030,2025-12-15T02:52:32,4,0.76,iphone,https://www.reddit.com/r/iphone/comments/1pmwl55/iphone_17_pro_max_for_the_northern_lights/,https://www.reddit.com/r/iphone/comments/1pmwl55/iphone_17_pro_max_for_the_northern_lights/
1pmwg14,"Apple iPhone 17 Pro Max 1TB - Silver (MFYV4X/A) $2,899 + Delivery ($0 C&C) @ Umart",OzBargainBot,2025-12-15T02:45:16,1,1,OzBargainNew,https://www.reddit.com/r/OzBargainNew/comments/1pmwg14/apple_iphone_17_pro_max_1tb_silver_mfyv4xa_2899/,https://www.ozbargain.com.au/node/940120?utm_campaign=redditozbnew&utm_medium=reddit&utm_source=reddit
1pmw7af,Help with Tank case.,Ibarra805,2025-12-15T02:33:34,0,0.5,dbrand,https://www.reddit.com/r/dbrand/comments/1pmw7af/help_with_tank_case/,https://www.reddit.com/r/dbrand/comments/1pmw7af/help_with_tank_case/
1pmvega,Did I not give it enough time?,Busy_Recognition_930,2025-12-15T01:55:33,39,0.71,iphone,https://www.reddit.com/r/iphone/comments/1pmvega/did_i_not_give_it_enough_time/,https://www.reddit.com/r/iphone/comments/1pmvega/did_i_not_give_it_enough_time/
1pmv5u7,"TORRAS Präzise für iPhone 17 Pro Max für Panzerglas [Full Screen & Nr.1 Stoßfest] Exklusive Schutzfolie für iPhone 17 Pro Max Folie 9H+ glas, Auto Mon... Ersparnis: -15 % 23,74 €",marie_sparqueen,2025-12-15T01:43:55,1,1,PreisOase,https://www.reddit.com/r/PreisOase/comments/1pmv5u7/torras_präzise_für_iphone_17_pro_max_für/,https://www.amazon.de/dp/B0FF4SV723?tag=sharkylinkref-21
1pmuibi,iPhone 17 Pro Max / Christmas Lights 🎄,Conimm,2025-12-15T01:11:26,2,0.75,iPhone17Pro,https://www.reddit.com/r/iPhone17Pro/comments/1pmuibi/iphone_17_pro_max_christmas_lights/,https://www.reddit.com/gallery/1pmuh8x
1pmtz2j,Firmware restore DFU in Ubuntu,darkaeden,2025-12-15T00:45:32,2,1,ios,https://www.reddit.com/r/ios/comments/1pmtz2j/firmware_restore_dfu_in_ubuntu/,https://www.reddit.com/r/ios/comments/1pmtz2j/firmware_restore_dfu_in_ubuntu/
1pmt70v,🆓 Amazon gift cards below❗️🎁,WarFamiliar6210,2025-12-15T00:08:27,1,1,ProGigs,https://www.reddit.com/r/ProGigs/comments/1pmt70v/amazon_gift_cards_below/,https://i.redd.it/u7fdcth1f97g1.jpeg
1pmsnfu,Glitch Noise??,Still-Perspective-15,2025-12-14T23:43:22,0,0.33,iPhone17Pro,https://www.reddit.com/r/iPhone17Pro/comments/1pmsnfu/glitch_noise/,https://www.reddit.com/r/iPhone17Pro/comments/1pmsnfu/glitch_noise/
1pmrxda,Random restart?,Jumpy-Tradition1907,2025-12-14T23:10:21,0,0.5,iPhone17Pro,https://www.reddit.com/r/iPhone17Pro/comments/1pmrxda/random_restart/,https://www.reddit.com/r/iPhone17Pro/comments/1pmrxda/random_restart/
1pmrqlj,Green Flickers Watching Videos,Extra-Case7018,2025-12-14T23:02:11,6,1,iPhone17Pro,https://www.reddit.com/r/iPhone17Pro/comments/1pmrqlj/green_flickers_watching_videos/,https://i.redd.it/8lczjrv7397g1.jpeg
1pmr8lh,Who don’t have lemon8 get free $10 giftcard for inviting 1 person,FaithlessnessDue9367,2025-12-14T22:40:16,1,1,Referrallinks,https://www.reddit.com/r/Referrallinks/comments/1pmr8lh/who_dont_have_lemon8_get_free_10_giftcard_for/,https://www.reddit.com/gallery/1pmr8lh
1pmqjua,How to Create a Cozy Winter Collage with Audio Player Floating Using Nano Banana Pro? Prompt Below!,GearOkBjork,2025-12-14T22:10:47,60,0.97,GeminiNanoBanana2,https://www.reddit.com/r/GeminiNanoBanana2/comments/1pmqjua/how_to_create_a_cozy_winter_collage_with_audio/,https://i.redd.it/w72e8e4qt87g1.png
1pmqh4e,Laggy scrolling across apps since updating to iOS 26.2,Apollo_M,2025-12-14T22:07:30,1,1,iPhone17Pro,https://www.reddit.com/r/iPhone17Pro/comments/1pmqh4e/laggy_scrolling_across_apps_since_updating_to_ios/,https://www.reddit.com/r/iPhone17Pro/comments/1pmqh4e/laggy_scrolling_across_apps_since_updating_to_ios/
1pmpjou,Is that normal or not,mado1ne0,2025-12-14T21:28:51,0,0.31,iphone,https://www.reddit.com/r/iphone/comments/1pmpjou/is_that_normal_or_not/,https://i.redd.it/d9r1otbkm87g1.jpeg
1pmpc9m,Is that normal or not,mado1ne0,2025-12-14T21:20:21,0,0.25,iPhone17Pro,https://www.reddit.com/r/iPhone17Pro/comments/1pmpc9m/is_that_normal_or_not/,https://i.redd.it/2gekyhp1l87g1.jpeg
1pmp9oq,Trakai 🇱🇹 on iPhone 17 Pro Max,Complete_Sell_2319,2025-12-14T21:17:25,6,1,mobilephotography,https://www.reddit.com/r/mobilephotography/comments/1pmp9oq/trakai_on_iphone_17_pro_max/,https://www.reddit.com/gallery/1pmp8v5
1pmolno,I just switched iPhones and now having trouble signing into gmail,#NAME?,2025-12-14T20:49:51,0,0.29,GMail,https://www.reddit.com/r/GMail/comments/1pmolno/i_just_switched_iphones_and_now_having_trouble/,https://www.reddit.com/r/GMail/comments/1pmolno/i_just_switched_iphones_and_now_having_trouble/
1pmo0y0,The latest edc rotation,Psynotix,2025-12-14T20:25:27,30,0.74,EDC,https://www.reddit.com/r/EDC/comments/1pmo0y0/the_latest_edc_rotation/,https://i.redd.it/juf036l8b87g1.jpeg
1pmnstp,Backing up only certain Apps?,Dude_Abroad,2025-12-14T20:16:01,1,1,ios,https://www.reddit.com/r/ios/comments/1pmnstp/backing_up_only_certain_apps/,https://www.reddit.com/r/ios/comments/1pmnstp/backing_up_only_certain_apps/
1pmkm7p,Updated to iOS 26.2 and wireless CarPlay is STILL broken,vanbilderass,2025-12-14T18:06:29,0,0.5,ios,https://www.reddit.com/r/ios/comments/1pmkm7p/updated_to_ios_262_and_wireless_carplay_is_still/,https://www.reddit.com/r/ios/comments/1pmkm7p/updated_to_ios_262_and_wireless_carplay_is_still/
1pmil5q,Speaker Noise Issue While Charging and Using iPhone 17 Pro Max (Ongoing Follow-up and Correspondence with Apple ) – Updates Provided Continuously,drafshin,2025-12-14T16:45:28,0,0.5,iPhone17Pro,https://www.reddit.com/r/iPhone17Pro/comments/1pmil5q/speaker_noise_issue_while_charging_and_using/,https://www.reddit.com/gallery/1pkvopp
1pmiemj,Carplay volume issue,Immediate-Impact-142,2025-12-14T16:38:23,2,1,Ioniq5,https://www.reddit.com/r/Ioniq5/comments/1pmiemj/carplay_volume_issue/,https://www.reddit.com/r/Ioniq5/comments/1pmiemj/carplay_volume_issue/
1pmi1lv,Lexar Professional GO iPhone 17 Pro Max Incompatibility Explained -,3470LAR,2025-12-14T16:24:04,2,1,smartphonefilming,https://www.reddit.com/r/smartphonefilming/comments/1pmi1lv/lexar_professional_go_iphone_17_pro_max/,https://www.reddit.com/r/smartphonefilming/comments/1pmi1lv/lexar_professional_go_iphone_17_pro_max/
1pmhq3t,"Sun Dogs on a frigid Manitoba Day, iPhone 17 Pro Max, Skyflow App",Armand9x,2025-12-14T16:11:12,25,0.95,timelapse,https://www.reddit.com/r/timelapse/comments/1pmhq3t/sun_dogs_on_a_frigid_manitoba_day_iphone_17_pro/,https://v.redd.it/dwvd6kdv177g1
1pmhdwr,Empty box received instead of IPhone,Appropriate-Sugar132,2025-12-14T15:57:29,12,0.81,ebayuk,https://www.reddit.com/r/ebayuk/comments/1pmhdwr/empty_box_received_instead_of_iphone/,https://www.reddit.com/r/ebayuk/comments/1pmhdwr/empty_box_received_instead_of_iphone/
1pmh3x1,iPhone 17 pro max,babbarossa,2025-12-14T15:45:33,2,1,17ProMax,https://www.reddit.com/r/17ProMax/comments/1pmh3x1/iphone_17_pro_max/,https://www.reddit.com/r/17ProMax/comments/1pmh3x1/iphone_17_pro_max/
1pmgou3,I made the switch from iPhone 15 to S25 Ultra and I'm wishing I made the leap sooner!,Cyphor-o,2025-12-14T15:27:26,0,0.5,samsunggalaxy,https://www.reddit.com/r/samsunggalaxy/comments/1pmgou3/i_made_the_switch_from_iphone_15_to_s25_ultra_and/,https://www.reddit.com/r/samsunggalaxy/comments/1pmgou3/i_made_the_switch_from_iphone_15_to_s25_ultra_and/
1pmfn26,iPhone 17 pro max poor build,Dangerous-Tart-5517,2025-12-14T14:41:56,0,0.2,iphone,https://www.reddit.com/r/iphone/comments/1pmfn26/iphone_17_pro_max_poor_build/,https://www.reddit.com/r/iphone/comments/1pmfn26/iphone_17_pro_max_poor_build/
1pmf36l,"Buying iPhone 17 Pro Max in Bangladesh, Buy Now, Wait till January or Get It from the US?",pookiemon_uWu,2025-12-14T14:16:50,3,0.8,bangladesh,https://www.reddit.com/r/bangladesh/comments/1pmf36l/buying_iphone_17_pro_max_in_bangladesh_buy_now/,https://www.reddit.com/r/bangladesh/comments/1pmf36l/buying_iphone_17_pro_max_in_bangladesh_buy_now/
1pmexwm,"Buying iPhone 17 Pro Max in Bangladesh, Buy Now, Wait till January or Get It from the US?",pookiemon_uWu,2025-12-14T14:10:09,3,1,Dhaka,https://www.reddit.com/r/Dhaka/comments/1pmexwm/buying_iphone_17_pro_max_in_bangladesh_buy_now/,https://www.reddit.com/r/Dhaka/comments/1pmexwm/buying_iphone_17_pro_max_in_bangladesh_buy_now/
1pmer22,iPhone 17 pro max,splendidream88,2025-12-14T14:01:42,107,0.96,mobilephotography,https://www.reddit.com/r/mobilephotography/comments/1pmer22/iphone_17_pro_max/,https://www.reddit.com/gallery/1pmer22
1pmebs6,Just some cows. iPhone 17 Pro Max + Lightroom.,shelbyhunter01,2025-12-14T13:41:20,2,0.75,iPhoneography,https://www.reddit.com/r/iPhoneography/comments/1pmebs6/just_some_cows_iphone_17_pro_max_lightroom/,https://www.reddit.com/gallery/1pmebs6
1pmddh1,Why does my phone go into SOS in all buildings?,SMELTN,2025-12-14T12:53:10,0,0.38,tmobile,https://www.reddit.com/r/tmobile/comments/1pmddh1/why_does_my_phone_go_into_sos_in_all_buildings/,https://www.reddit.com/r/tmobile/comments/1pmddh1/why_does_my_phone_go_into_sos_in_all_buildings/
1pmd0m3,Weird front camera on iPhone 17 pro max,heyy472,2025-12-14T12:33:05,1,1,iphone,https://www.reddit.com/r/iphone/comments/1pmd0m3/weird_front_camera_on_iphone_17_pro_max/,https://www.reddit.com/r/iphone/comments/1pmd0m3/weird_front_camera_on_iphone_17_pro_max/
1pmcbey,Had to upgrade to a S25U from S23U just 2 months before next release,lunaticfiend,2025-12-14T11:52:28,67,0.91,GalaxyS23Ultra,https://www.reddit.com/r/GalaxyS23Ultra/comments/1pmcbey/had_to_upgrade_to_a_s25u_from_s23u_just_2_months/,https://www.reddit.com/gallery/1pmcbey
1pmbgxy,Case or no case with apple care plus,OB250,2025-12-14T11:00:18,0,0.5,iphone,https://www.reddit.com/r/iphone/comments/1pmbgxy/case_or_no_case_with_apple_care_plus/,https://www.reddit.com/r/iphone/comments/1pmbgxy/case_or_no_case_with_apple_care_plus/
1pmb5mn,iPhone to Pixel.,Weekly_Concept6068,2025-12-14T10:40:10,14,0.86,pixel_phones,https://www.reddit.com/r/pixel_phones/comments/1pmb5mn/iphone_to_pixel/,https://www.reddit.com/r/pixel_phones/comments/1pmb5mn/iphone_to_pixel/
1pmb1kb,Cases for iPhone 17 pro max?,Loose_Car_1646,2025-12-14T10:32:36,4,0.67,iPhone17Pro,https://www.reddit.com/r/iPhone17Pro/comments/1pmb1kb/cases_for_iphone_17_pro_max/,https://www.reddit.com/r/iPhone17Pro/comments/1pmb1kb/cases_for_iphone_17_pro_max/
1pm9cib,Should I upgrade my iPhone or wait?,Reasonable_Bag_118,2025-12-14T08:39:34,12,1,iPhone13,https://www.reddit.com/r/iPhone13/comments/1pm9cib/should_i_upgrade_my_iphone_or_wait/,https://www.reddit.com/r/iPhone13/comments/1pm9cib/should_i_upgrade_my_iphone_or_wait/
1pm9auz,Upgrading from the iPhone 17 Pro Max to the Air? …,DirectionOk9962,2025-12-14T08:36:28,6,0.75,IphoneAir,https://www.reddit.com/r/IphoneAir/comments/1pm9auz/upgrading_from_the_iphone_17_pro_max_to_the_air/,https://www.reddit.com/r/IphoneAir/comments/1pm9auz/upgrading_from_the_iphone_17_pro_max_to_the_air/
1pm8ac0,An honest review of the F8 Ultra,Neega_booga,2025-12-14T07:30:41,171,0.98,PocoPhones,https://www.reddit.com/r/PocoPhones/comments/1pm8ac0/an_honest_review_of_the_f8_ultra/,https://i.redd.it/3a3706r0h47g1.jpeg
1pm7zyk,iPhone 17 pro max,Klutzy-Design-9347,2025-12-14T07:11:58,1,1,u_Klutzy-Design-9347,https://www.reddit.com/r/u_Klutzy-Design-9347/comments/1pm7zyk/iphone_17_pro_max/,https://www.reddit.com/r/u_Klutzy-Design-9347/comments/1pm7zyk/iphone_17_pro_max/
1pm5h1i,Apple iPhone 17 Pro Max Clear Case with Magsafe ​​​​​​​$69 Delivered @ Amazon AU,OzBargainBot,2025-12-14T04:44:24,1,1,OzBargain,https://www.reddit.com/r/OzBargain/comments/1pm5h1i/apple_iphone_17_pro_max_clear_case_with_magsafe/,https://www.ozbargain.com.au/node/939938?utm_campaign=redditozb&utm_medium=reddit&utm_source=reddit
1pm5gee,Case suggestions for 17 Pro Max,Intelligent_Fig6869,2025-12-14T04:43:25,248,0.94,iPhone17Pro,https://www.reddit.com/r/iPhone17Pro/comments/1pm5gee/case_suggestions_for_17_pro_max/,https://i.redd.it/euga6br6n37g1.jpeg
1pm54z9,"One person in circle shows no network or signal for just me, no one else in the circle",NotSoPhantastical,2025-12-14T04:25:40,1,0.99,Life360,https://www.reddit.com/r/Life360/comments/1pm54z9/one_person_in_circle_shows_no_network_or_signal/,https://www.reddit.com/r/Life360/comments/1pm54z9/one_person_in_circle_shows_no_network_or_signal/
1pm3gsg,This battery life is insane 🔥,Tosta-Misto,2025-12-14T02:57:51,22,0.87,ios26,https://www.reddit.com/r/ios26/comments/1pm3gsg/this_battery_life_is_insane/,https://i.redd.it/iepx6jlc437g1.jpeg
1pm1bds,Just got my iPhone 17 pro max,Efficient-Outcome340,2025-12-14T01:09:30,5,0.86,iPhone17Pro,https://www.reddit.com/r/iPhone17Pro/comments/1pm1bds/just_got_my_iphone_17_pro_max/,https://www.reddit.com/r/iPhone17Pro/comments/1pm1bds/just_got_my_iphone_17_pro_max/
1pm12ec,"Verizon speed inside Fiserv Forum, Milwaukee.",TrippyyMuffin,2025-12-14T00:57:30,24,0.97,cellmapper,https://www.reddit.com/r/cellmapper/comments/1pm12ec/verizon_speed_inside_fiserv_forum_milwaukee/,https://i.redd.it/7lj0q1qvi27g1.jpeg
1plzfk5,"[USA-MN] [H] iPhone 17 Pro Max Silver Unlocked 256gb AS-IS [W] PayPal, Local Cash",FrankeyStein_,2025-12-13T23:39:40,0,0.21,appleswap,https://www.reddit.com/r/appleswap/comments/1plzfk5/usamn_h_iphone_17_pro_max_silver_unlocked_256gb/,https://www.reddit.com/r/appleswap/comments/1plzfk5/usamn_h_iphone_17_pro_max_silver_unlocked_256gb/
1plyz3e,Music Player not playing music on iPhone 17 Pro Max when I lick the screen or leave the music,Exact-Fortune4474,2025-12-13T23:18:18,1,1,iphone,https://www.reddit.com/r/iphone/comments/1plyz3e/music_player_not_playing_music_on_iphone_17_pro/,https://www.reddit.com/r/iphone/comments/1plyz3e/music_player_not_playing_music_on_iphone_17_pro/
1plwqx0,Real life test of Global Pass - it’s good… and kinda not good.,VictorChristian,2025-12-13T21:38:03,54,0.9,Visible,https://www.reddit.com/r/Visible/comments/1plwqx0/real_life_test_of_global_pass_its_good_and_kinda/,https://www.reddit.com/r/Visible/comments/1plwqx0/real_life_test_of_global_pass_its_good_and_kinda/
1plwosz,"Performance over looks because I have no style, rate and judge me please (tips welcomed)",aa36f672-d62f-41fd,2025-12-13T21:35:29,28,0.97,gamingsetups,https://www.reddit.com/r/gamingsetups/comments/1plwosz/performance_over_looks_because_i_have_no_style/,https://www.reddit.com/gallery/1plwosz
1plvbke,unexpected behavior when sacrificing two followers,froggyplane,2025-12-13T20:35:06,11,1,CultOfTheLamb,https://www.reddit.com/r/CultOfTheLamb/comments/1plvbke/unexpected_behavior_when_sacrificing_two_followers/,https://www.reddit.com/r/CultOfTheLamb/comments/1plvbke/unexpected_behavior_when_sacrificing_two_followers/
1plv3o6,"Lost welcome kit, can I return to authorized reseller store nearby to keep promo?",No-Literature-1190,2025-12-13T20:25:37,4,0.75,USCellular,https://www.reddit.com/r/USCellular/comments/1plv3o6/lost_welcome_kit_can_i_return_to_authorized/,https://www.reddit.com/r/USCellular/comments/1plv3o6/lost_welcome_kit_can_i_return_to_authorized/
1pluudm,Nomad Case Power button fell off completely,groogerlox,2025-12-13T20:14:27,4,0.84,patinaproud,https://www.reddit.com/r/patinaproud/comments/1pluudm/nomad_case_power_button_fell_off_completely/,https://www.reddit.com/gallery/1pluudm
1plub0c,Installing some RhinoShield accessories on an (already unboxed) iPhone 17 Pro Max,thexbeatboxer,2025-12-13T19:51:12,11,0.87,Reverse1999,https://www.reddit.com/r/Reverse1999/comments/1plub0c/installing_some_rhinoshield_accessories_on_an/,https://www.reddit.com/gallery/1plub0c
1pltugo,iPhone 17 pro Max case,J_albavera,2025-12-13T19:31:35,2,1,MOMENT,https://www.reddit.com/r/MOMENT/comments/1pltugo/iphone_17_pro_max_case/,https://www.reddit.com/r/MOMENT/comments/1pltugo/iphone_17_pro_max_case/
1pltqei,Snail,Commercial_Ratio636,2025-12-13T19:26:48,11,0.92,rolex,https://www.reddit.com/r/rolex/comments/1pltqei/snail/,https://www.reddit.com/gallery/1pltqei
1pltfx2,Will there be a fully encased version of Clicks for iPhone 17 Pro Max?,NurseRatchettt,2025-12-13T19:14:31,5,0.78,ClicksKeyboard,https://www.reddit.com/r/ClicksKeyboard/comments/1pltfx2/will_there_be_a_fully_encased_version_of_clicks/,https://www.reddit.com/r/ClicksKeyboard/comments/1pltfx2/will_there_be_a_fully_encased_version_of_clicks/
1plsy0e,2010 ML350 and iPhone 17 Pro Max?,SunnyAD2025,2025-12-13T18:54:03,1,1,mercedes_benz,https://www.reddit.com/r/mercedes_benz/comments/1plsy0e/2010_ml350_and_iphone_17_pro_max/,https://www.reddit.com/r/mercedes_benz/comments/1plsy0e/2010_ml350_and_iphone_17_pro_max/
1plsina,Ähnliche Spiele wie Planet of Lana,wodkasreineseele69,2025-12-13T18:36:29,0,0.5,gamingsuggestions,https://www.reddit.com/r/gamingsuggestions/comments/1plsina/ähnliche_spiele_wie_planet_of_lana/,https://www.reddit.com/r/gamingsuggestions/comments/1plsina/ähnliche_spiele_wie_planet_of_lana/
1plret5,I just switched from a Galaxy S24 ultra to an iPhone 17 pro max.. And I don’t think I can ever go back to Android,Valuable_Signal8158,2025-12-13T17:50:33,0,0.41,samsunggalaxy,https://www.reddit.com/r/samsunggalaxy/comments/1plret5/i_just_switched_from_a_galaxy_s24_ultra_to_an/,https://www.reddit.com/gallery/1plret5
1plrest,Pink iPhone case,Serious-Version-8210,2025-12-13T17:50:32,1,0.67,Rimowa,https://www.reddit.com/r/Rimowa/comments/1plrest/pink_iphone_case/,https://www.reddit.com/r/Rimowa/comments/1plrest/pink_iphone_case/
1plreq9,I just switched from a Galaxy S24 ultra to an iPhone 17 pro max.. And I don’t think I can ever go back to Android,Valuable_Signal8158,2025-12-13T17:50:26,0,0.39,samsunggalaxy,https://www.reddit.com/r/samsunggalaxy/comments/1plreq9/i_just_switched_from_a_galaxy_s24_ultra_to_an/,https://www.reddit.com/gallery/1plreq9
1plr4ds,I'm very confused as I want to buy a new phone which one should I get...,RealSecretary6085,2025-12-13T17:38:26,11,0.92,AppleWhatShouldIBuy,https://www.reddit.com/r/AppleWhatShouldIBuy/comments/1plr4ds/im_very_confused_as_i_want_to_buy_a_new_phone/,https://www.reddit.com/r/AppleWhatShouldIBuy/comments/1plr4ds/im_very_confused_as_i_want_to_buy_a_new_phone/
1plr2ax,I'm very confused as I want to buy a new phone which one should I get...As I'm an android user till now but a teenager (18) too..,RealSecretary6085,2025-12-13T17:36:00,1,0.6,Smartphones,https://www.reddit.com/r/Smartphones/comments/1plr2ax/im_very_confused_as_i_want_to_buy_a_new_phone/,https://www.reddit.com/r/Smartphones/comments/1plr2ax/im_very_confused_as_i_want_to_buy_a_new_phone/
1plqxxv,I'm very confused as I want to buy a new phone which one should I get...,RealSecretary6085,2025-12-13T17:31:00,6,1,PickAnAndroidForMe,https://www.reddit.com/r/PickAnAndroidForMe/comments/1plqxxv/im_very_confused_as_i_want_to_buy_a_new_phone/,https://www.reddit.com/r/PickAnAndroidForMe/comments/1plqxxv/im_very_confused_as_i_want_to_buy_a_new_phone/
1plq3an,iPhone 17 pro max need screen protector ?,uonlylvonce,2025-12-13T16:55:54,14,0.89,iPhone17Pro,https://www.reddit.com/r/iPhone17Pro/comments/1plq3an/iphone_17_pro_max_need_screen_protector/,https://www.reddit.com/r/iPhone17Pro/comments/1plq3an/iphone_17_pro_max_need_screen_protector/
1plpmwz,Best camera privacy cover,woodsandrain,2025-12-13T16:36:57,0,0.43,iphone,https://www.reddit.com/r/iphone/comments/1plpmwz/best_camera_privacy_cover/,https://i.redd.it/gqw60csk107g1.jpeg
1plpbpe,"With AT&T Next Up Anytime + AppleCare+, do I still need a screen protector on iPhone 17 Pro Max? Yearly upgrader here",uonlylvonce,2025-12-13T16:24:07,0,0.33,iphone,https://www.reddit.com/r/iphone/comments/1plpbpe/with_att_next_up_anytime_applecare_do_i_still/,https://www.reddit.com/r/iphone/comments/1plpbpe/with_att_next_up_anytime_applecare_do_i_still/
1ployak,"My views on Smartphones (Samsung, Apple, Pixel and chinese phones) to help you decide your next phone.",KimEliseLinden,2025-12-13T16:08:59,16,0.81,Smartphones,https://www.reddit.com/r/Smartphones/comments/1ployak/my_views_on_smartphones_samsung_apple_pixel_and/,https://www.reddit.com/r/Smartphones/comments/1ployak/my_views_on_smartphones_samsung_apple_pixel_and/
1pln4g9,16e is the 4th best selling smartphone worldwide in 2025 q3,Consistent_Snow7844,2025-12-13T14:50:39,130,0.98,IPhone16e,https://www.reddit.com/r/IPhone16e/comments/1pln4g9/16e_is_the_4th_best_selling_smartphone_worldwide/,https://i.redd.it/2d1i0mwliz6g1.jpeg
1plmyag,Qi charger in ‘24 model Y not working on iPhone 17 pro max,Turtleguycool,2025-12-13T14:42:42,2,0.75,TeslaLounge,https://www.reddit.com/r/TeslaLounge/comments/1plmyag/qi_charger_in_24_model_y_not_working_on_iphone_17/,https://www.reddit.com/r/TeslaLounge/comments/1plmyag/qi_charger_in_24_model_y_not_working_on_iphone_17/
1plmn0c,which of these should I buy?,East-Client-2001,2025-12-13T14:28:13,0,0.14,ShopeePH,https://www.reddit.com/r/ShopeePH/comments/1plmn0c/which_of_these_should_i_buy/,https://i.redd.it/fodbu2olez6g1.jpeg
1plif7e,Brisbane Concert Photos,Complete_Plenty8874,2025-12-13T10:33:42,92,1,DominicFike,https://www.reddit.com/r/DominicFike/comments/1plif7e/brisbane_concert_photos/,https://www.reddit.com/gallery/1plif7e
1pli0t9,How to restore AT&T Protect Advantage coverage,Direct-Pass-6566,2025-12-13T10:07:08,2,1,ATT,https://www.reddit.com/r/ATT/comments/1pli0t9/how_to_restore_att_protect_advantage_coverage/,https://www.reddit.com/r/ATT/comments/1pli0t9/how_to_restore_att_protect_advantage_coverage/
1plhp2n,Apple iPhone 17 Pro Max Clear Case with Magsafe ​​​​​​​ $69,OzBargainBot,2025-12-13T09:45:21,1,1,OzBargainNew,https://www.reddit.com/r/OzBargainNew/comments/1plhp2n/apple_iphone_17_pro_max_clear_case_with_magsafe_69/,https://www.ozbargain.com.au/node/939938?utm_campaign=redditozbnew&utm_medium=reddit&utm_source=reddit
1plgrms,!!!SPOTIFY PREMIUM USERS!!! I found a way to clear !!!≈55GB!!! of storage in 2 minutes,Bitter-Life2116,2025-12-13T08:41:55,0,0.41,ios,https://www.reddit.com/r/ios/comments/1plgrms/spotify_premium_users_i_found_a_way_to_clear_55gb/,https://www.reddit.com/gallery/1plgrms
1plgqer,Glitch with version 1.11.2,330toSRT8,2025-12-13T08:39:40,6,0.75,MoodCamera,https://www.reddit.com/r/MoodCamera/comments/1plgqer/glitch_with_version_1112/,https://www.reddit.com/gallery/1plgqer
1plgq41,Iphone India vs Iphone US,whitegamora,2025-12-13T08:39:09,525,0.96,iPhoneWale,https://www.reddit.com/r/iPhoneWale/comments/1plgq41/iphone_india_vs_iphone_us/,https://www.reddit.com/gallery/1plgq41
1plgmtx,Does this battery usage look normal iPhone 17 Pro Max hitting 150 plus percent with under 5 hours screen time?,Mesmerisez,2025-12-13T08:33:00,0,0.33,applehelp,https://www.reddit.com/r/applehelp/comments/1plgmtx/does_this_battery_usage_look_normal_iphone_17_pro/,https://www.reddit.com/gallery/1plgmtx
1pldmos,Photo bombed by nature,ayeggsmons,2025-12-13T05:26:16,16,0.95,wildlifephotography,https://www.reddit.com/r/wildlifephotography/comments/1pldmos/photo_bombed_by_nature/,https://i.redd.it/1rrrqb3xpw6g1.jpeg
1pldaqk,"I just took this photo, what do y’all think? - iPhone 17 Pro Max",Baconkings,2025-12-13T05:07:30,85,1,lies,https://www.reddit.com/r/lies/comments/1pldaqk/i_just_took_this_photo_what_do_yall_think_iphone/,https://i.redd.it/6t2nq8fkmw6g1.jpeg
1plcvg1,"[USA-MN] [H] iPhone 17 Pro Max Silver Unlocked 256gb AS-IS [W] PayPal, Local Cash",FrankeyStein_,2025-12-13T04:44:40,0,0.17,hardwareswap,https://www.reddit.com/r/hardwareswap/comments/1plcvg1/usamn_h_iphone_17_pro_max_silver_unlocked_256gb/,https://www.reddit.com/r/hardwareswap/comments/1plcvg1/usamn_h_iphone_17_pro_max_silver_unlocked_256gb/
1plbzy8,ASUS ROG ARION <—> iPhone 17 Pro Max,PTEBOOSTED,2025-12-13T03:57:44,1,1,u_PTEBOOSTED,https://www.reddit.com/r/u_PTEBOOSTED/comments/1plbzy8/asus_rog_arion_iphone_17_pro_max/,https://i.redd.it/xaht3ya4aw6g1.jpeg
1plbrg6,iPhone 17 Cases - Reddit Community Stats Comparison 📱,ayo_ninja,2025-12-13T03:45:14,1,1,u_ayo_ninja,https://www.reddit.com/r/u_ayo_ninja/comments/1plbrg6/iphone_17_cases_reddit_community_stats_comparison/,https://i.redd.it/f3nhi6906w6g1.png
1plax6l,"You want something slim, strong yet minimalistically complex #iphone #17promax",godatadigital,2025-12-13T03:01:30,1,1,u_godatadigital,https://www.reddit.com/r/u_godatadigital/comments/1plax6l/you_want_something_slim_strong_yet/,https://i.redd.it/yhf5gx630w6g1.jpeg
1plaouh,Urban riders: Has anyone else had issues with the Mous IntraLock phone mount?,bikeslangg,2025-12-13T02:49:43,2,0.75,bicycling,https://www.reddit.com/r/bicycling/comments/1plaouh/urban_riders_has_anyone_else_had_issues_with_the/,https://www.reddit.com/r/bicycling/comments/1plaouh/urban_riders_has_anyone_else_had_issues_with_the/
1plao6g,"Even in 2025, the iPhone 13 mini still boasts the highest PPI (476) of any iPhone ever made - sharper than the latest 17 Pro Max!",reversedu,2025-12-13T02:48:46,214,0.91,iphone,https://www.reddit.com/r/iphone/comments/1plao6g/even_in_2025_the_iphone_13_mini_still_boasts_the/,https://www.reddit.com/r/iphone/comments/1plao6g/even_in_2025_the_iphone_13_mini_still_boasts_the/
1pla6vo,Can’t back up having enough space on iPhone 17 Pro Max and iCloud. Please help,tedbundy25,2025-12-13T02:24:34,6,0.8,whatsapp,https://www.reddit.com/r/whatsapp/comments/1pla6vo/cant_back_up_having_enough_space_on_iphone_17_pro/,https://i.redd.it/ygs3chqhtv6g1.jpeg
1pla4gc,Razr 60 Ultra (2025) 6 Month Review,dabsterdan,2025-12-13T02:21:13,10,0.76,razr,https://www.reddit.com/r/razr/comments/1pla4gc/razr_60_ultra_2025_6_month_review/,https://www.reddit.com/r/razr/comments/1pla4gc/razr_60_ultra_2025_6_month_review/
1pl9gsr,Side loading on iPhone 17,mkukid,2025-12-13T01:48:35,2,1,sideloaded,https://www.reddit.com/r/sideloaded/comments/1pl9gsr/side_loading_on_iphone_17/,https://www.reddit.com/r/sideloaded/comments/1pl9gsr/side_loading_on_iphone_17/
1pl9eok,iPhone 17 pro Max or s25 ultra,Aware_Description_69,2025-12-13T01:45:36,15,0.85,Smartphones,https://www.reddit.com/r/Smartphones/comments/1pl9eok/iphone_17_pro_max_or_s25_ultra/,https://www.reddit.com/r/Smartphones/comments/1pl9eok/iphone_17_pro_max_or_s25_ultra/
1pl7vu9,$830 credit with no trade-in (keep UW plan) promo: Deal or No Deal?,DistributionThink536,2025-12-13T00:32:35,1,0.56,verizon,https://www.reddit.com/r/verizon/comments/1pl7vu9/830_credit_with_no_tradein_keep_uw_plan_promo/,https://www.reddit.com/r/verizon/comments/1pl7vu9/830_credit_with_no_tradein_keep_uw_plan_promo/
1pl7kt7,Shiftcam grips for iPhone 17 Pro Max,barside04,2025-12-13T00:18:26,1,0.67,iPhone17Pro,https://www.reddit.com/r/iPhone17Pro/comments/1pl7kt7/shiftcam_grips_for_iphone_17_pro_max/,https://www.reddit.com/r/iPhone17Pro/comments/1pl7kt7/shiftcam_grips_for_iphone_17_pro_max/
1pl71du,Zoom in and check out the internal body structure on this berried Neo,Xenniel_X,2025-12-12T23:53:42,2,1,shrimptank,https://www.reddit.com/r/shrimptank/comments/1pl71du/zoom_in_and_check_out_the_internal_body_structure/,https://i.redd.it/en1ggg2l2v6g1.jpeg
1pl5oks,My iPhone 17 Pro Max Was Stolen and I’m Still Weirdly Shaken,pinkmor,2025-12-12T22:52:40,282,0.9,iphone,https://www.reddit.com/r/iphone/comments/1pl5oks/my_iphone_17_pro_max_was_stolen_and_im_still/,https://www.reddit.com/r/iphone/comments/1pl5oks/my_iphone_17_pro_max_was_stolen_and_im_still/
1pl4u2a,"New small cells in Dothan, AL. Most do Gig!",Murp677,2025-12-12T22:16:04,39,0.95,cellmapper,https://www.reddit.com/r/cellmapper/comments/1pl4u2a/new_small_cells_in_dothan_al_most_do_gig/,https://www.reddit.com/gallery/1pl4u2a
1pl4q9a,eSIM error?,Round-Awareness3737,2025-12-12T22:11:31,4,1,1pmobile,https://www.reddit.com/r/1pmobile/comments/1pl4q9a/esim_error/,https://i.redd.it/jg7wgdrcku6g1.jpeg
1pl1nse,iPhone 17 Pro max display in Lahore?,FAT-OOF,2025-12-12T20:03:13,0,0.5,PakistaniTech,https://www.reddit.com/r/PakistaniTech/comments/1pl1nse/iphone_17_pro_max_display_in_lahore/,https://www.reddit.com/r/PakistaniTech/comments/1pl1nse/iphone_17_pro_max_display_in_lahore/
1pl1epq,Speaker Noise Issue While Charging and Using iPhone 17 Pro Max (Ongoing Follow-up and Correspondence with Apple ) – Updates Provided Continuously,drafshin,2025-12-12T19:53:04,1,0.67,iPhone17Pro,https://www.reddit.com/r/iPhone17Pro/comments/1pl1epq/speaker_noise_issue_while_charging_and_using/,https://www.reddit.com/gallery/1pkvopp
1pl18zd,"I’ve just updated my iPhone 17 Pro Max to iOS 20.2, but the crackling/distortion from the top speaker at volumes above ~70% is still there.",Longjumping-Serve-86,2025-12-12T19:46:35,1,1,iphone,https://www.reddit.com/r/iphone/comments/1pl18zd/ive_just_updated_my_iphone_17_pro_max_to_ios_202/,/r/iPhone17Pro/comments/1pl182q/ive_just_updated_my_iphone_17_pro_max_to_ios_202/
1pl182q,"I’ve just updated my iPhone 17 Pro Max to iOS 20.2, but the crackling/distortion from the top speaker at volumes above ~70% is still there.",Longjumping-Serve-86,2025-12-12T19:45:30,5,1,iPhone17Pro,https://www.reddit.com/r/iPhone17Pro/comments/1pl182q/ive_just_updated_my_iphone_17_pro_max_to_ios_202/,https://www.reddit.com/r/iPhone17Pro/comments/1pl182q/ive_just_updated_my_iphone_17_pro_max_to_ios_202/
1pl00mz,Broken Device Cant transfer to new???,bgatesIT,2025-12-12T18:56:36,7,0.81,tmobile,https://www.reddit.com/r/tmobile/comments/1pl00mz/broken_device_cant_transfer_to_new/,https://www.reddit.com/r/tmobile/comments/1pl00mz/broken_device_cant_transfer_to_new/
1pkvwua,UPDATE: iPhone 17 Pro Max scam,nanaquish813,2025-12-12T16:15:47,1,1,u_nanaquish813,https://www.reddit.com/r/u_nanaquish813/comments/1pkvwua/update_iphone_17_pro_max_scam/,https://i.redd.it/z8tl98l95p6g1.jpeg
1pkvwju,Speaker Noise Issue While Charging and Using iPhone 17 Pro Max (Ongoing Follow-up and Correspondence with Apple ) – Updates Provided Continuously,drafshin,2025-12-12T16:15:28,1,0.67,iPhone17Pro,https://www.reddit.com/r/iPhone17Pro/comments/1pkvwju/speaker_noise_issue_while_charging_and_using/,https://www.reddit.com/gallery/1pkvopp
1pkvopp,Speaker Noise Issue While Charging and Using iPhone 17 Pro Max (Ongoing Follow-up and Correspondence with Apple ) – Updates Provided Continuously,drafshin,2025-12-12T16:07:00,4,0.7,iphone,https://www.reddit.com/r/iphone/comments/1pkvopp/speaker_noise_issue_while_charging_and_using/,https://www.reddit.com/gallery/1pkvopp
1pkv2wq,Adding to the fam,NeatArtichoke3973,2025-12-12T15:42:46,7,0.82,iPhone13ProMax,https://www.reddit.com/r/iPhone13ProMax/comments/1pkv2wq/adding_to_the_fam/,https://i.redd.it/0whn4bxzms6g1.jpeg
1pkuv72,Looking Up,MIfungi,2025-12-12T15:34:13,13,0.93,iPhoneography,https://www.reddit.com/r/iPhoneography/comments/1pkuv72/looking_up/,https://i.redd.it/df5n4tnels6g1.jpeg
1pkurxi,iPhone 17 Pro Max vs 16 vs 15 vs 14: What Actually Changed? by Versus,mokong-domeng,2025-12-12T15:30:32,1,1,TechHelpPH,https://www.reddit.com/r/TechHelpPH/comments/1pkurxi/iphone_17_pro_max_vs_16_vs_15_vs_14_what_actually/,https://www.youtube.com/watch?v=RT-s0ken4Qw
1pkubgw,Free profit off their money,Ashamed-Fly-9430,2025-12-12T15:12:17,1,1,u_Ashamed-Fly-9430,https://www.reddit.com/r/u_Ashamed-Fly-9430/comments/1pkubgw/free_profit_off_their_money/,https://www.reddit.com/r/u_Ashamed-Fly-9430/comments/1pkubgw/free_profit_off_their_money/
1pktaro,Ultimate iPhone Speed Test! (Lab Tested) by PhoneBuff,mokong-domeng,2025-12-12T14:30:31,1,1,TechHelpPH,https://www.reddit.com/r/TechHelpPH/comments/1pktaro/ultimate_iphone_speed_test_lab_tested_by_phonebuff/,https://www.youtube.com/watch?v=gf9uuyARY5M
1pkr90l,Ummm….??? 16 hours?? New iPhone taking 16 hours to transfer data from old iPhone.,Severe-Literature-31,2025-12-12T12:58:46,271,0.87,iphone,https://www.reddit.com/r/iphone/comments/1pkr90l/ummm_16_hours_new_iphone_taking_16_hours_to/,https://i.redd.it/jaxmbvcqtr6g1.jpeg
1pkppkk,Phone upgrade,lfc899,2025-12-12T11:35:32,1,0.67,phones,https://www.reddit.com/r/phones/comments/1pkppkk/phone_upgrade/,https://www.reddit.com/r/phones/comments/1pkppkk/phone_upgrade/
1pklwjk,"[Update Salert] Voi ați cerut, eu am facut :)  Acum tu decizi prețul la care cumperi!",sergiucoban,2025-12-12T07:25:42,68,0.96,roFrugal,https://www.reddit.com/r/roFrugal/comments/1pklwjk/update_salert_voi_ați_cerut_eu_am_facut_acum_tu/,https://www.reddit.com/r/roFrugal/comments/1pklwjk/update_salert_voi_ați_cerut_eu_am_facut_acum_tu/
1pklwj0,Pixel 10 Pro XL or iPhone 17 Pro Max?,IAH_85,2025-12-12T07:25:40,0,0.5,Smartphones,https://www.reddit.com/r/Smartphones/comments/1pklwj0/pixel_10_pro_xl_or_iphone_17_pro_max/,https://www.reddit.com/r/Smartphones/comments/1pklwj0/pixel_10_pro_xl_or_iphone_17_pro_max/
1pklviy,iPhone 17 Pro Max after almost 2 and half months of use without case and screen protector. How is your holding?,T-K101,2025-12-12T07:23:55,321,0.97,iPhone17Pro,https://www.reddit.com/r/iPhone17Pro/comments/1pklviy/iphone_17_pro_max_after_almost_2_and_half_months/,https://www.reddit.com/gallery/1pklviy
1pkle4n,UPDATE: iPhone 17 Pro Max scam,jimimayu,2025-12-12T06:53:55,1,1,u_jimimayu,https://www.reddit.com/r/u_jimimayu/comments/1pkle4n/update_iphone_17_pro_max_scam/,https://i.redd.it/z8tl98l95p6g1.jpeg
1pkl6l3,Need recommendation good SSD for iPhone?,lightwillclaim,2025-12-12T06:41:18,3,1,Tech_Philippines,https://www.reddit.com/r/Tech_Philippines/comments/1pkl6l3/need_recommendation_good_ssd_for_iphone/,https://www.reddit.com/r/Tech_Philippines/comments/1pkl6l3/need_recommendation_good_ssd_for_iphone/
1pkku8q,Anyone else feel iPhones struggle with mobile data while Android is smooth?,NewMoney1544,2025-12-12T06:20:33,0,0.42,iphone,https://www.reddit.com/r/iphone/comments/1pkku8q/anyone_else_feel_iphones_struggle_with_mobile/,https://www.reddit.com/r/iphone/comments/1pkku8q/anyone_else_feel_iphones_struggle_with_mobile/
1pkk21g,Umbrellas - Kawagoe,jphonography,2025-12-12T05:36:46,91,0.98,iPhoneography,https://www.reddit.com/r/iPhoneography/comments/1pkk21g/umbrellas_kawagoe/,https://i.redd.it/iqrjgxcvmp6g1.jpeg
1pkk1lj,"Spark NZ discount for a phone, laptop purchase",IndependentRide3192,2025-12-12T05:36:04,0,0.22,iphone,https://www.reddit.com/r/iphone/comments/1pkk1lj/spark_nz_discount_for_a_phone_laptop_purchase/,https://www.reddit.com/r/iphone/comments/1pkk1lj/spark_nz_discount_for_a_phone_laptop_purchase/
1pkjj6w,iPhone 17 Pro Max Official Clear Case Splitting (literally),Curious_Mistake6420,2025-12-12T05:07:42,0,0.43,iphone,https://www.reddit.com/r/iphone/comments/1pkjj6w/iphone_17_pro_max_official_clear_case_splitting/,https://www.reddit.com/gallery/1pkjj6w
1pki60o,UPDATE: iPhone 17 Pro Max scam,meegueroo,2025-12-12T03:58:04,1523,0.98,ShopeePH,https://www.reddit.com/r/ShopeePH/comments/1pki60o/update_iphone_17_pro_max_scam/,https://i.redd.it/z8tl98l95p6g1.jpeg
1pkhsrv,Verizon LTE and Apple CarPlay,Dan-in-Va,2025-12-12T03:40:33,1,1,Hyundai,https://www.reddit.com/r/Hyundai/comments/1pkhsrv/verizon_lte_and_apple_carplay/,https://www.reddit.com/r/Hyundai/comments/1pkhsrv/verizon_lte_and_apple_carplay/
1podlbv,Friend request :-) and advice on crashing,davidipsen,2025-12-16T21:05:52,1,1,PokemonGoFriends,https://www.reddit.com/r/PokemonGoFriends/comments/1podlbv/friend_request_and_advice_on_crashing/,https://www.reddit.com/r/PokemonGoFriends/comments/1podlbv/friend_request_and_advice_on_crashing/
1poddyq,"iPhone 17 Pro/Pro Max, 256 gigs or 512 gigs?",FlyWayOrDaHighway,2025-12-16T20:57:53,1,1,iphone,https://www.reddit.com/r/iphone/comments/1poddyq/iphone_17_propro_max_256_gigs_or_512_gigs/,https://www.reddit.com/r/iphone/comments/1poddyq/iphone_17_propro_max_256_gigs_or_512_gigs/
1pod4or,Battery,joe_mago,2025-12-16T20:47:40,0,0.4,iphone17,https://www.reddit.com/r/iphone17/comments/1pod4or/battery/,https://www.reddit.com/r/iphone17/comments/1pod4or/battery/
1poccp6,"My client lost access to her owner workspace email, can't sign in now",AnchorVA,2025-12-16T20:16:16,2,1,Slack,https://www.reddit.com/r/Slack/comments/1poccp6/my_client_lost_access_to_her_owner_workspace/,https://www.reddit.com/r/Slack/comments/1poccp6/my_client_lost_access_to_her_owner_workspace/
1poc5l3,[USA-MI] [H] iPhone 17 Pro 256GB Unlocked [W] PayPal,m_bob01,2025-12-16T20:08:28,0,0.5,hardwareswap,https://www.reddit.com/r/hardwareswap/comments/1poc5l3/usami_h_iphone_17_pro_256gb_unlocked_w_paypal/,https://www.reddit.com/r/hardwareswap/comments/1poc5l3/usami_h_iphone_17_pro_256gb_unlocked_w_paypal/
1poc4nz,[USA-MI] [H] iPhone 17 Pro 256GB Unlocked [W] PayPal,m_bob01,2025-12-16T20:07:25,1,1,appleswap,https://www.reddit.com/r/appleswap/comments/1poc4nz/usami_h_iphone_17_pro_256gb_unlocked_w_paypal/,https://www.reddit.com/r/appleswap/comments/1poc4nz/usami_h_iphone_17_pro_256gb_unlocked_w_paypal/
1pobqtl,iOS app issues (b3 online),cloudyah,2025-12-16T19:52:29,4,1,barre3,https://www.reddit.com/r/barre3/comments/1pobqtl/ios_app_issues_b3_online/,https://i.redd.it/qji7hi57fm7g1.jpeg
1pobks2,iPhone 17 on silent mode,joj128,2025-12-16T19:45:55,0,0.5,iphone,https://www.reddit.com/r/iphone/comments/1pobks2/iphone_17_on_silent_mode/,https://www.reddit.com/r/iphone/comments/1pobks2/iphone_17_on_silent_mode/
1pob9cm,@ATT CANNOT BE TRUSTED,Accomplished-Seeker,2025-12-16T19:33:29,1,0.6,attwireless,https://www.reddit.com/r/attwireless/comments/1pob9cm/att_cannot_be_trusted/,https://i.redd.it/sefa874tbm7g1.jpeg
1poalf0,"over the sky, shot on iPhone 17 Pro",johnGarcin,2025-12-16T19:07:47,2,1,iPhoneography,https://www.reddit.com/r/iPhoneography/comments/1poalf0/over_the_sky_shot_on_iphone_17_pro/,https://i.redd.it/dj4lhjm77m7g1.jpeg
1poa95p,Want to purchase iPhone 17,ImpossibleCatch4528,2025-12-16T18:54:54,1,1,hyderabad,https://www.reddit.com/r/hyderabad/comments/1poa95p/want_to_purchase_iphone_17/,https://www.reddit.com/r/hyderabad/comments/1poa95p/want_to_purchase_iphone_17/
1poa1mo,Should I update my plan with new plan rate lock expirations?,Mountain_Yote,2025-12-16T18:46:56,1,0.6,verizon,https://www.reddit.com/r/verizon/comments/1poa1mo/should_i_update_my_plan_with_new_plan_rate_lock/,https://www.reddit.com/r/verizon/comments/1poa1mo/should_i_update_my_plan_with_new_plan_rate_lock/
1po9x8y,iPhone 17 stutter in Home Screen,NovelFondant4899,2025-12-16T18:42:21,1,1,iphone,https://www.reddit.com/r/iphone/comments/1po9x8y/iphone_17_stutter_in_home_screen/,https://www.reddit.com/r/iphone/comments/1po9x8y/iphone_17_stutter_in_home_screen/
1po9r96,How To Fix iPhone 17 Pro Not Charging / How To Fix iPhone 17 Not Charging,Pinhead17,2025-12-16T18:36:16,1,1,17ProMax,https://www.reddit.com/r/17ProMax/comments/1po9r96/how_to_fix_iphone_17_pro_not_charging_how_to_fix/,https://youtube.com/watch?v=kxVqly5eTFU&si=Y4kX5e7LwzmUsT7Z
1po9n0w,19 to 66 ratio is not it,FewLeg2982,2025-12-16T18:31:47,3,1,Onlyteenagersallowed,https://www.reddit.com/r/Onlyteenagersallowed/comments/1po9n0w/19_to_66_ratio_is_not_it/,https://www.reddit.com/gallery/1po9n0w
1po8vzp,iPhone 17 vs 16 pro,millidelrey,2025-12-16T18:03:23,8,1,iPhoneWale,https://www.reddit.com/r/iPhoneWale/comments/1po8vzp/iphone_17_vs_16_pro/,https://www.reddit.com/r/iPhoneWale/comments/1po8vzp/iphone_17_vs_16_pro/
1po8drf,My YouTube feed is very short,Keysurfer64,2025-12-16T17:44:34,4,0.76,youtube,https://www.reddit.com/r/youtube/comments/1po8drf/my_youtube_feed_is_very_short/,https://www.reddit.com/r/youtube/comments/1po8drf/my_youtube_feed_is_very_short/
1po7zt9,iPhone 17 Issues Resolved Using Different Fix,MamaMiaXOX,2025-12-16T17:29:58,1,0.67,iphone,https://www.reddit.com/r/iphone/comments/1po7zt9/iphone_17_issues_resolved_using_different_fix/,https://www.reddit.com/r/iphone/comments/1po7zt9/iphone_17_issues_resolved_using_different_fix/
1po7h4l,Buying an IPhone,Financial_Study8667,2025-12-16T17:10:53,1,0.67,AppleWhatShouldIBuy,https://www.reddit.com/r/AppleWhatShouldIBuy/comments/1po7h4l/buying_an_iphone/,https://www.reddit.com/r/AppleWhatShouldIBuy/comments/1po7h4l/buying_an_iphone/
1po7gb3,Apple’s next iPhone 17 model could fix predecessor’s biggest flaw,MobileNewsBot,2025-12-16T17:10:04,1,1,mobiles,https://www.reddit.com/r/mobiles/comments/1po7gb3/apples_next_iphone_17_model_could_fix/,https://9to5mac.com/2025/12/16/apples-next-iphone-17-model-could-fix-predecessors-biggest-flaw/
1po6qdp,S25 Ultra or iPhone 17 base Model?,heickelrrx,2025-12-16T16:43:13,3,1,indotech,https://www.reddit.com/r/indotech/comments/1po6qdp/s25_ultra_or_iphone_17_base_model/,https://www.reddit.com/r/indotech/comments/1po6qdp/s25_ultra_or_iphone_17_base_model/
1po6jqo,"iPhone 17 Pro : boutons « mous » ou « collants », la mauvaise surprise qui agace de plus en plus d’utilisateurs",Droidfr,2025-12-16T16:35:55,1,1,Frandroid,https://www.reddit.com/r/Frandroid/comments/1po6jqo/iphone_17_pro_boutons_mous_ou_collants_la/,https://www.frandroid.com/actualites-generales/2911813_iphone-17-pro-boutons-mous-ou-collants-la-mauvaise-surprise-qui-agace-de-plus-en-plus-dutilisateurs?utm_medium=distibuted&utm_source=reddit&utm_content=directlink&utm_campaign=2911813
1po6ehp,New iPhone 17 battery charger recommendations.,korbid1,2025-12-16T16:30:26,1,1,iPhoneBatteryParanoia,https://www.reddit.com/r/iPhoneBatteryParanoia/comments/1po6ehp/new_iphone_17_battery_charger_recommendations/,https://www.reddit.com/r/iPhoneBatteryParanoia/comments/1po6ehp/new_iphone_17_battery_charger_recommendations/
1po6ebq,New iPhone 17 battery charger recommendations.,korbid1,2025-12-16T16:30:16,0,0.5,iPhoneBatteryParanoia,https://www.reddit.com/r/iPhoneBatteryParanoia/comments/1po6ebq/new_iphone_17_battery_charger_recommendations/,https://www.reddit.com/r/iPhoneBatteryParanoia/comments/1po6ebq/new_iphone_17_battery_charger_recommendations/
1po6dqb,iPhone 17 Home Screen swipe lag after closing an app also scrolling in app,NovelFondant4899,2025-12-16T16:29:39,3,0.81,iphone,https://www.reddit.com/r/iphone/comments/1po6dqb/iphone_17_home_screen_swipe_lag_after_closing_an/,https://www.reddit.com/r/iphone/comments/1po6dqb/iphone_17_home_screen_swipe_lag_after_closing_an/
1po5zhi,[Need Help] Stupid me bought a Demo Unit iPhone 17 Pro,nayirrr,2025-12-16T16:14:25,22,0.86,iphone,https://www.reddit.com/r/iphone/comments/1po5zhi/need_help_stupid_me_bought_a_demo_unit_iphone_17/,https://www.reddit.com/r/iphone/comments/1po5zhi/need_help_stupid_me_bought_a_demo_unit_iphone_17/
1po5mbw,Apple Maps vs Google Maps battery drain on iPhone 17 Pro?,kryggerz,2025-12-16T16:00:26,1,0.67,iPhone17Pro,https://www.reddit.com/r/iPhone17Pro/comments/1po5mbw/apple_maps_vs_google_maps_battery_drain_on_iphone/,https://i.redd.it/buzgp2os9l7g1.jpeg
1po5ght,mist blue or sage?,No_Attention5137,2025-12-16T15:54:09,2,1,iphone17,https://www.reddit.com/r/iphone17/comments/1po5ght/mist_blue_or_sage/,https://www.reddit.com/r/iphone17/comments/1po5ght/mist_blue_or_sage/
1po5bm3,iPhone 17 Pro battery life on cellular (poll),Lil_Nicolai,2025-12-16T15:48:58,0,0.25,iPhone17Pro,https://www.reddit.com/r/iPhone17Pro/comments/1po5bm3/iphone_17_pro_battery_life_on_cellular_poll/,https://www.reddit.com/r/iPhone17Pro/comments/1po5bm3/iphone_17_pro_battery_life_on_cellular_poll/
1po59ua,Difference of screen protectors.,louloualadeloulou,2025-12-16T15:47:10,2,1,Spigen,https://www.reddit.com/r/Spigen/comments/1po59ua/difference_of_screen_protectors/,https://www.reddit.com/r/Spigen/comments/1po59ua/difference_of_screen_protectors/
1po5424,[Android] Comment scroll button keeps reverting to middle of screen - version 2025.49.0.2549090,Goatgamer1016,2025-12-16T15:40:47,4,1,bugs,https://www.reddit.com/r/bugs/comments/1po5424/android_comment_scroll_button_keeps_reverting_to/,https://i.redd.it/z5j7t9fa6l7g1.jpeg
1po51cw,Starting Fresh,Spoonmanor,2025-12-16T15:37:50,0,0.4,iphone,https://www.reddit.com/r/iphone/comments/1po51cw/starting_fresh/,https://www.reddit.com/r/iphone/comments/1po51cw/starting_fresh/
1po4fg2,The Super Draw might be a scam and customer support is apparently useless?,Crazy-Vermicelli1938,2025-12-16T15:13:41,1,1,sweatcoin,https://www.reddit.com/r/sweatcoin/comments/1po4fg2/the_super_draw_might_be_a_scam_and_customer/,https://v.redd.it/m6wcq7ce1l7g1
1po4bs9,Is this really worth it?,Fit_Cardiologist_373,2025-12-16T15:09:40,18,0.73,dbrand,https://www.reddit.com/r/dbrand/comments/1po4bs9/is_this_really_worth_it/,https://i.redd.it/hr6kwumq0l7g1.jpeg
1po4001,Too real 🥀 prices are increasing on daily basis,Dear-Diet-2256,2025-12-16T14:56:50,2019,0.97,PcBuild,https://www.reddit.com/r/PcBuild/comments/1po4001/too_real_prices_are_increasing_on_daily_basis/,https://i.redd.it/bq4k9i5gyk7g1.jpeg
1po3kvn,Apple's tiny line changes of perfection??? (iPhone 17 Pro keynote reveal Vs YouTube introduction),ManyRazzmatazz4584,2025-12-16T14:39:44,1,1,YouTube_startups,https://www.reddit.com/r/YouTube_startups/comments/1po3kvn/apples_tiny_line_changes_of_perfection_iphone_17/,https://youtu.be/lH7s6suWgXk
1po32xp,Is there any way to earn supercoins?,RedditBabaKrish,2025-12-16T14:18:59,4,0.76,Flipkart,https://www.reddit.com/r/Flipkart/comments/1po32xp/is_there_any_way_to_earn_supercoins/,https://i.redd.it/f8vpghxork7g1.png
1po2yne,Shooting video on iPhone 17 Pro in 4:3 aspect ratio,Sad-Repeat-6584,2025-12-16T14:14:05,2,1,iphonehelp,https://www.reddit.com/r/iphonehelp/comments/1po2yne/shooting_video_on_iphone_17_pro_in_43_aspect_ratio/,https://www.reddit.com/r/iphonehelp/comments/1po2yne/shooting_video_on_iphone_17_pro_in_43_aspect_ratio/
1po2rvu,Recently New Verizon Customer 4xiPhone $100 Deal,jboggs85,2025-12-16T14:05:50,1,0.6,verizon,https://www.reddit.com/r/verizon/comments/1po2rvu/recently_new_verizon_customer_4xiphone_100_deal/,https://www.reddit.com/r/verizon/comments/1po2rvu/recently_new_verizon_customer_4xiphone_100_deal/
1po2ms5,HELP: With Some Confusing Settings!,radicalgel,2025-12-16T13:59:55,3,1,nofusion,https://www.reddit.com/r/nofusion/comments/1po2ms5/help_with_some_confusing_settings/,https://www.reddit.com/r/nofusion/comments/1po2ms5/help_with_some_confusing_settings/
1po2bsd,Weird bug while typing review,markydsade,2025-12-16T13:46:13,2,0.63,AmazonVine,https://www.reddit.com/r/AmazonVine/comments/1po2bsd/weird_bug_while_typing_review/,https://i.redd.it/5w32mupulk7g1.jpeg
1po256g,Extremely specific problems when in specific location and connected to WiFi (iPhone 17 pro),silasoverturf,2025-12-16T13:37:58,1,1,techsupport,https://www.reddit.com/r/techsupport/comments/1po256g/extremely_specific_problems_when_in_specific/,https://www.reddit.com/r/techsupport/comments/1po256g/extremely_specific_problems_when_in_specific/
1po24sy,Game freezes,Snoo-72017,2025-12-16T13:37:28,2,0.75,F1Clash,https://www.reddit.com/r/F1Clash/comments/1po24sy/game_freezes/,https://www.reddit.com/r/F1Clash/comments/1po24sy/game_freezes/
1po23nm,0 dollars a month phones,Kakashi6969,2025-12-16T13:36:03,0,0.4,tmobile,https://www.reddit.com/r/tmobile/comments/1po23nm/0_dollars_a_month_phones/,https://www.reddit.com/r/tmobile/comments/1po23nm/0_dollars_a_month_phones/
1po1v63,Shadow or bar next to Dynamic Island with low brightness,imeanyesbutno,2025-12-16T13:25:27,35,0.84,iphone,https://www.reddit.com/r/iphone/comments/1po1v63/shadow_or_bar_next_to_dynamic_island_with_low/,https://i.redd.it/0el5fc65ik7g1.jpeg
1po1ut2,Assist with Safari/Layout,scaredtotellyou,2025-12-16T13:25:00,1,1,ios,https://www.reddit.com/r/ios/comments/1po1ut2/assist_with_safarilayout/,https://www.reddit.com/r/ios/comments/1po1ut2/assist_with_safarilayout/
1po1tq9,Sky Mobile Ireland-experiences?,reotem,2025-12-16T13:23:35,0,0.33,AskIreland,https://www.reddit.com/r/AskIreland/comments/1po1tq9/sky_mobile_irelandexperiences/,https://www.reddit.com/r/AskIreland/comments/1po1tq9/sky_mobile_irelandexperiences/
1po1q1k,"iPhone 16 Pro (700€, refurbished) vs iPhone 17 (900€)",SpecialistCobbler206,2025-12-16T13:18:53,1,0.67,Smartphones,https://www.reddit.com/r/Smartphones/comments/1po1q1k/iphone_16_pro_700_refurbished_vs_iphone_17_900/,https://www.reddit.com/r/Smartphones/comments/1po1q1k/iphone_16_pro_700_refurbished_vs_iphone_17_900/
1po0m6f,Pixel 10 vs. Pixel 9 Pro,SupaaFast,2025-12-16T12:23:45,1,0.67,pixel_phones,https://www.reddit.com/r/pixel_phones/comments/1po0m6f/pixel_10_vs_pixel_9_pro/,https://www.reddit.com/r/pixel_phones/comments/1po0m6f/pixel_10_vs_pixel_9_pro/
1po0lno,How to order iPhone 17 at an US address?,oursecretdiary,2025-12-16T12:22:56,7,0.89,iPhoneWale,https://www.reddit.com/r/iPhoneWale/comments/1po0lno/how_to_order_iphone_17_at_an_us_address/,https://www.reddit.com/r/iPhoneWale/comments/1po0lno/how_to_order_iphone_17_at_an_us_address/
1po0krb,"I just picked up the iPhone 17 base model, am I missing out by skipping the Pro?",KangarooFrosty8421,2025-12-16T12:21:36,0,0.5,iphonehelp,https://www.reddit.com/r/iphonehelp/comments/1po0krb/i_just_picked_up_the_iphone_17_base_model_am_i/,https://www.reddit.com/r/iphonehelp/comments/1po0krb/i_just_picked_up_the_iphone_17_base_model_am_i/
1po0abs,Best Amazon Prime Deals Today 12.16.2025,ALLPhoneNumber,2025-12-16T12:05:45,3,1,PrimeDayDealsBig,https://www.reddit.com/r/PrimeDayDealsBig/comments/1po0abs/best_amazon_prime_deals_today_12162025/,https://www.reddit.com/r/PrimeDayDealsBig/comments/1po0abs/best_amazon_prime_deals_today_12162025/
1po091z,Best Amazon Deals Today - Hand-Picked! 12.16.2025,ALLPhoneNumber,2025-12-16T12:03:50,1,1,blackfridaydeals2025,https://www.reddit.com/r/blackfridaydeals2025/comments/1po091z/best_amazon_deals_today_handpicked_12162025/,https://www.reddit.com/r/blackfridaydeals2025/comments/1po091z/best_amazon_deals_today_handpicked_12162025/
1po056f,Cleaning all but favorited photos from iCloud,Spardan80,2025-12-16T11:58:13,2,0.67,ApplePhotos,https://www.reddit.com/r/ApplePhotos/comments/1po056f/cleaning_all_but_favorited_photos_from_icloud/,https://www.reddit.com/r/ApplePhotos/comments/1po056f/cleaning_all_but_favorited_photos_from_icloud/
1pnzwz5,iPhone 17 pro 256 or 512,Appropriate-Milk7401,2025-12-16T11:45:16,1,0.6,iPhone17Pro,https://www.reddit.com/r/iPhone17Pro/comments/1pnzwz5/iphone_17_pro_256_or_512/,https://www.reddit.com/r/iPhone17Pro/comments/1pnzwz5/iphone_17_pro_256_or_512/
1pnzss4,Alleged Apple Price Hike list,MobileJello1977,2025-12-16T11:38:32,0,0.41,iPhoneWale,https://www.reddit.com/r/iPhoneWale/comments/1pnzss4/alleged_apple_price_hike_list/,https://i.redd.it/tzmow9h2zj7g1.jpeg
1pnzest,#Promorreseña,promobloguiador,2025-12-16T11:15:33,1,1,lomejorenpromos,https://www.reddit.com/r/lomejorenpromos/comments/1pnzest/promorreseña/,https://www.reddit.com/r/lomejorenpromos/comments/1pnzest/promorreseña/
1pnz8bc,Orange iPhone 17 Pro owners: any fading or pink tint issues?,Different_Savings_38,2025-12-16T11:04:55,2,0.57,iPhone17Pro,https://www.reddit.com/r/iPhone17Pro/comments/1pnz8bc/orange_iphone_17_pro_owners_any_fading_or_pink/,https://www.reddit.com/r/iPhone17Pro/comments/1pnz8bc/orange_iphone_17_pro_owners_any_fading_or_pink/
1pnz6hr,"iPhone 17, de Apple: Smartphone 5G, 6,3"", Capacidad 256 GB, iOS. Lavanda",promobloguiador,2025-12-16T11:01:51,1,1,lomejorenpromos,https://www.reddit.com/r/lomejorenpromos/comments/1pnz6hr/iphone_17_de_apple_smartphone_5g_63_capacidad_256/,https://www.amazon.es/dp/B0FQGWQC6S/ref=as_sl_pc_qf_sp_asin_til?tag=promobloguiad-21&linkCode=w00&linkId=f1fa1ea26f035d96ca1a0a567870e6b1&creativeASIN=B0FQGWQC6S
1pnz4wx,"TORRAS Precise for iPhone 17 Pro for Tempered Glass [Full Screen] Exclusive Screen Protector for iPhone 17 Pro Film 9H+ Glass [No. 1 Shockproof], Car ... Ersparnis: -15% 23,74 €",lisa_savesit,2025-12-16T10:59:28,1,1,AmazonFunde,https://www.reddit.com/r/AmazonFunde/comments/1pnz4wx/torras_precise_for_iphone_17_pro_for_tempered/,https://www.amazon.de/dp/B0FF4QV7HJ?tag=sharkylinkref-21
1pnyy1v,Smart Renewal,Tiny-Border-1384,2025-12-16T10:47:34,2,1,InternetPH,https://www.reddit.com/r/InternetPH/comments/1pnyy1v/smart_renewal/,https://www.reddit.com/r/InternetPH/comments/1pnyy1v/smart_renewal/
1pny8l0,Looking for suggestions on credit cards,Safe_Butterfly5273,2025-12-16T10:02:12,1,1,CreditCardsIndia,https://www.reddit.com/r/CreditCardsIndia/comments/1pny8l0/looking_for_suggestions_on_credit_cards/,https://www.reddit.com/r/CreditCardsIndia/comments/1pny8l0/looking_for_suggestions_on_credit_cards/
1pnxvsa,iPhone 17 camera reflection.,korbid1,2025-12-16T09:38:41,0,0.22,iphone,https://www.reddit.com/r/iphone/comments/1pnxvsa/iphone_17_camera_reflection/,https://www.reddit.com/gallery/1pnxvsa
1pnxhar,Multi phones and line to make calls in the new Mac Phone app?,Time-Explorer2000,2025-12-16T09:10:50,0,0.5,MacOS,https://www.reddit.com/r/MacOS/comments/1pnxhar/multi_phones_and_line_to_make_calls_in_the_new/,https://www.reddit.com/r/MacOS/comments/1pnxhar/multi_phones_and_line_to_make_calls_in_the_new/
1pnx5d6,No price hike for iPhone 17 (Rs. 82900),rsndomq,2025-12-16T08:48:20,91,0.97,iPhoneWale,https://www.reddit.com/r/iPhoneWale/comments/1pnx5d6/no_price_hike_for_iphone_17_rs_82900/,https://i.redd.it/0xrohxso4j7g1.jpeg
1pnx21d,applecare+ support in Jordan?,Dry_Secretary_5007,2025-12-16T08:41:49,2,1,jordan,https://www.reddit.com/r/jordan/comments/1pnx21d/applecare_support_in_jordan/,https://www.reddit.com/r/jordan/comments/1pnx21d/applecare_support_in_jordan/
1pnwk7z,Color management settings for Apple Log 2 HEVC footage in Premiere Pro?,HugeLarry,2025-12-16T08:07:57,1,1,premiere,https://www.reddit.com/r/premiere/comments/1pnwk7z/color_management_settings_for_apple_log_2_hevc/,https://www.reddit.com/r/premiere/comments/1pnwk7z/color_management_settings_for_apple_log_2_hevc/
1pnwfbm,What is this reflection?,korbid1,2025-12-16T07:59:22,3,0.81,iPhoneWale,https://www.reddit.com/r/iPhoneWale/comments/1pnwfbm/what_is_this_reflection/,https://www.reddit.com/gallery/1pnwfbm
1pnvyxs,"Hollywood, CA, Dec 2025",Monster1487,2025-12-16T07:28:52,3,0.67,photographs,https://www.reddit.com/r/photographs/comments/1pnvyxs/hollywood_ca_dec_2025/,https://i.redd.it/a4un72xiqi7g1.jpeg
1pnv34j,"yay!! everyone is first, yeah we get it.",civil_brain,2025-12-16T06:33:15,149,0.97,srilanka,https://www.reddit.com/r/srilanka/comments/1pnv34j/yay_everyone_is_first_yeah_we_get_it/,https://i.redd.it/a2p1ln70ci7g1.jpeg
1pnuvpf,Port out Plan for BOGO,acct4prn,2025-12-16T06:21:06,0,0.33,tmobile,https://www.reddit.com/r/tmobile/comments/1pnuvpf/port_out_plan_for_bogo/,https://www.reddit.com/r/tmobile/comments/1pnuvpf/port_out_plan_for_bogo/
1pnu9bt,Why am I leaving Samsung and Switching back to iPhone?,Almont85,2025-12-16T05:45:20,1,1,u_Almont85,https://www.reddit.com/r/u_Almont85/comments/1pnu9bt/why_am_i_leaving_samsung_and_switching_back_to/,https://www.reddit.com/r/u_Almont85/comments/1pnu9bt/why_am_i_leaving_samsung_and_switching_back_to/
1pnu7h2,Spigen Case Suggestion,Bright_Candidate_614,2025-12-16T05:42:15,1,0.6,iphone,https://www.reddit.com/r/iphone/comments/1pnu7h2/spigen_case_suggestion/,https://www.reddit.com/r/iphone/comments/1pnu7h2/spigen_case_suggestion/
1pntsv1,there is a youtube video with 19 million dislikes. this is not the video.,FrontAd7709,2025-12-16T05:19:12,3,0.71,notinteresting,https://www.reddit.com/r/notinteresting/comments/1pntsv1/there_is_a_youtube_video_with_19_million_dislikes/,https://i.redd.it/9nlwnydb3i7g1.jpeg
1pntspk,Will i get 5% cashback from my SBI cashback credit card ? Or there is any *conditions apply lurking.,Additional-Star5568,2025-12-16T05:18:56,118,0.96,CreditCardsIndia,https://www.reddit.com/r/CreditCardsIndia/comments/1pntspk/will_i_get_5_cashback_from_my_sbi_cashback_credit/,https://i.redd.it/c4j4n52a3i7g1.jpeg
1pntph3,iPhone 17 Pro - iOS 26.2,Private-Relay-99,2025-12-16T05:13:55,0,0.33,iPhone17Pro,https://www.reddit.com/r/iPhone17Pro/comments/1pntph3/iphone_17_pro_ios_262/,https://www.reddit.com/r/iPhone17Pro/comments/1pntph3/iphone_17_pro_ios_262/
1pntm9x,How do you get manual camera controls?,frenetic_alien,2025-12-16T05:09:10,0,0.5,iPhone17Pro,https://www.reddit.com/r/iPhone17Pro/comments/1pntm9x/how_do_you_get_manual_camera_controls/,https://www.reddit.com/r/iPhone17Pro/comments/1pntm9x/how_do_you_get_manual_camera_controls/
1pnt7lh,A college student’s small Christmas hope: help with an iPhone 17 Pro for studies and projects,Separate_Respond6057,2025-12-16T04:47:32,1,1,u_Separate_Respond6057,https://www.reddit.com/r/u_Separate_Respond6057/comments/1pnt7lh/a_college_students_small_christmas_hope_help_with/,https://www.reddit.com/r/u_Separate_Respond6057/comments/1pnt7lh/a_college_students_small_christmas_hope_help_with/
1pnssts,Stores within Metro Manila that sells Apple Products,Weird_Tangerine_3733,2025-12-16T04:25:37,1,0.57,Tech_Philippines,https://www.reddit.com/r/Tech_Philippines/comments/1pnssts/stores_within_metro_manila_that_sells_apple/,https://www.reddit.com/r/Tech_Philippines/comments/1pnssts/stores_within_metro_manila_that_sells_apple/
1pnsncl,How to turn videos from Vivo x300 similar to iPhone look/quality?,jayesh13,2025-12-16T04:17:35,5,1,Vivo,https://www.reddit.com/r/Vivo/comments/1pnsncl/how_to_turn_videos_from_vivo_x300_similar_to/,https://www.reddit.com/r/Vivo/comments/1pnsncl/how_to_turn_videos_from_vivo_x300_similar_to/
1pnsit8,AppleCare waiting period?,reghardt08,2025-12-16T04:11:06,0,0.5,iphone,https://www.reddit.com/r/iphone/comments/1pnsit8/applecare_waiting_period/,https://www.reddit.com/r/iphone/comments/1pnsit8/applecare_waiting_period/
1pnrj6m,"Do you guys think the Macbook Air will get a ""iPhone 17"" type of upgrade?",Tinytitanic,2025-12-16T03:21:46,2,0.75,macbook,https://www.reddit.com/r/macbook/comments/1pnrj6m/do_you_guys_think_the_macbook_air_will_get_a/,https://www.reddit.com/r/macbook/comments/1pnrj6m/do_you_guys_think_the_macbook_air_will_get_a/
1pnr3ik,Will the next iPad Pro have the 18MP front camera like the new iPhones?,Praise_Lorde,2025-12-16T03:00:09,6,0.8,iPadPro,https://www.reddit.com/r/iPadPro/comments/1pnr3ik/will_the_next_ipad_pro_have_the_18mp_front_camera/,https://www.reddit.com/r/iPadPro/comments/1pnr3ik/will_the_next_ipad_pro_have_the_18mp_front_camera/
1pnqm7i,Why doesn’t Samsung make a Pro phone?,Fun-Heron-7092,2025-12-16T02:37:07,1,1,MobileTalks,https://www.reddit.com/r/MobileTalks/comments/1pnqm7i/why_doesnt_samsung_make_a_pro_phone/,https://i.redd.it/yjujxjngah7g1.jpeg
1pnqaho,Battery draining on new iPhone 17,Realistic-Recover-35,2025-12-16T02:21:28,1,0.67,iphone17,https://www.reddit.com/r/iphone17/comments/1pnqaho/battery_draining_on_new_iphone_17/,https://i.redd.it/gb9m9sk22h7g1.jpeg
1pnq5bz,Iphone 16 plus,WashHappy5391,2025-12-16T02:14:50,6,0.88,Tech_Philippines,https://www.reddit.com/r/Tech_Philippines/comments/1pnq5bz/iphone_16_plus/,https://www.reddit.com/r/Tech_Philippines/comments/1pnq5bz/iphone_16_plus/
1pnq44h,iPhone 17 Pro camera vs the first iPhone's camera.,Pristine_Age3236,2025-12-16T02:13:19,191,0.96,PhoneNow,https://www.reddit.com/r/PhoneNow/comments/1pnq44h/iphone_17_pro_camera_vs_the_first_iphones_camera/,https://v.redd.it/8kc2b3q36h7g1
1pnpzvp,iPhone 17 Pro Battery Drain,borkode,2025-12-16T02:07:51,1,0.67,iPhone17Pro,https://www.reddit.com/r/iPhone17Pro/comments/1pnpzvp/iphone_17_pro_battery_drain/,https://www.reddit.com/r/iPhone17Pro/comments/1pnpzvp/iphone_17_pro_battery_drain/
1pnpuil,Hidden features,Maxxximeeee,2025-12-16T02:00:49,0,0.38,iphone,https://www.reddit.com/r/iphone/comments/1pnpuil/hidden_features/,https://www.reddit.com/r/iphone/comments/1pnpuil/hidden_features/
1pnpm1h,Battery draining on new iPhone 17,Realistic-Recover-35,2025-12-16T01:50:00,0,0.5,iPhoneBatteryParanoia,https://www.reddit.com/r/iPhoneBatteryParanoia/comments/1pnpm1h/battery_draining_on_new_iphone_17/,https://i.redd.it/gb9m9sk22h7g1.jpeg
1pnp5fp,"Trying to trade in phone, but can’t print the label",Mathias35,2025-12-16T01:28:04,1,1,Comcast_Xfinity,https://www.reddit.com/r/Comcast_Xfinity/comments/1pnp5fp/trying_to_trade_in_phone_but_cant_print_the_label/,https://www.reddit.com/r/Comcast_Xfinity/comments/1pnp5fp/trying_to_trade_in_phone_but_cant_print_the_label/
1pnp5ew,iPhone trade in,Young_Sheepherder02,2025-12-16T01:28:03,0,0.5,ATT,https://www.reddit.com/r/ATT/comments/1pnp5ew/iphone_trade_in/,https://www.reddit.com/r/ATT/comments/1pnp5ew/iphone_trade_in/
1pnoueh,12/15/25 Best Buy: New iPhone & Accessories for Sweet Mama,DoGsPaWsLoVe,2025-12-16T01:13:58,26,1,kyleagomezsnarkagain,https://www.reddit.com/r/kyleagomezsnarkagain/comments/1pnoueh/121525_best_buy_new_iphone_accessories_for_sweet/,https://www.reddit.com/gallery/1pnoueh
1pnotsw,This is a great phone!,Southern-Bad-1270,2025-12-16T01:13:11,71,0.95,IPhone16e,https://www.reddit.com/r/IPhone16e/comments/1pnotsw/this_is_a_great_phone/,https://www.reddit.com/gallery/1pnotsw
1pnohhd,🌟Rolarian Christmas Day 5🌟,ROLAai,2025-12-16T00:57:18,4,1,ROLAai,https://www.reddit.com/r/ROLAai/comments/1pnohhd/rolarian_christmas_day_5/,https://i.redd.it/igbtwfsnsg7g1.jpeg
1pnob81,Vector,Overall_Pilot_4853,2025-12-16T00:49:23,7,0.83,namesoundalikes,https://www.reddit.com/r/namesoundalikes/comments/1pnob81/vector/,https://i.redd.it/vqkomgv8rg7g1.png
1pno5nl,Cash + CC in purchasing,pressed-flowers_,2025-12-16T00:42:29,2,1,PHCreditCards,https://www.reddit.com/r/PHCreditCards/comments/1pno5nl/cash_cc_in_purchasing/,https://www.reddit.com/r/PHCreditCards/comments/1pno5nl/cash_cc_in_purchasing/
1pnnvq7,Extremely unsatisfactory with AT&T customer support,OkSignature2670,2025-12-16T00:30:02,1,0.6,ATT,https://www.reddit.com/r/ATT/comments/1pnnvq7/extremely_unsatisfactory_with_att_customer_support/,https://www.reddit.com/r/ATT/comments/1pnnvq7/extremely_unsatisfactory_with_att_customer_support/
1pnnvlb,Phone keeps getting cut off because of supposed fraud,-GlobalGrapefruit-,2025-12-16T00:29:53,2,1,ATT,https://www.reddit.com/r/ATT/comments/1pnnvlb/phone_keeps_getting_cut_off_because_of_supposed/,https://www.reddit.com/r/ATT/comments/1pnnvlb/phone_keeps_getting_cut_off_because_of_supposed/
1pnnl55,iPhone 17 (Base) or S25 Ultra,SeveralDelivery1151,2025-12-16T00:17:01,6,0.71,Smartphones,https://www.reddit.com/r/Smartphones/comments/1pnnl55/iphone_17_base_or_s25_ultra/,https://www.reddit.com/r/Smartphones/comments/1pnnl55/iphone_17_base_or_s25_ultra/
1pnni1x,International eSIM on a T-Mobile locked phone,SlowlyPassingTime,2025-12-16T00:13:10,0,0.33,tmobile,https://www.reddit.com/r/tmobile/comments/1pnni1x/international_esim_on_a_tmobile_locked_phone/,https://www.reddit.com/r/tmobile/comments/1pnni1x/international_esim_on_a_tmobile_locked_phone/
1pnnev4,Will full coverage skins work with grip case?,Accomplished_Win8979,2025-12-16T00:09:08,0,0.5,dbrand,https://www.reddit.com/r/dbrand/comments/1pnnev4/will_full_coverage_skins_work_with_grip_case/,https://www.reddit.com/r/dbrand/comments/1pnnev4/will_full_coverage_skins_work_with_grip_case/
1pnncl2,"4 lines supposed to be 25 each, checkout shows Unlimited Welcome 40 each, can someone explain",Top_Entrepreneur4317,2025-12-16T00:06:13,5,0.65,verizon,https://www.reddit.com/r/verizon/comments/1pnncl2/4_lines_supposed_to_be_25_each_checkout_shows/,https://www.reddit.com/r/verizon/comments/1pnncl2/4_lines_supposed_to_be_25_each_checkout_shows/
1pnna5d,Steal or nah?,Distinct-Shopping-28,2025-12-16T00:03:11,46,0.89,ShopeePH,https://www.reddit.com/r/ShopeePH/comments/1pnna5d/steal_or_nah/,https://i.redd.it/bo60z4d0jg7g1.jpeg
1pnn10d,iPhone 17 pro vs pro max (bear with me),rubex2014,2025-12-15T23:52:04,26,0.76,iPhone17Pro,https://www.reddit.com/r/iPhone17Pro/comments/1pnn10d/iphone_17_pro_vs_pro_max_bear_with_me/,https://www.reddit.com/r/iPhone17Pro/comments/1pnn10d/iphone_17_pro_vs_pro_max_bear_with_me/
1pnm0lt,"INIU 30 W USB C Charger Pack of 2, [USBC + USBA] Fast Charger with Cable, GaN PD Multiple Power Supply, USB C Charger for iPhone 17 16 Pro Max, iPad P... Ersparnis: -39% 15,25 €",marie_sparqueen,2025-12-15T23:08:33,1,1,PreisOase,https://www.reddit.com/r/PreisOase/comments/1pnm0lt/iniu_30_w_usb_c_charger_pack_of_2_usbc_usba_fast/,https://www.amazon.de/dp/B0DKFG8KZP?tag=sharkylinkref-21
1pnlk2t,iPhone podcast sound issue,jpgrm,2025-12-15T22:49:24,0,0.5,iphonehelp,https://www.reddit.com/r/iphonehelp/comments/1pnlk2t/iphone_podcast_sound_issue/,https://www.reddit.com/r/iphonehelp/comments/1pnlk2t/iphone_podcast_sound_issue/
1pnlfiy,Podcast Sound Issue,jpgrm,2025-12-15T22:44:12,1,0.67,iphone,https://www.reddit.com/r/iphone/comments/1pnlfiy/podcast_sound_issue/,https://www.reddit.com/r/iphone/comments/1pnlfiy/podcast_sound_issue/
1pnla80,"[US-TX] [H] iPhone 13 Pro 128GB Gold iOS 17.0 [W] PayPal - Zelle, $420",Icedwhisper,2025-12-15T22:37:58,1,1,JailbreakSwap,https://www.reddit.com/r/JailbreakSwap/comments/1pnla80/ustx_h_iphone_13_pro_128gb_gold_ios_170_w_paypal/,https://www.reddit.com/r/JailbreakSwap/comments/1pnla80/ustx_h_iphone_13_pro_128gb_gold_ios_170_w_paypal/
1pnl09l,Even iPhone 17 camera hardware specs are now better compared to Galaxy S26,tech_w0rld,2025-12-15T22:26:33,0,0.48,iphone,https://www.reddit.com/r/iphone/comments/1pnl09l/even_iphone_17_camera_hardware_specs_are_now/,https://i.redd.it/fbxyg94v887g1.png
1pnkwap,T-Force solved a pricing error that has bothered me for 3 months in about 15 mins.,blacksoxing,2025-12-15T22:22:02,21,0.79,tmobile,https://www.reddit.com/r/tmobile/comments/1pnkwap/tforce_solved_a_pricing_error_that_has_bothered/,https://www.reddit.com/r/tmobile/comments/1pnkwap/tforce_solved_a_pricing_error_that_has_bothered/
1pnkpwf,Should I buy iPhone 17,karma-rool,2025-12-15T22:15:07,0,0.25,saudiarabia,https://www.reddit.com/r/saudiarabia/comments/1pnkpwf/should_i_buy_iphone_17/,https://www.reddit.com/r/saudiarabia/comments/1pnkpwf/should_i_buy_iphone_17/
1pnkb2n,iPhone 17 pro -normal to get temp warning while charging ?,pittguy578,2025-12-15T21:58:28,1,0.67,iphone,https://www.reddit.com/r/iphone/comments/1pnkb2n/iphone_17_pro_normal_to_get_temp_warning_while/,https://www.reddit.com/r/iphone/comments/1pnkb2n/iphone_17_pro_normal_to_get_temp_warning_while/
1pnk493,Carplay Disappears from 2025 Subaru Outback,gdm691,2025-12-15T21:50:56,1,1,subaru,https://www.reddit.com/r/subaru/comments/1pnk493/carplay_disappears_from_2025_subaru_outback/,https://www.reddit.com/r/subaru/comments/1pnk493/carplay_disappears_from_2025_subaru_outback/
1pnk2w9,Shoot on iPhone 17 Pro,iamnoseverus,2025-12-15T21:49:27,150,0.99,mobilephotography,https://www.reddit.com/r/mobilephotography/comments/1pnk2w9/shoot_on_iphone_17_pro/,https://www.reddit.com/gallery/1pnk2w9
1pnjp0h,[USA-FL] [H] PayPal [W] iPhone 17 pro or 17 pro Max,gabbo200,2025-12-15T21:34:06,1,0.67,hardwareswap,https://www.reddit.com/r/hardwareswap/comments/1pnjp0h/usafl_h_paypal_w_iphone_17_pro_or_17_pro_max/,https://www.reddit.com/r/hardwareswap/comments/1pnjp0h/usafl_h_paypal_w_iphone_17_pro_or_17_pro_max/
1pnjnjn,What phone to buy?,AEIOU29282726252423,2025-12-15T21:32:30,0,0.5,Smartphones,https://www.reddit.com/r/Smartphones/comments/1pnjnjn/what_phone_to_buy/,https://www.reddit.com/r/Smartphones/comments/1pnjnjn/what_phone_to_buy/
1pnjkn7,What phone to buy?,AEIOU29282726252423,2025-12-15T21:29:19,1,0.67,phones,https://www.reddit.com/r/phones/comments/1pnjkn7/what_phone_to_buy/,https://www.reddit.com/r/phones/comments/1pnjkn7/what_phone_to_buy/
1pnj7w7,Aurora ArmorAir & ArmorGo Magnetic Wallet,debby90,2025-12-15T21:15:26,9,0.85,iPhone17Pro,https://www.reddit.com/r/iPhone17Pro/comments/1pnj7w7/aurora_armorair_armorgo_magnetic_wallet/,https://i.redd.it/57k4oah2pf7g1.jpeg
1pniwdq,"Cheapest smartwatches with WhatsApp compatibility, can read books and play games? Preferably square but circle is fine too. For iPhone 17 user",AdIcy1845,2025-12-15T21:02:51,1,1,smartwatch,https://www.reddit.com/r/smartwatch/comments/1pniwdq/cheapest_smartwatches_with_whatsapp_compatibility/,https://www.reddit.com/r/smartwatch/comments/1pniwdq/cheapest_smartwatches_with_whatsapp_compatibility/
1pnivzq,Transfer data while Iphone is full,Chaoticasia,2025-12-15T21:02:19,1,1,techsupport,https://www.reddit.com/r/techsupport/comments/1pnivzq/transfer_data_while_iphone_is_full/,https://www.reddit.com/r/techsupport/comments/1pnivzq/transfer_data_while_iphone_is_full/
1pniuy4,Transfer data while phone is full,Chaoticasia,2025-12-15T21:01:03,0,0.5,applehelp,https://www.reddit.com/r/applehelp/comments/1pniuy4/transfer_data_while_phone_is_full/,https://www.reddit.com/r/applehelp/comments/1pniuy4/transfer_data_while_phone_is_full/
1pniuj2,A6100 help,jirishanca,2025-12-15T21:00:32,0,0.5,SonyAlpha,https://www.reddit.com/r/SonyAlpha/comments/1pniuj2/a6100_help/,https://www.reddit.com/r/SonyAlpha/comments/1pniuj2/a6100_help/
1pnirpi,After 4 years of searching I think this condition might be what’s happening to me,imahugemoron,2025-12-15T20:56:27,15,0.94,PWM_Sensitive,https://www.reddit.com/r/PWM_Sensitive/comments/1pnirpi/after_4_years_of_searching_i_think_this_condition/,https://www.reddit.com/r/PWM_Sensitive/comments/1pnirpi/after_4_years_of_searching_i_think_this_condition/
1pnikvi,iPhone 17 Pro - Proximity Lock/Unlock broken,Goatman1298,2025-12-15T20:47:02,3,0.8,Rivian,https://www.reddit.com/r/Rivian/comments/1pnikvi/iphone_17_pro_proximity_lockunlock_broken/,https://www.reddit.com/r/Rivian/comments/1pnikvi/iphone_17_pro_proximity_lockunlock_broken/
1pnihnj,"Photo of Andromeda, Pleiades, and Aurora Borealis (Taken on iPhone 17) (re-upload after being taken down)",Street_Bookkeeper_77,2025-12-15T20:43:37,807,0.97,space,https://www.reddit.com/r/space/comments/1pnihnj/photo_of_andromeda_pleiades_and_aurora_borealis/,https://i.redd.it/rpb3eplejf7g1.jpeg
1pni9rl,How much data should I select?,ivann_ls_,2025-12-15T20:35:04,1,1,bevelhealth,https://www.reddit.com/r/bevelhealth/comments/1pni9rl/how_much_data_should_i_select/,https://www.reddit.com/r/bevelhealth/comments/1pni9rl/how_much_data_should_i_select/
1pni8j0,Am I expecting too much from a family which suspects am not biologically related to them?,Broad-Vanilla-88,2025-12-15T20:33:43,2,1,CharlotteDobreYouTube,https://www.reddit.com/r/CharlotteDobreYouTube/comments/1pni8j0/am_i_expecting_too_much_from_a_family_which/,https://www.reddit.com/r/CharlotteDobreYouTube/comments/1pni8j0/am_i_expecting_too_much_from_a_family_which/
1pnhfxm,Ralph Lauren Polo Bear,RingEnvironmental589,2025-12-15T20:02:49,4,1,iPhone17Pro,https://www.reddit.com/r/iPhone17Pro/comments/1pnhfxm/ralph_lauren_polo_bear/,https://i.redd.it/82bg07n4cf7g1.jpeg
1pnha0z,Polo Bear iPhone 17 Pro case,RingEnvironmental589,2025-12-15T19:56:31,10,0.92,PoloRalphLauren,https://www.reddit.com/r/PoloRalphLauren/comments/1pnha0z/polo_bear_iphone_17_pro_case/,https://i.redd.it/su7sui80bf7g1.jpeg
1pnh3dg,what part of the iPhone 17 do you want to see improved on the iPhone 18 pro ?,Serhide,2025-12-15T19:49:13,2,0.63,iPhone17Pro,https://www.reddit.com/r/iPhone17Pro/comments/1pnh3dg/what_part_of_the_iphone_17_do_you_want_to_see/,https://www.reddit.com/r/iPhone17Pro/comments/1pnh3dg/what_part_of_the_iphone_17_do_you_want_to_see/
1pngwbc,Moving onto the 17 Pro Max,Dangerous_Attempt46,2025-12-15T19:41:20,9,0.61,GalaxyS23Ultra,https://www.reddit.com/r/GalaxyS23Ultra/comments/1pngwbc/moving_onto_the_17_pro_max/,https://www.reddit.com/r/GalaxyS23Ultra/comments/1pngwbc/moving_onto_the_17_pro_max/
1pngob4,Shot on iPhone 17 Pro,Filmstill__,2025-12-15T19:32:25,242,1,iPhoneography,https://www.reddit.com/r/iPhoneography/comments/1pngob4/shot_on_iphone_17_pro/,https://i.redd.it/55e8xz5p6f7g1.jpeg
1nrormq,iPhone 17 Pro Max | iOS26 Is Actually Crazy Battery Nightmare | Power Consumption Deep Dive,MarionberryDear6170,2025-09-27T07:11:14,3017,0.89,apple,https://www.reddit.com/r/apple/comments/1nrormq/iphone_17_pro_max_ios26_is_actually_crazy_battery/,https://www.reddit.com/r/iPhone17Pro/comments/1nrc5zi/iphone_17_pro_max_ios26_is_actually_crazy_battery/?utm_source=share&utm_medium=web3x&utm_name=web3xcss&utm_term=1&utm_content=share_button
1nnspd6,Personal iPhone 17 Generation Review,I_EAT_THE_RICH,2025-09-22T17:23:49,0,0.35,apple,https://www.reddit.com/r/apple/comments/1nnspd6/personal_iphone_17_generation_review/,https://www.reddit.com/r/apple/comments/1nnspd6/personal_iphone_17_generation_review/
1negcgo,"Pre-Order and Shipping Megathread | iPhone 17 Series, iPhone Air, Apple Watch Series 11/Ultra 3/SE 3, AirPods Pro 3rd Gen",exjr_,2025-09-11T18:20:51,262,0.94,apple,https://www.reddit.com/r/apple/comments/1negcgo/preorder_and_shipping_megathread_iphone_17_series/,https://www.reddit.com/r/apple/comments/1negcgo/preorder_and_shipping_megathread_iphone_17_series/
1nypu1y,Digital Foundry iPhone 17 Pro Review,andreelijah,2025-10-05T14:35:01,304,0.91,apple,https://www.reddit.com/r/apple/comments/1nypu1y/digital_foundry_iphone_17_pro_review/,https://www.youtube.com/watch?v=M3w-j7Wtbvo
1nkkmn7,PSA: AppleCare One Covering New iPhone Order Provisionally,erikeric,2025-09-18T21:15:52,10,0.77,apple,https://www.reddit.com/r/apple/comments/1nkkmn7/psa_applecare_one_covering_new_iphone_order/,https://www.reddit.com/r/apple/comments/1nkkmn7/psa_applecare_one_covering_new_iphone_order/
1ndd9qx,You Can Do A Test With Your Current IPhone To Check If Mono Audio Will Bother You On IPhone Air. Here’s How.,Xenokitten,2025-09-10T12:48:21,5,0.54,apple,https://www.reddit.com/r/apple/comments/1ndd9qx/you_can_do_a_test_with_your_current_iphone_to/,https://www.reddit.com/r/apple/comments/1ndd9qx/you_can_do_a_test_with_your_current_iphone_to/
1nbh6vu,Moment offering pre-orders of iPhone 17 Gear,ok_within_reason,2025-09-08T07:21:24,11,0.58,apple,https://www.reddit.com/r/apple/comments/1nbh6vu/moment_offering_preorders_of_iphone_17_gear/,https://www.shopmoment.com/pages/iphone-17
5iqwnm,iPhone upgrade?,Coreyfsu1,2016-12-16T21:40:00,1,0.6,apple,https://www.reddit.com/r/apple/comments/5iqwnm/iphone_upgrade/,https://www.reddit.com/r/apple/comments/5iqwnm/iphone_upgrade/
1peor97,iPhone 14 Pro Max vs iPhone 17 Pro Max Camera Test: Should you upgrade? | Grant Likes Tech,ControlCAD,2025-12-05T07:16:39,24,0.61,apple,https://www.reddit.com/r/apple/comments/1peor97/iphone_14_pro_max_vs_iphone_17_pro_max_camera/,https://www.youtube.com/watch?app=desktop&v=upinbr_Fz28
1pcwy5j,iPhone 17 Pro Max vs 16 vs 15 vs 14: What Actually Changed? | Versus,ControlCAD,2025-12-03T06:31:10,9,0.56,apple,https://www.reddit.com/r/apple/comments/1pcwy5j/iphone_17_pro_max_vs_16_vs_15_vs_14_what_actually/,https://www.youtube.com/watch?app=desktop&v=RT-s0ken4Qw
1p0u1en,Apple's First Foldable Could Have Biggest Ever iPhone Battery.,EitherCharacter9342,2025-11-19T01:17:46,207,0.75,apple,https://www.reddit.com/r/apple/comments/1p0u1en/apples_first_foldable_could_have_biggest_ever/,https://www.macrumors.com/2025/11/18/apple-foldable-biggest-iphone-battery/
1ofj1bx,iPhone 17 vs. Air vs. 17 Pro vs. 17 Pro Max Battery Test! | PhoneBuff,ControlCAD,2025-10-25T05:01:03,74,0.69,apple,https://www.reddit.com/r/apple/comments/1ofj1bx/iphone_17_vs_air_vs_17_pro_vs_17_pro_max_battery/,https://www.youtube.com/watch?v=8Jdq7A9LW0M
1o9h28l,"New iPhone Fold rumor details screen sizes, possible launch delay",RaffySY,2025-10-17T23:53:04,313,0.88,apple,https://www.reddit.com/r/apple/comments/1o9h28l/new_iphone_fold_rumor_details_screen_sizes/,https://9to5mac.com/2025/10/17/new-iphone-fold-rumor-details-screen-sizes-possible-launch-delay/
1o02jdo,iPhone 17 Pro Max vs iPhone 16 Pro Max - Which Is Best? | zollotech,ControlCAD,2025-10-07T02:14:01,0,0.22,apple,https://www.reddit.com/r/apple/comments/1o02jdo/iphone_17_pro_max_vs_iphone_16_pro_max_which_is/,https://www.youtube.com/watch?v=6I7w2vV6byQ
1nxhd9z,iPhone 17 Pro Max Review: Against The Grain,atlwhore_,2025-10-04T01:43:37,111,0.8,apple,https://www.reddit.com/r/apple/comments/1nxhd9z/iphone_17_pro_max_review_against_the_grain/,https://youtu.be/0bWl9pZdNNA?si=sT0n6_pU_XoKpV9L
1nvxoxv,iPhone 17 Pro Max mod with SSD cooler maintains 90% stability in 3DMark stress test,karan4lp,2025-10-02T07:56:59,168,0.88,apple,https://www.reddit.com/r/apple/comments/1nvxoxv/iphone_17_pro_max_mod_with_ssd_cooler_maintains/,https://www.notebookcheck.net/iPhone-17-Pro-Max-mod-with-SSD-cooler-maintains-90-stability-in-3DMark-stress-test.1129821.0.html
1ntqyou,iPhone 17 Pro Max Review: One Review After The Other | ben's gadget reviews,ControlCAD,2025-09-29T19:08:10,2,0.52,apple,https://www.reddit.com/r/apple/comments/1ntqyou/iphone_17_pro_max_review_one_review_after_the/,https://www.youtube.com/watch?v=vfJCw5RYR7g
1nq0kie,iPhone 17 Pro Max AAA gaming test shows Resident Evil 4 running at 60 FPS without thermal throttling,karan4lp,2025-09-25T07:40:52,1184,0.97,apple,https://www.reddit.com/r/apple/comments/1nq0kie/iphone_17_pro_max_aaa_gaming_test_shows_resident/,https://www.notebookcheck.net/iPhone-17-Pro-Max-AAA-gaming-test-shows-Resident-Evil-4-running-at-60-FPS-without-thermal-throttling.1122893.0.html
1npw51q,[GSMArena] Apple iPhone 17 Pro Max review,nuclear_wynter,2025-09-25T03:16:03,138,0.79,apple,https://www.reddit.com/r/apple/comments/1npw51q/gsmarena_apple_iphone_17_pro_max_review/,https://gsmarena.com/apple_iphone_17_pro_max-review-2884.php
1nnpgo1,"iPhone 17 Pro Max charges faster than ever, here’s how much [36 W compared to 30 W for the iPhone 16 Pro]",iMacmatician,2025-09-22T15:23:09,880,0.93,apple,https://www.reddit.com/r/apple/comments/1nnpgo1/iphone_17_pro_max_charges_faster_than_ever_heres/,https://9to5mac.com/2025/09/22/iphone-17-pro-max-charges-faster-than-ever-heres-how-much/
1nkhxdr,iPhone 17 Ultimate Battery Test - 17 | Air | Pro | Pro Max | The Tech Chap,ControlCAD,2025-09-18T19:32:34,457,0.91,apple,https://www.reddit.com/r/apple/comments/1nkhxdr/iphone_17_ultimate_battery_test_17_air_pro_pro/,https://www.youtube.com/watch?v=uQHID_kjVSM
1nk6ukh,iPhone 17 Pro Max vs Samsung Galaxy S25 Ultra Camera Test Comparison,atlwhore_,2025-09-18T12:25:25,0,0.2,apple,https://www.reddit.com/r/apple/comments/1nk6ukh/iphone_17_pro_max_vs_samsung_galaxy_s25_ultra/,https://youtu.be/M5w4rPISKtU?si=tP5c9qghp4RbLeS1
1njbet1,iPhone 17 Pro Max Review - Even BETTER Than You Think!,atlwhore_,2025-09-17T12:12:09,1315,0.92,apple,https://www.reddit.com/r/apple/comments/1njbet1/iphone_17_pro_max_review_even_better_than_you/,https://youtu.be/X763A7yGh5E?si=aI4mum3lPxELI9XD
1nip2jm,"iPhone 17 Pro Max Demand Surges, iPhone Air Faces Uncertainty",RaffySY,2025-09-16T18:10:18,0,0.39,apple,https://www.reddit.com/r/apple/comments/1nip2jm/iphone_17_pro_max_demand_surges_iphone_air_faces/,https://www.tuaw.com/2025/09/16/iphone-17-pro-max-demand-surges-iphone-air-faces-uncertainty/
1nhvvpj,Should I upgrade from my iPhone 14 Plus to the iPhone 17 Pro Max or the Air?,Necessary_Donkey4378,2025-09-15T19:41:04,0,0.27,apple,https://www.reddit.com/r/apple/comments/1nhvvpj/should_i_upgrade_from_my_iphone_14_plus_to_the/,https://www.reddit.com/r/apple/comments/1nhvvpj/should_i_upgrade_from_my_iphone_14_plus_to_the/
1ng14l4,New iPhone Air & iPhone 17 Pro Max Challenges - SVP John Ternus Explains,Fer65432_Plays,2025-09-13T15:58:58,28,0.7,apple,https://www.reddit.com/r/apple/comments/1ng14l4/new_iphone_air_iphone_17_pro_max_challenges_svp/,https://m.youtube.com/watch?v=sR2gDFTVxUA
1ndbi07,Leaked benchmark suggests Apple A19 Pro GPU rivals this M series chip in performance,karan4lp,2025-09-10T11:23:34,163,0.86,apple,https://www.reddit.com/r/apple/comments/1ndbi07/leaked_benchmark_suggests_apple_a19_pro_gpu/,https://www.notebookcheck.net/Leaked-benchmark-suggests-Apple-A19-Pro-GPU-rivals-this-M-series-chip-in-performance.1110812.0.html
1nco13y,Awe Dropping | Event Megathread,exjr_,2025-09-09T16:44:17,922,0.8,apple,https://www.reddit.com/r/apple/comments/1nco13y/awe_dropping_event_megathread/,https://www.reddit.com/r/apple/comments/1nco13y/awe_dropping_event_megathread/
1nc1x90,Awe Dropping | Pre-Event Megathread,aaronp613,2025-09-08T22:28:21,878,0.92,apple,https://www.reddit.com/r/apple/comments/1nc1x90/awe_dropping_preevent_megathread/,https://www.reddit.com/r/apple/comments/1nc1x90/awe_dropping_preevent_megathread/
1nbydze,Two More iPhone 17 Air and iPhone 17 Pro Max Rumors Drop Before Apple Event,spearson0,2025-09-08T20:09:00,179,0.83,apple,https://www.reddit.com/r/apple/comments/1nbydze/two_more_iphone_17_air_and_iphone_17_pro_max/,https://www.macrumors.com/2025/09/08/iphone-17-air-and-pro-max-rumors/
1nbdevv,"iPhone 17 battery sizes from a Chinese regulatory filing, eSIM only models have larger batteries.",LankeeM9,2025-09-08T03:40:39,586,0.95,apple,https://www.reddit.com/r/apple/comments/1nbdevv/iphone_17_battery_sizes_from_a_chinese_regulatory/,https://x.com/vnchocotaco/status/1964884846100254931?s=46
1n89u0z,New Report Lists RAM Amounts in iPhone 17 and iPhone 17 Pro Models,Fer65432_Plays,2025-09-04T13:15:50,422,0.93,apple,https://www.reddit.com/r/apple/comments/1n89u0z/new_report_lists_ram_amounts_in_iphone_17_and/,https://www.macrumors.com/2025/09/04/iphone-17-ram-amounts-trendforce/
1mr30y2,iPhone 17 Pro Max's Internal Design With Metal Battery Allegedly Leaks,Fer65432_Plays,2025-08-15T16:37:13,303,0.92,apple,https://www.reddit.com/r/apple/comments/1mr30y2/iphone_17_pro_maxs_internal_design_with_metal/,https://www.macrumors.com/2025/08/15/alleged-iphone-17-pro-max-internal-design/
1mq0spu,'A19 Pro' Chip Coming to Studio Display 2,Fer65432_Plays,2025-08-14T13:32:47,741,0.96,apple,https://www.reddit.com/r/apple/comments/1mq0spu/a19_pro_chip_coming_to_studio_display_2/,https://www.macrumors.com/2025/08/14/a19-pro-chip-coming-to-studio-display-2/
1lvlaa8,Leaker Reveals Amount of RAM in iPhone 17 Through iPhone 17 Pro Max,chrisdh79,2025-07-09T15:11:23,257,0.86,apple,https://www.reddit.com/r/apple/comments/1lvlaa8/leaker_reveals_amount_of_ram_in_iphone_17_through/,https://www.macrumors.com/2025/07/09/iphone-17-ram-amounts-rumor/
1lso3qh,Here's How the iPhone 17 Pro Max Will Compare to the iPhone 17 Pro,iMacmatician,2025-07-06T00:17:45,52,0.59,apple,https://www.reddit.com/r/apple/comments/1lso3qh/heres_how_the_iphone_17_pro_max_will_compare_to/,https://www.macrumors.com/2025/07/05/iphone-17-pro-max-vs-pro/
1lqoufq,"iPhone 17 Pro Max Battery Capacity Leaked (~5,000mAh)",Fer65432_Plays,2025-07-03T12:54:01,1129,0.95,apple,https://www.reddit.com/r/apple/comments/1lqoufq/iphone_17_pro_max_battery_capacity_leaked_5000mah/,https://www.macrumors.com/2025/07/03/iphone-17-pro-max-battery-capacity-leaked/
1llu3ck,iPhone 17 Base Model Rumored to Feature Larger Display,tomtau,2025-06-27T13:37:06,600,0.93,apple,https://www.reddit.com/r/apple/comments/1llu3ck/iphone_17_base_model_rumored_to_feature_larger/,https://www.macrumors.com/2025/06/27/iphone-17-base-model-larger-display-rumor/
1kxipeq,"Thicker, heavier iPhone 17 Pro Max revealed in new hands-on video",iMacmatician,2025-05-28T14:36:04,0,0.39,apple,https://www.reddit.com/r/apple/comments/1kxipeq/thicker_heavier_iphone_17_pro_max_revealed_in_new/,https://9to5mac.com/2025/05/28/thicker-heavier-iphone-17-pro-max-revealed-in-new-hands-on-video/
1jb7etl,iPhone 17 Pro Max Rumors Allegedly Refer to 'iPhone 17 Ultra' Model,ControlCAD,2025-03-14T16:03:50,622,0.94,apple,https://www.reddit.com/r/apple/comments/1jb7etl/iphone_17_pro_max_rumors_allegedly_refer_to/,https://www.macrumors.com/2025/03/14/iphone-17-ultra-replacing-iphone-17-pro-max-claim/
1j5lw7e,iPhone 17 Pro Max Said to Be Thicker to Accommodate Larger Battery,chrisdh79,2025-03-07T12:01:30,1313,0.94,apple,https://www.reddit.com/r/apple/comments/1j5lw7e/iphone_17_pro_max_said_to_be_thicker_to/,https://www.macrumors.com/2025/03/07/iphone-17-pro-max-thicker-larger-battery/
1ioh0le,"iPhone 17 Pro Max Will Feature Smaller Dynamic Island, Claims Leaker",favicondotico,2025-02-13T11:28:31,641,0.89,apple,https://www.reddit.com/r/apple/comments/1ioh0le/iphone_17_pro_max_will_feature_smaller_dynamic/,https://www.macrumors.com/2025/02/13/iphone-17-pro-max-smaller-dynamic-island/
1f3t13w,Kuo: Next Year's Upgrade to 12GB RAM Will Be Limited to iPhone 17 Pro Max,iMacmatician,2024-08-29T03:42:17,737,0.91,apple,https://www.reddit.com/r/apple/comments/1f3t13w/kuo_next_years_upgrade_to_12gb_ram_will_be/,https://www.macrumors.com/2024/08/28/kuo-12gb-ram-iphone-17-pro-max-exclusive/
1e0lvn3,iPhone 17 Pro Max Will Be First to Feature Three 48MP Camera Lenses,chrisdh79,2024-07-11T10:42:02,1004,0.89,apple,https://www.reddit.com/r/apple/comments/1e0lvn3/iphone_17_pro_max_will_be_first_to_feature_three/,https://www.macrumors.com/2024/07/11/iphone-17-pro-max-48mp-telephoto/
1c6gxt4,Report: iPhone 17 Plus to feature a smaller screen than current 'Plus' phones,peterosity,2024-04-17T18:14:09,0,0.39,apple,https://www.reddit.com/r/apple/comments/1c6gxt4/report_iphone_17_plus_to_feature_a_smaller_screen/,https://9to5mac.com/2024/04/17/iphone-17-plus-screen-size-rumor/
18jcf03,iPhone 17 Pro Max Rumored to Feature 48MP Telephoto Lens,iMacmatician,2023-12-15T22:41:54,254,0.74,apple,https://www.reddit.com/r/apple/comments/18jcf03/iphone_17_pro_max_rumored_to_feature_48mp/,https://www.macrumors.com/2023/12/15/iphone-17-pro-max-48mp-telephoto-lens-rumor/
1pel8o7,Lab Testing iPhone 17’s Anti-Reflective Coating,iMacmatician,2025-12-05T04:01:00,48,0.84,apple,https://www.reddit.com/r/apple/comments/1pel8o7/lab_testing_iphone_17s_antireflective_coating/,https://astropad.com/blog/iphone-17-fresh-coat-reflection-data/
1pd9efb,Apple drops Night mode Portraits with iPhone 17 models,OppositeSea3775,2025-12-03T16:48:29,431,0.97,apple,https://www.reddit.com/r/apple/comments/1pd9efb/apple_drops_night_mode_portraits_with_iphone_17/,https://9to5mac.com/2025/12/03/iphone-17-pro-lost-key-camera-app-feature-that-iphone-16-pro-had/
1pcg12q,iPhone 17 Demand Is Breaking Apple's Sales Records [IDC report],iMacmatician,2025-12-02T18:20:08,1296,0.97,apple,https://www.reddit.com/r/apple/comments/1pcg12q/iphone_17_demand_is_breaking_apples_sales_records/,https://www.macrumors.com/2025/12/02/apple-2025-iphone-sales-record/
1pagr8y,I made app for free unlimited AI image Generation,Agitated-Pea3251,2025-11-30T12:07:12,0,0.37,apple,https://www.reddit.com/r/apple/comments/1pagr8y/i_made_app_for_free_unlimited_ai_image_generation/,https://www.reddit.com/r/apple/comments/1pagr8y/i_made_app_for_free_unlimited_ai_image_generation/
1p86hu2,Apple Holiday | A Critter Carol | Shot on iPhone 17 Pro,Designer-Border-711,2025-11-27T16:30:07,217,0.89,apple,https://www.reddit.com/r/apple/comments/1p86hu2/apple_holiday_a_critter_carol_shot_on_iphone_17/,https://youtu.be/-avONMmQtlI?si=Wt2hvlgS9zXyANBK
1p5bcxa,iPhone 17 Pro | A19 Pro Chip | Peak Performance | Apple,Designer-Border-711,2025-11-24T08:03:52,47,0.76,apple,https://www.reddit.com/r/apple/comments/1p5bcxa/iphone_17_pro_a19_pro_chip_peak_performance_apple/,https://youtu.be/dJObc0V6hJU?si=o0k1f-A6vcrbZGxI
1p2h0di,Apple Reportedly Canceled Orders of Chinese iPhone 17 Pro Displays,GinnySacks_Mole,2025-11-20T22:18:40,371,0.95,apple,https://www.reddit.com/r/apple/comments/1p2h0di/apple_reportedly_canceled_orders_of_chinese/,https://www.macrumors.com/2025/11/20/apple-canceled-chinese-iphone-17-pro-displays/
1p08ydt,Apple Sees Record October in China With Strong iPhone 17 Demand,iMacmatician,2025-11-18T10:56:46,212,0.94,apple,https://www.reddit.com/r/apple/comments/1p08ydt/apple_sees_record_october_in_china_with_strong/,https://www.macrumors.com/2025/11/18/apple-strong-october-china-iphone-17/
1oxvtwi,iPhone 17 Pro Cosmic Orange Turned Pink after 2 weeks of usage. Apple Support & Service center both denied me replacement saying it is cosmetic damage.,iamshikhil,2025-11-15T16:22:24,623,0.84,apple,https://www.reddit.com/r/apple/comments/1oxvtwi/iphone_17_pro_cosmic_orange_turned_pink_after_2/,https://www.reddit.com/r/iPhone17Pro/comments/1ovz8vl/iphone_17_pro_cosmic_orange_turned_pink_apple_is/?share_id=w17dwO0Sglqx6RzCaMdpv&utm_content=2&utm_medium=ios_app&utm_name=ioscss&utm_source=share&utm_term=1
1ok2x0f,"Apple Releases iPhone 17, iPhone 17 Pro, and iPhone Air Parts and Tools for Do-It-Yourself Repairs",chrisdh79,2025-10-30T15:33:48,839,0.98,apple,https://www.reddit.com/r/apple/comments/1ok2x0f/apple_releases_iphone_17_iphone_17_pro_and_iphone/,https://www.macrumors.com/2025/10/30/iphone-17-iphone-air-self-service-repair-parts/
1ogiv1o,What’s Next for iPad Pro? A Vapor Chamber Like the One on the iPhone 17 Pro,iMacmatician,2025-10-26T12:00:54,243,0.92,apple,https://www.reddit.com/r/apple/comments/1ogiv1o/whats_next_for_ipad_pro_a_vapor_chamber_like_the/,https://www.bloomberg.com/news/newsletters/2025-10-26/what-s-next-for-the-ipad-pro-iphone-17-pro-like-vapor-chamber-apple-maps-ads-mh7nq39h
1oe2v7k,"Has Your Orange iPhone 17 Turned Pink? Turns Out, You're to Blame!",MeowMeowPizzaBoobs,2025-10-23T13:10:45,524,0.7,apple,https://www.reddit.com/r/apple/comments/1oe2v7k/has_your_orange_iphone_17_turned_pink_turns_out/,https://www.pcmag.com/news/has-your-orange-iphone-17-turned-pink-turns-out-youre-to-blame
1oe0uvo,Explained: The AVS Protocol Behind Apple’s New Fast Charging,RaffySY,2025-10-23T11:34:30,11,0.55,apple,https://www.reddit.com/r/apple/comments/1oe0uvo/explained_the_avs_protocol_behind_apples_new_fast/,https://youtu.be/T4u6f4NJraQ?si=H5OZ9MPtLYPmzwF4
1obe1bb,"iPhone 17 outsells predecessor by 14% in early China, US sales, research firm says",GlumIce852,2025-10-20T07:53:53,368,0.96,apple,https://www.reddit.com/r/apple/comments/1obe1bb/iphone_17_outsells_predecessor_by_14_in_early/,https://www.reuters.com/world/china/iphone-17-outsells-predecessor-by-14-early-china-us-sales-research-firm-says-2025-10-20/
1o9k8vl,iPhone 17 Pro users face decolorization issues,sizzsling,2025-10-18T02:30:15,1111,0.91,apple,https://www.reddit.com/r/apple/comments/1o9k8vl/iphone_17_pro_users_face_decolorization_issues/,https://www.gsmarena.com/early_iphone_17_pro_adopters_face_decolorization_issues-news-69956.php
1o6hlup,Apple explains why iPhone 17’s selfie camera changed so much,chrisdh79,2025-10-14T14:50:35,1284,0.97,apple,https://www.reddit.com/r/apple/comments/1o6hlup/apple_explains_why_iphone_17s_selfie_camera/,https://9to5mac.com/2025/10/14/apple-explains-why-iphone-17s-selfie-camera-changed-so-much/
1o27wta,Anyone else feel misled by how Apple handled “Apple Intelligence”?,flashbax77,2025-10-09T14:47:40,0,0.32,apple,https://www.reddit.com/r/apple/comments/1o27wta/anyone_else_feel_misled_by_how_apple_handled/,https://www.reddit.com/r/apple/comments/1o27wta/anyone_else_feel_misled_by_how_apple_handled/
1o18cro,Apple Modifies In-Store MagSafe Stands to Prevent iPhone 17 Marks,chrisdh79,2025-10-08T11:54:37,852,0.96,apple,https://www.reddit.com/r/apple/comments/1o18cro/apple_modifies_instore_magsafe_stands_to_prevent/,https://www.macrumors.com/2025/10/08/apple-modifies-magsafe-stands-iphone-17-marks/
1o0g21v,Apple Intelligence Issue on iPhone 17 and iPhone Air Models Now Fixed,chrisdh79,2025-10-07T14:17:58,473,0.96,apple,https://www.reddit.com/r/apple/comments/1o0g21v/apple_intelligence_issue_on_iphone_17_and_iphone/,https://www.macrumors.com/2025/10/07/iphone-17-apple-intelligence-models-issue-fixed/
1nyoztg,"The Official Reason for Those iPhone 17 Scratches, According to Apple",Fun-Inevitable-9812,2025-10-05T14:00:56,0,0.42,apple,https://www.reddit.com/r/apple/comments/1nyoztg/the_official_reason_for_those_iphone_17_scratches/,https://www.cnet.com/tech/mobile/the-official-reason-for-those-iphone-17-scratches-according-to-apple/
1nx20vg,"Apple iPhone 17 Pro review: Come for the camera, stay for the battery | Ars Technica",ControlCAD,2025-10-03T15:19:22,930,0.96,apple,https://www.reddit.com/r/apple/comments/1nx20vg/apple_iphone_17_pro_review_come_for_the_camera/,https://arstechnica.com/gadgets/2025/10/apple-iphone-17-pro-review-come-for-the-camera-stay-for-the-battery/
1nwof3d,Best color grading for iPhone 17,Odd-Leading-7735,2025-10-03T03:25:02,0,0.3,apple,https://www.reddit.com/r/apple/comments/1nwof3d/best_color_grading_for_iphone_17/,https://youtu.be/ouojxoV2EH4
1nw8a0n,"I never imagined to say this but, is Apple becoming one of the most budget friendly brands?",Awkward-Sky-5982,2025-10-02T16:18:40,364,0.8,apple,https://www.reddit.com/r/apple/comments/1nw8a0n/i_never_imagined_to_say_this_but_is_apple/,https://www.reddit.com/r/apple/comments/1nw8a0n/i_never_imagined_to_say_this_but_is_apple/
1nvjxec,iPhone 17 Review: No Asterisks!,atlwhore_,2025-10-01T20:42:29,709,0.84,apple,https://www.reddit.com/r/apple/comments/1nvjxec/iphone_17_review_no_asterisks/,https://youtu.be/rng_yUSwrgU?si=1j0jDYVFkjT98NPL
1nvgx91,iPhone 17 Pro 1x 2x 4x 8x video test,rage2amg,2025-10-01T18:51:22,74,0.84,apple,https://www.reddit.com/r/apple/comments/1nvgx91/iphone_17_pro_1x_2x_4x_8x_video_test/,https://youtu.be/bmLzXCmblEM
1nveqqi,"I took 1,000 photos with the iPhone 17 Pro...",atlwhore_,2025-10-01T17:33:16,362,0.81,apple,https://www.reddit.com/r/apple/comments/1nveqqi/i_took_1000_photos_with_the_iphone_17_pro/,https://youtu.be/0sw-9LcNYuU?si=V2XlfhzH_8xfEpP8
1ntnx5f,Apple Releases iOS 26.0.1!,exjr_,2025-09-29T17:14:42,1229,0.94,apple,https://www.reddit.com/r/apple/comments/1ntnx5f/apple_releases_ios_2601/,https://www.reddit.com/r/apple/comments/1ntnx5f/apple_releases_ios_2601/
1nta0dt,Here’s how Apple Stores are combating iPhone 17 scratches,faizyMD,2025-09-29T05:37:58,0,0.4,apple,https://www.reddit.com/r/apple/comments/1nta0dt/heres_how_apple_stores_are_combating_iphone_17/,https://9to5mac.com/2025/09/28/heres-how-apple-stores-are-combating-iphone-17-scratches/
1ns3oxe,I tested the Apple iPhone 17 for a week. | CNN Underscored,ControlCAD,2025-09-27T19:15:28,0,0.31,apple,https://www.reddit.com/r/apple/comments/1ns3oxe/i_tested_the_apple_iphone_17_for_a_week_cnn/,https://www.youtube.com/shorts/xvFhLw6z_pU
1nrcz7x,iPhone 17 Pro Review: Paradox in a Box!,zangah_,2025-09-26T21:04:27,0,0.36,apple,https://www.reddit.com/r/apple/comments/1nrcz7x/iphone_17_pro_review_paradox_in_a_box/,https://youtu.be/q0aFOxT6TNw?si=9QS_fsoRciTeDETi
1nr9f5f,"Apple Aware of Issue With Apple Intelligence on Some iPhone 17 Models, Fix Coming",Fer65432_Plays,2025-09-26T18:44:39,666,0.97,apple,https://www.reddit.com/r/apple/comments/1nr9f5f/apple_aware_of_issue_with_apple_intelligence_on/,https://www.macrumors.com/2025/09/26/iphone-17-apple-intelligence-bug/
1nqiram,iPhone 17 Pro Camera Review: Rule of Three,favicondotico,2025-09-25T21:10:53,1209,0.97,apple,https://www.reddit.com/r/apple/comments/1nqiram/iphone_17_pro_camera_review_rule_of_three/,https://www.lux.camera/iphone-17-pro-camera-review-rule-of-three/
1nqgso6,Apple iPhone 17 review: Sometimes boring is best | Ars Technica,ControlCAD,2025-09-25T19:54:06,504,0.95,apple,https://www.reddit.com/r/apple/comments/1nqgso6/apple_iphone_17_review_sometimes_boring_is_best/,https://arstechnica.com/gadgets/2025/09/review-apples-injects-just-the-right-amount-of-pro-into-the-regular-iphone-17/
1nq6exb,iPhone 17 Durability Test -- What Scratches are Permanent?,favicondotico,2025-09-25T13:12:46,74,0.68,apple,https://www.reddit.com/r/apple/comments/1nq6exb/iphone_17_durability_test_what_scratches_are/,https://www.youtube.com/watch?v=i9HXGAOtn2A
1nq5gcg,What can the iPhone 17 Pro tell us about M5?,favicondotico,2025-09-25T12:30:01,38,0.72,apple,https://www.reddit.com/r/apple/comments/1nq5gcg/what_can_the_iphone_17_pro_tell_us_about_m5/,https://youtu.be/u2vEF3oQJY8
1nq1dhb,iPhone 17 Pro Review — HTX Studio,favicondotico,2025-09-25T08:34:59,739,0.88,apple,https://www.reddit.com/r/apple/comments/1nq1dhb/iphone_17_pro_review_htx_studio/,https://www.youtube.com/watch?v=zC7IIJCz8Dw
1npjlm5,Apple Blames In-Store MagSafe Chargers for iPhone 17 Pro Display Model Scratches,iMacmatician,2025-09-24T18:14:30,2142,0.95,apple,https://www.reddit.com/r/apple/comments/1npjlm5/apple_blames_instore_magsafe_chargers_for_iphone/,https://www.macrumors.com/2025/09/24/apple-iphone-17-pro-scratches-magsafe-chargers/
1npd2oc,"New iPhone Air, iPhone 17, and iPhone 17 Pro have an anti-spyware feature",ahothabeth,2025-09-24T14:06:06,1014,0.97,apple,https://www.reddit.com/r/apple/comments/1npd2oc/new_iphone_air_iphone_17_and_iphone_17_pro_have/,https://moonlock.com/new-iphones-anti-spyware
1npbb1o,"iPhone 17 Pro Teardown: Fascinating Battery, New Vapor Chamber & Scratchgate! | iFixit",ControlCAD,2025-09-24T12:52:05,159,0.88,apple,https://www.reddit.com/r/apple/comments/1npbb1o/iphone_17_pro_teardown_fascinating_battery_new/,https://www.youtube.com/watch?v=sUn0_GdGDk4
1np2wzn,iPhone 17 Pro Teardown Reveals Apple's New Approach to Thermal Management and Repairs,iMacmatician,2025-09-24T04:27:37,643,0.97,apple,https://www.reddit.com/r/apple/comments/1np2wzn/iphone_17_pro_teardown_reveals_apples_new/,https://www.macrumors.com/2025/09/23/ifixit-iphone-17-pro-teardown/
1non1mg,"Apple's iPhone 17 ""cycle is better than we expected"", says Morgan Stanley's Erik Woodring",ControlCAD,2025-09-23T17:03:59,123,0.8,apple,https://www.reddit.com/r/apple/comments/1non1mg/apples_iphone_17_cycle_is_better_than_we_expected/,https://www.youtube.com/watch?v=seYwck5TLRk
1noakh7,iPhone 17 Pro Review - Something’s Missing,Srihari_stan,2025-09-23T07:00:29,0,0.28,apple,https://www.reddit.com/r/apple/comments/1noakh7/iphone_17_pro_review_somethings_missing/,https://youtu.be/xRla0izRxqU?si=xAdlU5o7jdDITK2j
1nnub47,"Apple iPhone 17 demand is ""quite strong,"" says BofA's Wamsi Mohan",ControlCAD,2025-09-22T18:22:41,0,0.48,apple,https://www.reddit.com/r/apple/comments/1nnub47/apple_iphone_17_demand_is_quite_strong_says_bofas/,https://www.youtube.com/watch?app=desktop&v=YhIhao6a684
1nncwdq,"Apple iPhone 17 Unboxing, Hands-On & First Impressions! (Sage Green) | TechDaily",ControlCAD,2025-09-22T04:20:12,4,0.52,apple,https://www.reddit.com/r/apple/comments/1nncwdq/apple_iphone_17_unboxing_handson_first/,https://www.youtube.com/watch?app=desktop&v=_ISiD6bM6ac
1nnci5n,WiFi Disconnects When Unlocked on iPhone 17 - Workaround,pilot3033,2025-09-22T03:58:52,254,0.94,apple,https://www.reddit.com/r/apple/comments/1nnci5n/wifi_disconnects_when_unlocked_on_iphone_17/,https://www.reddit.com/r/iphone/comments/1nlenlp/iphone_17pm_wireless_issues/
1nmw69u,Wired CarPlay not currently supported iPhone 17 Pro,BricksDugout,2025-09-21T16:16:57,87,0.73,apple,https://www.reddit.com/r/apple/comments/1nmw69u/wired_carplay_not_currently_supported_iphone_17/,https://www.reddit.com/r/apple/comments/1nmw69u/wired_carplay_not_currently_supported_iphone_17/
1nmsept,iPhone 17 Pro Scratch Gate is Real -- But its not your fault,Diesel7390,2025-09-21T13:46:59,1777,0.84,apple,https://www.reddit.com/r/apple/comments/1nmsept/iphone_17_pro_scratch_gate_is_real_but_its_not/,https://youtu.be/KrOBzFwVzwA?si=Mk9788DkRPWl48Gx
1nmq478,Apple’s iPhone 17 Shows Device’s Staying Power — At Least for Now,iMacmatician,2025-09-21T12:01:19,359,0.91,apple,https://www.reddit.com/r/apple/comments/1nmq478/apples_iphone_17_shows_devices_staying_power_at/,https://www.bloomberg.com/news/newsletters/2025-09-21/mark-gurman-s-iphone-17-first-impressions-touchscreen-macbook-pro-meta-glasses
1nmn4w3,iPhone 17: Using the New Dual Capture Video Feature,faizyMD,2025-09-21T09:03:25,270,0.93,apple,https://www.reddit.com/r/apple/comments/1nmn4w3/iphone_17_using_the_new_dual_capture_video_feature/,https://www.macrumors.com/how-to/iphone-17-dual-capture-video/
1nmgy7e,Apple spotted filming in 3D at iPhone 17 launch,Fer65432_Plays,2025-09-21T02:56:08,704,0.96,apple,https://www.reddit.com/r/apple/comments/1nmgy7e/apple_spotted_filming_in_3d_at_iphone_17_launch/,https://9to5mac.com/2025/09/20/apple-spotted-filming-in-3d-at-iphone-17-launch/
1nmapcp,iPhone Air Beats iPhone 17 PM and S25 Ultra in Latest Battery Test,Mother-Prize-3647,2025-09-20T21:53:39,14,0.59,apple,https://www.reddit.com/r/apple/comments/1nmapcp/iphone_air_beats_iphone_17_pm_and_s25_ultra_in/,https://youtu.be/NZsvoqsqFp4?si=03w9rAaMBpmSc8F8
1nlvl97,iPhone 17 Ultimate Battery Test!,JeremyMeetsWorld,2025-09-20T11:20:35,469,0.81,apple,https://www.reddit.com/r/apple/comments/1nlvl97/iphone_17_ultimate_battery_test/,https://www.youtube.com/watch?v=9CggZxyWl-g
1nlrb3n,I tested the Apple iPhone 17 for a week. Here’s why it’s the one you should buy,Wild_Interaction_790,2025-09-20T06:56:36,0,0.46,apple,https://www.reddit.com/r/apple/comments/1nlrb3n/i_tested_the_apple_iphone_17_for_a_week_heres_why/,https://edition.cnn.com/cnn-underscored/reviews/iphone-17
1nlp2e6,"Early indications show the iPhone 17 will be a great cycle, says Deepwater's Gene Munster",ControlCAD,2025-09-20T04:46:19,71,0.74,apple,https://www.reddit.com/r/apple/comments/1nlp2e6/early_indications_show_the_iphone_17_will_be_a/,https://www.youtube.com/watch?v=bsSWGieCOMM
1nlcjlv,Two iPhone 17 Pro and iPhone Air Colors Appear to Scratch More Easily,Diesel7390,2025-09-19T19:10:23,1071,0.93,apple,https://www.reddit.com/r/apple/comments/1nlcjlv/two_iphone_17_pro_and_iphone_air_colors_appear_to/,https://www.macrumors.com/2025/09/19/iphone-17-pro-iphone-air-scratching-reports/
1nlbzc7,Final Cut Pro for Mac and iPad Updated With New iPhone 17 Pro and iPadOS 26 Features,Fer65432_Plays,2025-09-19T18:49:08,85,0.96,apple,https://www.reddit.com/r/apple/comments/1nlbzc7/final_cut_pro_for_mac_and_ipad_updated_with_new/,https://www.macrumors.com/2025/09/19/final-cut-pro-iphone-17-pro-prores-raw/
1nl7ec0,iPhone 17 Pro Teardown: Big Upgrades Make Repair Harder?,mrtareq778,2025-09-19T15:56:20,0,0.35,apple,https://www.reddit.com/r/apple/comments/1nl7ec0/iphone_17_pro_teardown_big_upgrades_make_repair/,https://youtu.be/ZBwEjKosM0E?si=wYIMNVaW4BHcXuTM
1nl52b7,iPhone 17 Pro Drop Test,SkyGuy182,2025-09-19T14:27:34,0,0.38,apple,https://www.reddit.com/r/apple/comments/1nl52b7/iphone_17_pro_drop_test/,https://www.youtube.com/watch?v=oof5z3BNTdY
1nl3djv,"Apple CEO Tim Cook on iPhone 17 launch: ""It's the most important day of the year for us.""",ControlCAD,2025-09-19T13:19:27,431,0.83,apple,https://www.reddit.com/r/apple/comments/1nl3djv/apple_ceo_tim_cook_on_iphone_17_launch_its_the/,https://www.youtube.com/watch?v=y6I1-8r5pO0
1nl2r6u,iPhone 17 goes on sale: Apple CEO Tim Cook opens flagship Fifth Avenue store in New York City,ControlCAD,2025-09-19T12:53:09,166,0.85,apple,https://www.reddit.com/r/apple/comments/1nl2r6u/iphone_17_goes_on_sale_apple_ceo_tim_cook_opens/,https://www.youtube.com/watch?app=desktop&v=yoH4uH1Wv8E
1nkgwku,iPhone 17 Pro Camera Review: Dolomites — Austin Mann,favicondotico,2025-09-18T18:53:22,471,0.95,apple,https://www.reddit.com/r/apple/comments/1nkgwku/iphone_17_pro_camera_review_dolomites_austin_mann/,https://www.austinmann.com/trek/iphone-17-pro-camera-review-dolomites
1nkfyl2,"iOS 26.0.1 Coming Soon, Likely With iPhone Air and iPhone 17 Pro Fix",iMacmatician,2025-09-18T18:17:49,797,0.96,apple,https://www.reddit.com/r/apple/comments/1nkfyl2/ios_2601_coming_soon_likely_with_iphone_air_and/,https://www.macrumors.com/2025/09/18/ios-26-0-1-coming-soon/
1nkcni4,"Exit Interview: iPhone 16, 16 Plus, 16 Pro, 16 Pro Max",exjr_,2025-09-18T16:15:21,269,0.87,apple,https://www.reddit.com/r/apple/comments/1nkcni4/exit_interview_iphone_16_16_plus_16_pro_16_pro_max/,https://www.reddit.com/r/apple/comments/1nkcni4/exit_interview_iphone_16_16_plus_16_pro_16_pro_max/
1nk9uw7,Another Chinese reviewer with a clear focus on iPhone 17 photography and video capabilities (with English subtitles),DrCalFun,2025-09-18T14:30:07,98,0.72,apple,https://www.reddit.com/r/apple/comments/1nk9uw7/another_chinese_reviewer_with_a_clear_focus_on/,https://youtu.be/L64o5NtChYs?feature=shared
1njy65a,iPhone 17 Pro vs. iPhone Air Review | The Verge,ControlCAD,2025-09-18T03:51:38,0,0.47,apple,https://www.reddit.com/r/apple/comments/1njy65a/iphone_17_pro_vs_iphone_air_review_the_verge/,https://www.youtube.com/watch?app=desktop&v=3DK7fiAkpRM
1njrkij,iPhone 17: A Photographer's Review,somewhat_asleep,2025-09-17T22:39:24,304,0.91,apple,https://www.reddit.com/r/apple/comments/1njrkij/iphone_17_a_photographers_review/,https://www.youtube.com/watch?v=KIwKEIMjBLM
1njpqul,Apple to Fix Camera Glitch Affecting iPhone Air and iPhone 17 Pro,Fer65432_Plays,2025-09-17T21:24:22,49,0.87,apple,https://www.reddit.com/r/apple/comments/1njpqul/apple_to_fix_camera_glitch_affecting_iphone_air/,https://www.macrumors.com/2025/09/17/apple-iphone-17-camera-glitch-fix/
1njo2oa,iPhone 17 battery life test shows strong results across the lineup.,Valinaut,2025-09-17T20:18:13,722,0.96,apple,https://www.reddit.com/r/apple/comments/1njo2oa/iphone_17_battery_life_test_shows_strong_results/,https://9to5mac.com/2025/09/17/iphone-17-battery-life-test-iphone-air-longevity/
1njn6zi,Geekerwan’s Analysis of the iPhone 17 Series - A Huge Leap in Performance!,WhoIsHappy2,2025-09-17T19:44:13,249,0.9,apple,https://www.reddit.com/r/apple/comments/1njn6zi/geekerwans_analysis_of_the_iphone_17_series_a/,https://youtu.be/Y9SwluJ9qPI?si=brDhq5gt1joGrFkp
1njmju8,Apple iPhone 17 review,JuicyButDry,2025-09-17T19:19:15,46,0.77,apple,https://www.reddit.com/r/apple/comments/1njmju8/apple_iphone_17_review/,https://uk.pcmag.com/mobile-phones/160116/apple-iphone-17
1njk2lv,What in the world is the iPhone 17 Pro PRO,Velocifyer,2025-09-17T17:47:36,0,0.35,apple,https://www.reddit.com/r/apple/comments/1njk2lv/what_in_the_world_is_the_iphone_17_pro_pro/,https://mastodon.social/@Velocifyer/115220774153681402
1njj5re,iPhone 17 Review | Skip the Pro? This Year’s Standard Model Is Seriously Impressive,Rocky4OnDVD,2025-09-17T17:14:38,44,0.68,apple,https://www.reddit.com/r/apple/comments/1njj5re/iphone_17_review_skip_the_pro_this_years_standard/,https://youtu.be/5Mqav3DhzMY?si=eoJbCXnh3esBAf_e
1njiku6,iPhone 17 Pro/Pro Max Review - Apple Made It Even MOAR Pro! | Brian Tong,ControlCAD,2025-09-17T16:53:19,0,0.43,apple,https://www.reddit.com/r/apple/comments/1njiku6/iphone_17_propro_max_review_apple_made_it_even/,https://www.youtube.com/watch?v=Yy_n8CXeO2o
1njegx2,Chinese review of iPhone 17,DrCalFun,2025-09-17T14:20:29,1339,0.89,apple,https://www.reddit.com/r/apple/comments/1njegx2/chinese_review_of_iphone_17/,https://youtu.be/su9aqYLcAhw?feature=shared
1nje12n,Is the current criticism on iPhones (and Apple in general) warranted? Especially with the new Liquid Glass design choices?,placeholder-123,2025-09-17T14:03:09,0,0.3,apple,https://www.reddit.com/r/apple/comments/1nje12n/is_the_current_criticism_on_iphones_and_apple_in/,https://www.reddit.com/r/apple/comments/1nje12n/is_the_current_criticism_on_iphones_and_apple_in/
1njdx6k,iPhone 17/Air/Pro Unboxing - What Apple didn’t tell you,Mushroomhouse,2025-09-17T13:59:00,0,0.34,apple,https://www.reddit.com/r/apple/comments/1njdx6k/iphone_17airpro_unboxing_what_apple_didnt_tell_you/,https://youtu.be/BU9gKr1miS8?si=Ga7y61KgxnOY6y8A
1njd6hy,iPhone 17 Reviews: Choosing the Base Model 'No Longer Means Missing Out',chrisdh79,2025-09-17T13:28:32,1758,0.97,apple,https://www.reddit.com/r/apple/comments/1njd6hy/iphone_17_reviews_choosing_the_base_model_no/,https://www.macrumors.com/review/iphone-17-reviews-choosing-the-standard-iphone-no-longer-means-missing-out/
1njbcip,[PetaPixel] iPhone 17 Pro & Pro Max Review For Photographers!,nuclear_wynter,2025-09-17T12:09:07,256,0.87,apple,https://www.reddit.com/r/apple/comments/1njbcip/petapixel_iphone_17_pro_pro_max_review_for/,https://youtu.be/bpqrCoy0ZHc
1njbblg,iPhone 17/Pro/Air Unboxing: 1 Hot Take!,atlwhore_,2025-09-17T12:07:55,99,0.64,apple,https://www.reddit.com/r/apple/comments/1njbblg/iphone_17proair_unboxing_1_hot_take/,https://youtu.be/s0EbxhQYeCA?si=mKfFjLCIom0h6V1i
1njbb44,iPhone 17 Pro vs. iPhone Air Review,atlwhore_,2025-09-17T12:07:12,0,0.45,apple,https://www.reddit.com/r/apple/comments/1njbb44/iphone_17_pro_vs_iphone_air_review/,https://youtu.be/3DK7fiAkpRM?si=GPQICzHBIbQIV8_u
1nhzb0r,Improved precision finding with AirPods Pro 3 ONLY works with iPhone 17 series,Opposite-Row2760,2025-09-15T21:51:35,627,0.95,apple,https://www.reddit.com/r/apple/comments/1nhzb0r/improved_precision_finding_with_airpods_pro_3/,https://www.apple.com/ca/airpods-pro/
1nhxp18,iPhone 17 Series Ships With iOS 26's Adaptive Power Mode Enabled by Default,Fer65432_Plays,2025-09-15T20:47:59,778,0.97,apple,https://www.reddit.com/r/apple/comments/1nhxp18/iphone_17_series_ships_with_ios_26s_adaptive/,https://www.macrumors.com/2025/09/15/iphone-17-adaptive-power/
1nhs94z,"How come Apple is saying the iPhone 17 Pro features their first aluminium unibody, when the iPhone 6 also did?",Educational-Coyote62,2025-09-15T17:28:36,29,0.64,apple,https://www.reddit.com/r/apple/comments/1nhs94z/how_come_apple_is_saying_the_iphone_17_pro/,https://www.reddit.com/r/apple/comments/1nhs94z/how_come_apple_is_saying_the_iphone_17_pro/
1nhme1j,Why must it be iPhone 17?,ErivanYal,2025-09-15T13:50:08,24,0.61,apple,https://www.reddit.com/r/apple/comments/1nhme1j/why_must_it_be_iphone_17/,https://www.reddit.com/r/apple/comments/1nhme1j/why_must_it_be_iphone_17/
1nhiwqs,"Kuo: High Demand for iPhone 17 Models, But Questions Remain About iPhone Air",chrisdh79,2025-09-15T11:10:35,226,0.89,apple,https://www.reddit.com/r/apple/comments/1nhiwqs/kuo_high_demand_for_iphone_17_models_but/,https://www.macrumors.com/2025/09/15/high-demand-for-iphone-17-but-questions-about-air/
1nhbvs8,iPhone Air and iPhone 17 Pro Boxes Revealed,Fer65432_Plays,2025-09-15T04:01:10,203,0.8,apple,https://www.reddit.com/r/apple/comments/1nhbvs8/iphone_air_and_iphone_17_pro_boxes_revealed/,https://www.macrumors.com/2025/09/14/iphone-air-and-iphone-17-pro-box/
1ngyzg1,PSA: You'll need a new charger to take advantage of iPhone 17 Pro's fast charging - 9to5Mac,futuristicalnur,2025-09-14T18:33:05,1072,0.88,apple,https://www.reddit.com/r/apple/comments/1ngyzg1/psa_youll_need_a_new_charger_to_take_advantage_of/,https://9to5mac.com/2025/09/13/iphone-17-pro-fast-charging-psa/
1ngwzfa,The new iPhone 17 Center Stage camera with square pixels is clearly made for the iPhone Fold,m4sr4,2025-09-14T17:15:53,0,0.44,apple,https://www.reddit.com/r/apple/comments/1ngwzfa/the_new_iphone_17_center_stage_camera_with_square/,https://www.reddit.com/r/apple/comments/1ngwzfa/the_new_iphone_17_center_stage_camera_with_square/
1ngpcdc,"iPhone 17 sales off to a strong start in China, while iPhone Air launch is blocked",bsoci,2025-09-14T11:53:52,144,0.92,apple,https://www.reddit.com/r/apple/comments/1ngpcdc/iphone_17_sales_off_to_a_strong_start_in_china/,https://9to5mac.com/2025/09/14/iphone-17-sales-off-to-a-strong-chart/
1ng8c7j,"Street expectations are too conservative going into this iPhone 17 launch, says Wedbush's Dan Ives",ControlCAD,2025-09-13T20:47:26,48,0.74,apple,https://www.reddit.com/r/apple/comments/1ng8c7j/street_expectations_are_too_conservative_going/,https://www.youtube.com/watch?app=desktop&v=XNPSHVSwy3E
1ng3auj,"Apple's New N1 Chip in iPhone 17, iPhone 17 Pro, and iPhone Air Has a Wi-Fi 7 Limitation (“the N1 chip in all of the new iPhone models supports up to 160 MHz channel bandwidth for Wi-Fi 7, short of the standard's 320 MHz maximum.”)",Fer65432_Plays,2025-09-13T17:24:45,601,0.9,apple,https://www.reddit.com/r/apple/comments/1ng3auj/apples_new_n1_chip_in_iphone_17_iphone_17_pro_and/,https://www.macrumors.com/2025/09/13/apple-n1-chip-has-wi-fi-7-limitation/
1nfw187,Chinese pre-orders for Apple’s iPhone 17 break records amid strong demand,Fer65432_Plays,2025-09-13T12:18:00,703,0.96,apple,https://www.reddit.com/r/apple/comments/1nfw187/chinese_preorders_for_apples_iphone_17_break/,https://www.scmp.com/tech/big-tech/article/3325424/chinese-pre-orders-apples-iphone-17-break-records-amid-strong-demand
1nf487x,"Except the Air, 17 series is Apple's best launch of the decade. Surprised by the uncalled criticism.",Alien_Eleven,2025-09-12T14:08:08,0,0.46,apple,https://www.reddit.com/r/apple/comments/1nf487x/except_the_air_17_series_is_apples_best_launch_of/,https://www.reddit.com/r/apple/comments/1nf487x/except_the_air_17_series_is_apples_best_launch_of/
1nf446b,All-New Apple Store in Downtown Detroit Opens on iPhone 17 and iPhone Air Launch Day,HelloitsWojan,2025-09-12T14:03:39,52,0.9,apple,https://www.reddit.com/r/apple/comments/1nf446b/allnew_apple_store_in_downtown_detroit_opens_on/,https://www.macrumors.com/2025/09/12/apple-downtown-detroit-grand-opening/
1newjsz,"Apple Store is down ahead of iPhone 17, iPhone 17 Pro and iPhone Air preorders",Tom42-59,2025-09-12T07:12:32,411,0.9,apple,https://www.reddit.com/r/apple/comments/1newjsz/apple_store_is_down_ahead_of_iphone_17_iphone_17/,https://9to5mac.com/2025/09/11/apple-store-is-down-ahead-of-iphone-17-iphone-17-pro-and-iphone-air-preorders/?extended-comments=1
1net17o,"Apple's Polishing Cloth now supports iPhone 17, iPhone Air, and Apple Watch Ultra 3!",Fer65432_Plays,2025-09-12T03:42:36,1127,0.9,apple,https://www.reddit.com/r/apple/comments/1net17o/apples_polishing_cloth_now_supports_iphone_17/,https://x.com/9to5mac/status/1966318641495912798?s=46&t=YCHBKDDgt5ARq7ki7RMPmA
1nemwfq,"Apple's Joz & John on iPhone 17 Pro: ""You want a fun color? How about Cosmic Orange, baby!""",Fer65432_Plays,2025-09-11T22:42:52,38,0.72,apple,https://www.reddit.com/r/apple/comments/1nemwfq/apples_joz_john_on_iphone_17_pro_you_want_a_fun/,https://m.youtube.com/watch?v=mKoUUarBflw
1nekkg8,"Apple's A19 Pro beats Ryzen 9 9950X in single-thread Geekbench tests — iPhone 17 Pro chip packs 11-12% CPU performance bump, GPU performance up 37% over predecessor",ControlCAD,2025-09-11T21:03:58,2503,0.96,apple,https://www.reddit.com/r/apple/comments/1nekkg8/apples_a19_pro_beats_ryzen_9_9950x_in/,https://www.tomshardware.com/pc-components/cpus/apples-a19-pro-beats-ryzen-9-9950x-in-single-thread-geekbench-tests-iphone-17-pro-chip-packs-11-12-percent-cpu-performance-bump-gpu-performance-up-37-percent-over-predecessor
1ne6v9d,"Buyer's Guide: iPhone 17, Air, Pro, or Pro Max? 40 Differences Compared",MCKLMT,2025-09-11T11:59:03,514,0.93,apple,https://www.reddit.com/r/apple/comments/1ne6v9d/buyers_guide_iphone_17_air_pro_or_pro_max_40/,https://forums.macrumors.com/threads/buyers-guide-iphone-17-air-pro-or-pro-max-40-differences-compared.2465152/
1ndxlfa,No 256GB variant in base iPhone 16 anymore?,Athene_belwitti,2025-09-11T02:44:30,174,0.83,apple,https://www.reddit.com/r/apple/comments/1ndxlfa/no_256gb_variant_in_base_iphone_16_anymore/,https://www.apple.com/in/shop/buy-iphone/iphone-16
1ndues6,"Lossless, realtime audio support in iPhone 17 and AirPods Pro 3? Sounds great, but if true why didn't Apple announce it?",skilless,2025-09-11T00:06:45,129,0.87,apple,https://www.reddit.com/r/apple/comments/1ndues6/lossless_realtime_audio_support_in_iphone_17_and/,https://www.patentlyapple.com/2025/09/how-apples-new-wireless-protocol-spr-avs-powers-their-spatial-ecosystem.html
1ndgahe,iPhone 17 Pro and iPhone Air Benchmarks Reveal Speed of A19 Pro Chip,spearson0,2025-09-10T14:49:52,931,0.97,apple,https://www.reddit.com/r/apple/comments/1ndgahe/iphone_17_pro_and_iphone_air_benchmarks_reveal/,https://www.macrumors.com/2025/09/10/iphone-17-pro-iphone-air-a19-pro-benchmarks/
1ndfhcp,iPhone 17 / Pro / Air – A BIG Update!! | Dave2D,ControlCAD,2025-09-10T14:18:30,86,0.77,apple,https://www.reddit.com/r/apple/comments/1ndfhcp/iphone_17_pro_air_a_big_update_dave2d/,https://www.youtube.com/watch?app=desktop&v=cw2pmKfHa7o
1nden7w,iPhone 17 Base – The best of the iPhone releases this year… almost perfect!,stoops,2025-09-10T13:45:50,1412,0.95,apple,https://www.reddit.com/r/apple/comments/1nden7w/iphone_17_base_the_best_of_the_iphone_releases/,https://fossjon.com/2025/09/10/iphone-17-base-the-best-of-the-iphone-releases-this-year-almost-perfect/
1nddjc7,All iPhone 17 models get dual capture video recording in the Apple Camera app,chrisdh79,2025-09-10T13:00:01,308,0.95,apple,https://www.reddit.com/r/apple/comments/1nddjc7/all_iphone_17_models_get_dual_capture_video/,https://9to5mac.com/2025/09/10/iphone-17-video-dual-cam-recording/
1ndcrug,iPhone 17 Introduces 'Groundbreaking' New Memory Security Feature,chrisdh79,2025-09-10T12:25:45,1507,0.97,apple,https://www.reddit.com/r/apple/comments/1ndcrug/iphone_17_introduces_groundbreaking_new_memory/,https://www.macrumors.com/2025/09/10/iphone-17-new-memory-security-feature/
1nd9bpe,"Sam Altman on iPhone 17 series: ‘First upgrade I’ve wanted in a while’, backs replacing Siri with ChatGPT Voice",Fer65432_Plays,2025-09-10T09:16:11,0,0.45,apple,https://www.reddit.com/r/apple/comments/1nd9bpe/sam_altman_on_iphone_17_series_first_upgrade_ive/,https://www.livemint.com/technology/tech-news/sam-altman-on-iphone-17-series-first-upgrade-wanted-in-a-while-backs-idea-of-replacing-siri-with-chatgpt-voice-11757471182754.html
1nd8kna,iPhone 17 - First Look & Hands-On! | Brian Tong,ControlCAD,2025-09-10T08:26:03,13,0.64,apple,https://www.reddit.com/r/apple/comments/1nd8kna/iphone_17_first_look_handson_brian_tong/,https://www.youtube.com/watch?v=eURYVajKLVw
1nd4120,iPhone 17 Pro hands-on | The Verge,ControlCAD,2025-09-10T03:48:07,25,0.74,apple,https://www.reddit.com/r/apple/comments/1nd4120/iphone_17_pro_handson_the_verge/,https://www.youtube.com/watch?app=desktop&v=jhaMHsmzE9I
1nd1zj0,Why does Apple’s iPhone 17 Pro ‘Clear’ Case have a white block that makes the design look worse?,PM_ME_JUSTIN_TRUDEAU,2025-09-10T02:06:20,688,0.88,apple,https://www.reddit.com/r/apple/comments/1nd1zj0/why_does_apples_iphone_17_pro_clear_case_have_a/,https://www.apple.com/ca/shop/product/MGFT4ZM/A/iphone-17-pro-clear-case-with-magsafe
1nd03h9,iPhone 17 Pro Has Toggle to Disable Screen Flickering (PWM),Fer65432_Plays,2025-09-10T00:37:19,287,0.96,apple,https://www.reddit.com/r/apple/comments/1nd03h9/iphone_17_pro_has_toggle_to_disable_screen/,https://www.macrumors.com/2025/09/09/iphone-17-pro-pwm-toggle/
1ncy88g,Apple Updates Trade-In Values Following iPhone 17 Event,Fer65432_Plays,2025-09-09T23:12:59,130,0.89,apple,https://www.reddit.com/r/apple/comments/1ncy88g/apple_updates_tradein_values_following_iphone_17/,https://www.macrumors.com/2025/09/09/apple-trade-in-values-iphone-17/
1ncy0t9,The Apple iPhone 17 (256GB for $799) is cheaper than the Google Pixel 10 (256GB for $899),Fer65432_Plays,2025-09-09T23:04:11,1953,0.98,apple,https://www.reddit.com/r/apple/comments/1ncy0t9/the_apple_iphone_17_256gb_for_799_is_cheaper_than/,https://www.threads.com/@michaelbtech/post/DOZE8MFko3I?xmt=AQF0nPY6HrirjzirIQ2S6P7DGvSgSpABECUcwG6iL5bESQ&slof=
1ncwf8i,iPhone 17 Air - First Look & Hands-On! | Brian Tong,ControlCAD,2025-09-09T21:57:32,50,0.78,apple,https://www.reddit.com/r/apple/comments/1ncwf8i/iphone_17_air_first_look_handson_brian_tong/,https://www.youtube.com/watch?v=xOLY7rDaERw
1ncw48u,iPhone 17 Pro/Pro Max - First Look & Hands-On! | Brian Tong,ControlCAD,2025-09-09T21:45:03,135,0.8,apple,https://www.reddit.com/r/apple/comments/1ncw48u/iphone_17_propro_max_first_look_handson_brian_tong/,https://www.youtube.com/watch?app=desktop&v=QHVjcHeStho
1ncvedh,iPhone Air and iPhone 17 Limited to USB 2,Fer65432_Plays,2025-09-09T21:16:04,236,0.93,apple,https://www.reddit.com/r/apple/comments/1ncvedh/iphone_air_and_iphone_17_limited_to_usb_2/,https://www.macrumors.com/2025/09/09/iphone-air-usb-2/
1ncvb4y,"[Macrumors] iPhone 17, Air, and iPhone 17 Pro: Here's How Much RAM in Each Model",AWildDragon,2025-09-09T21:12:36,36,0.82,apple,https://www.reddit.com/r/apple/comments/1ncvb4y/macrumors_iphone_17_air_and_iphone_17_pro_heres/,https://www.macrumors.com/2025/09/09/iphone-17-pro-iphone-air-ram-amounts/
1ncuv9a,iPhone 17 Pro reintroduces a glass cutout for 5G mmWave antenna on U.S. models,Fer65432_Plays,2025-09-09T20:55:20,54,0.9,apple,https://www.reddit.com/r/apple/comments/1ncuv9a/iphone_17_pro_reintroduces_a_glass_cutout_for_5g/,https://9to5mac.com/2025/09/09/iphone-17-pro-mmwave-glass-cutout-new-location/
1ncu64a,"Apple Lists iPhone 17, iPhone Air, and iPhone 17 Pro Battery Capacities",iMacmatician,2025-09-09T20:29:05,177,0.92,apple,https://www.reddit.com/r/apple/comments/1ncu64a/apple_lists_iphone_17_iphone_air_and_iphone_17/,https://www.macrumors.com/2025/09/09/iphone-17-and-17-pro-battery-capacities/
1nctewg,Apple's Polishing Cloth has NOT been updated yet to work with iPhone 17 models,Fer65432_Plays,2025-09-09T20:01:08,3086,0.94,apple,https://www.reddit.com/r/apple/comments/1nctewg/apples_polishing_cloth_has_not_been_updated_yet/,https://x.com/aaronp613/status/1965482840709365962?s=46
1ncqbec,"Apple Announces iPhone 17 Pro and Pro Max With New Design, Larger Battery, and More",exjr_,2025-09-09T18:08:34,5334,0.85,apple,https://www.reddit.com/r/apple/comments/1ncqbec/apple_announces_iphone_17_pro_and_pro_max_with/,https://www.macrumors.com/2025/09/09/apple-announces-iphone-17-pro/
1ncq9a6,"Apple unveils iPhone 17: 120 FPS display, A19 chip, upgraded camera",exjr_,2025-09-09T18:06:23,1747,0.95,apple,https://www.reddit.com/r/apple/comments/1ncq9a6/apple_unveils_iphone_17_120_fps_display_a19_chip/,https://9to5mac.com/2025/09/09/apple-unveils-iphone-17-new-features/
1nch3kn,Expect the iPhone 17 event to avoid Apple Intelligence promises,chrisdh79,2025-09-09T12:07:54,809,0.94,apple,https://www.reddit.com/r/apple/comments/1nch3kn/expect_the_iphone_17_event_to_avoid_apple/,https://9to5mac.com/2025/09/09/expect-the-iphone-17-event-to-avoid-apple-intelligence-promises/
1nc80jg,"Final iPhone 17 Pro Rumors: Orange and Blue, Vapor Chamber, and More",iMacmatician,2025-09-09T03:07:40,269,0.86,apple,https://www.reddit.com/r/apple/comments/1nc80jg/final_iphone_17_pro_rumors_orange_and_blue_vapor/,https://www.macrumors.com/2025/09/08/iphone-17-pro-final-rumors/
1nbyo7i,Apple renamed iOS to iOS 26 for consistency. Why not do the same with iPhones?,bazigar911,2025-09-08T20:19:44,718,0.87,apple,https://www.reddit.com/r/apple/comments/1nbyo7i/apple_renamed_ios_to_ios_26_for_consistency_why/,https://www.reddit.com/r/apple/comments/1nbyo7i/apple_renamed_ios_to_ios_26_for_consistency_why/
1nbp8b5,Design Over Drama: Apple Bets on iPhone 17 Air to Spark Upgrade Cycle,chrisdh79,2025-09-08T14:28:25,43,0.79,apple,https://www.reddit.com/r/apple/comments/1nbp8b5/design_over_drama_apple_bets_on_iphone_17_air_to/,https://www.patentlyapple.com/2025/09/design-over-drama-apple-bets-on-iphone-17-air-to-spark-upgrade-cycle.html
1nbjq76,iPhone 17 Pro battery life will be a massive jump over last year: battery capacity increased by 19%,bsoci,2025-09-08T10:06:20,2074,0.95,apple,https://www.reddit.com/r/apple/comments/1nbjq76/iphone_17_pro_battery_life_will_be_a_massive_jump/,https://9to5mac.com/2025/09/08/iphone-17-pro-battery-life-massive-increase/
1nbckz6,iPhone 18 Rumor Becomes iPhone 19 Rumor Two Days Before iPhone 17,ControlCAD,2025-09-08T02:57:35,292,0.81,apple,https://www.reddit.com/r/apple/comments/1nbckz6/iphone_18_rumor_becomes_iphone_19_rumor_two_days/,https://www.macrumors.com/2025/09/07/iphone-19-samsung-camera-sensor-rumor/
1nak7gt,"iPhone 17 series leak: 8x zoom cameras, 8K recording, vapor chamber cooling, A19 Pro chip, bigger batteries, and new colours",byzvntine,2025-09-07T04:42:33,1792,0.94,apple,https://www.reddit.com/r/apple/comments/1nak7gt/iphone_17_series_leak_8x_zoom_cameras_8k/,https://www.notebookcheck.net/iPhone-17-series-leak-8x-zoom-cameras-8K-recording-vapor-chamber-cooling-A19-Pro-chip-bigger-batteries-and-new-colours.1107570.0.html
1naiqjf,Additional iPhone 17 specs seemingly confirmed…,cjohn4043,2025-09-07T03:22:13,252,0.8,apple,https://www.reddit.com/r/apple/comments/1naiqjf/additional_iphone_17_specs_seemingly_confirmed/,https://x.com/vadimyuryev/status/1964331767160328403?s=46
1na5efu,Apple allowing “leaks” on purpose as part of marketing to get more attention,GarrettSucks,2025-09-06T17:28:21,0,0.25,apple,https://www.reddit.com/r/apple/comments/1na5efu/apple_allowing_leaks_on_purpose_as_part_of/,https://www.reddit.com/r/apple/comments/1na5efu/apple_allowing_leaks_on_purpose_as_part_of/
1n9u6n4,iPhone 17 Pro | All new. All blue,Sevastarion,2025-09-06T08:18:54,0,0.25,apple,https://www.reddit.com/r/apple/comments/1n9u6n4/iphone_17_pro_all_new_all_blue/,https://youtu.be/nEAAyM-SdPU?feature=shared
1n9mwmi,Apple iPhone 17 September 9 event live,Huge_Interest2441,2025-09-06T01:28:44,0,0.37,apple,https://www.reddit.com/r/apple/comments/1n9mwmi/apple_iphone_17_september_9_event_live/,https://www.youtube.com/live/H3KnMyojEQU?si=9o6r54cjusn7SY4S
1n94zsn,"iPhone 17 Pro Has Smaller Dynamic Island, Claims Last-Minute Rumor",chrisdh79,2025-09-05T13:15:49,868,0.91,apple,https://www.reddit.com/r/apple/comments/1n94zsn/iphone_17_pro_has_smaller_dynamic_island_claims/,https://www.macrumors.com/2025/09/05/iphone-17-pro-rumor-redesigned-dynamic-island/
1n92ef6,Everything Apple Plans to Show at Sept. 9 ‘Awe Dropping’ iPhone 17 Event,iMacmatician,2025-09-05T11:13:37,579,0.86,apple,https://www.reddit.com/r/apple/comments/1n92ef6/everything_apple_plans_to_show_at_sept_9_awe/,https://www.bloomberg.com/news/articles/2025-09-05/what-apple-is-planning-to-introduce-at-sept-9-awe-dropping-iphone-17-event
1n8j195,Apple’s iPhone 17 event it just around the corner - here's what to expect,rohanad1986,2025-09-04T19:03:14,120,0.74,apple,https://www.reddit.com/r/apple/comments/1n8j195/apples_iphone_17_event_it_just_around_the_corner/,https://www.pocket-lint.com/iphone-17-apple-event-what-to-expect/
1n88m69,Base iPhone 17 Pro Could Cost $200 More But With Doubled Storage,chrisdh79,2025-09-04T12:21:17,390,0.9,apple,https://www.reddit.com/r/apple/comments/1n88m69/base_iphone_17_pro_could_cost_200_more_but_with/,https://www.macrumors.com/2025/09/04/base-iphone-17-pro-cost-200-more-double-storage/
1n86m86,"iPhone 17 Air to Start at $1,099 With 256GB Storage, 1TB for $1,499",chrisdh79,2025-09-04T10:36:55,1806,0.94,apple,https://www.reddit.com/r/apple/comments/1n86m86/iphone_17_air_to_start_at_1099_with_256gb_storage/,https://www.macrumors.com/2025/09/04/iphone-17-air-price-1099-256gb-base-storage/
1n7i6lg,Two Apple Stores Open in India This Week Ahead of iPhone 17 Launch,iMacmatician,2025-09-03T15:39:05,11,0.63,apple,https://www.reddit.com/r/apple/comments/1n7i6lg/two_apple_stores_open_in_india_this_week_ahead_of/,https://www.macrumors.com/2025/09/03/two-apple-stores-open-in-india-this-week/
1n7ee0v,"New iPhone 17 Pro Details: Brighter Display, Best Battery Life, and More",iMacmatician,2025-09-03T13:10:05,1066,0.91,apple,https://www.reddit.com/r/apple/comments/1n7ee0v/new_iphone_17_pro_details_brighter_display_best/,https://www.macrumors.com/2025/09/03/new-iphone-17-pro-details/
1n6ksyn,"Apple might have good news on iPhone 17 pricing, per report (“JPMorgan projects slim-to-no price increases on iPhone 17 lineup”)",Fer65432_Plays,2025-09-02T14:20:45,262,0.9,apple,https://www.reddit.com/r/apple/comments/1n6ksyn/apple_might_have_good_news_on_iphone_17_pricing/,https://9to5mac.com/2025/09/02/apple-might-have-good-news-on-iphone-17-pricing-per-report/
1n5vkof,iPhone 17 Cases Allegedly Reveal Holes for Crossbody Strap,Fer65432_Plays,2025-09-01T17:49:31,204,0.89,apple,https://www.reddit.com/r/apple/comments/1n5vkof/iphone_17_cases_allegedly_reveal_holes_for/,https://www.iclarified.com/98316/iphone-17-cases-allegedly-reveal-holes-for-crossbody-strap-images
1n5ir9d,Apple Hints at iPhone 17 Models Lacking SIM Card Slot in More Countries,Fer65432_Plays,2025-09-01T07:58:01,187,0.91,apple,https://www.reddit.com/r/apple/comments/1n5ir9d/apple_hints_at_iphone_17_models_lacking_sim_card/,https://www.macrumors.com/2025/08/31/apple-hints-at-esim-only-iphone-17/
1n4w1z3,iPhone 17 Pro Clear Case may feature redesign and possibly tinted options,chrisdh79,2025-08-31T14:24:53,433,0.9,apple,https://www.reddit.com/r/apple/comments/1n4w1z3/iphone_17_pro_clear_case_may_feature_redesign_and/,https://9to5mac.com/2025/08/31/iphone-17-pro-clear-case-may-feature-redesign-and-possibly-tinted-options/
1n1uyrg,"iPhone 17 Air is Launching Soon, Here Are All the Rumors",iMacmatician,2025-08-27T22:17:27,915,0.91,apple,https://www.reddit.com/r/apple/comments/1n1uyrg/iphone_17_air_is_launching_soon_here_are_all_the/,https://www.macrumors.com/guide/iphone-17-air-rumors/
1n0pn1v,iPhone 17 announcement imminent as alleged Apple Event ‘hashmoji’ surfaces,Fer65432_Plays,2025-08-26T15:54:25,585,0.94,apple,https://www.reddit.com/r/apple/comments/1n0pn1v/iphone_17_announcement_imminent_as_alleged_apple/,https://9to5mac.com/2025/08/26/iphone-17-event-hashmoji/
1n0j75z,Reverse wireless charging may not be possible on the iPhone 17 Pro,iMacmatician,2025-08-26T11:26:18,72,0.73,apple,https://www.reddit.com/r/apple/comments/1n0j75z/reverse_wireless_charging_may_not_be_possible_on/,https://9to5mac.com/2025/08/26/reverse-wireless-charging-may-not-be-possible-on-the-iphone-17-pro/
1mzq77l,Apple's 'Liquid Silicone' iPhone 17 Case Colors Allegedly Revealed,chrisdh79,2025-08-25T13:15:40,353,0.91,apple,https://www.reddit.com/r/apple/comments/1mzq77l/apples_liquid_silicone_iphone_17_case_colors/,https://www.macrumors.com/2025/08/25/apple-liquid-silicone-iphone-17-case-colors/
1mznf5s,"iPhone 17 Pro May Be Able to Wirelessly Charge AirPods, Apple Watch",Fer65432_Plays,2025-08-25T11:02:47,828,0.94,apple,https://www.reddit.com/r/apple/comments/1mznf5s/iphone_17_pro_may_be_able_to_wirelessly_charge/,https://www.macrumors.com/2025/08/25/iphone-17-pro-wireless-charge-airpods-apple-watch/
1mxecuq,Isn’t crazy that we already know absolutely everything about the iPhone 17 lineup?,rp_rEVOLution,2025-08-22T18:27:09,0,0.47,apple,https://www.reddit.com/r/apple/comments/1mxecuq/isnt_crazy_that_we_already_know_absolutely/,https://www.reddit.com/r/apple/comments/1mxecuq/isnt_crazy_that_we_already_know_absolutely/
1mwqrud,Leaker Shares ‘Alleged’ iPhone 17 TechWoven Case Colors • 9to5Mac,CouscousKazoo,2025-08-21T23:31:19,61,0.77,apple,https://www.reddit.com/r/apple/comments/1mwqrud/leaker_shares_alleged_iphone_17_techwoven_case/,https://9to5mac.com/2025/08/21/leaker-shares-alleged-iphone-17-techwoven-case-colors/
1mvi9s5,Apple Rumored to Launch 'TechWoven' Cases for iPhone 17 With 'Crossbody Strap' Option,Fer65432_Plays,2025-08-20T15:39:17,431,0.93,apple,https://www.reddit.com/r/apple/comments/1mvi9s5/apple_rumored_to_launch_techwoven_cases_for/,https://www.macrumors.com/2025/08/20/techwoven-cases-crossbody-strap-rumor/
1mulmsf,AirPods Pro 2 seem set for another surprise upgrade [Live Translation] at iPhone 17 event,iMacmatician,2025-08-19T15:26:54,887,0.96,apple,https://www.reddit.com/r/apple/comments/1mulmsf/airpods_pro_2_seem_set_for_another_surprise/,https://9to5mac.com/2025/08/19/airpods-pro-2-seem-set-for-another-surprise-upgrade-at-iphone-17-event/
1muhf24,iPhone 17 Pro case line may have new leather alternative after flawed FineWoven,Fer65432_Plays,2025-08-19T12:46:21,273,0.77,apple,https://www.reddit.com/r/apple/comments/1muhf24/iphone_17_pro_case_line_may_have_new_leather/,https://9to5mac.com/2025/08/19/iphone-17-pro-case-leather/
1muerkd,Apple's iPhone 17 Manufacturing Expands Across Five Indian Plants,Fer65432_Plays,2025-08-19T10:37:00,78,0.86,apple,https://www.reddit.com/r/apple/comments/1muerkd/apples_iphone_17_manufacturing_expands_across/,https://www.macrumors.com/2025/08/19/apple-iphone-17-manufacturing-expands-india/
1mtnu1s,"Apple’s low-cost iPhone 17 option is getting nice upgrades [new design, Dynamic Island, A19], per leaker [Digital Chat Station]",iMacmatician,2025-08-18T14:36:46,126,0.88,apple,https://www.reddit.com/r/apple/comments/1mtnu1s/apples_lowcost_iphone_17_option_is_getting_nice/,https://9to5mac.com/2025/08/18/apples-low-cost-iphone-17-option-is-getting-nice-upgrades-per-leaker/
1mtn0en,Apple Again Rumored to Release iPhone 17 Cases With Lanyard Option,chrisdh79,2025-08-18T14:05:39,140,0.84,apple,https://www.reddit.com/r/apple/comments/1mtn0en/apple_again_rumored_to_release_iphone_17_cases/,https://www.macrumors.com/2025/08/18/iphone-17-lanyard-case-rumor/
1mqzs5h,iPhone 17 Pro Leak Reveals SIM Card Tray Might Live Another Year in Some Countries,Fer65432_Plays,2025-08-15T14:40:38,329,0.93,apple,https://www.reddit.com/r/apple/comments/1mqzs5h/iphone_17_pro_leak_reveals_sim_card_tray_might/,https://www.macrumors.com/2025/08/15/alleged-iphone-17-pro-sim-card-tray/
1mq5j8n,iPhone 17 event news is coming but beware of fake invites,iMacmatician,2025-08-14T16:29:36,0,0.36,apple,https://www.reddit.com/r/apple/comments/1mq5j8n/iphone_17_event_news_is_coming_but_beware_of_fake/,https://9to5mac.com/2025/08/14/iphone-17-event-announcement/
1mpx3hy,iPhone 17 Pro Production Leak Offers First Look at All-Aluminum Chassis,chrisdh79,2025-08-14T10:44:11,705,0.92,apple,https://www.reddit.com/r/apple/comments/1mpx3hy/iphone_17_pro_production_leak_offers_first_look/,https://www.macrumors.com/2025/08/14/iphone-17-pro-leak-aluminum-chassis/
1mp9xcf,Will the iPhone 17 Pro Really Break Apple's 8-Year Pricing Streak?,iMacmatician,2025-08-13T16:56:22,80,0.73,apple,https://www.reddit.com/r/apple/comments/1mp9xcf/will_the_iphone_17_pro_really_break_apples_8year/,https://www.macrumors.com/2025/08/13/iphone-17-pro-may-break-8-year-streak/
1mp1ik6,"iPhone 17 Pro to Start at $1,049 With Doubled Base Storage",chrisdh79,2025-08-13T11:11:32,1925,0.95,apple,https://www.reddit.com/r/apple/comments/1mp1ik6/iphone_17_pro_to_start_at_1049_with_doubled_base/,https://www.macrumors.com/2025/08/13/iphone-17-pro-minimum-256gb-storage-up-from-128gb/
1mow5uc,"Every rumored iPhone 17, iPhone 17 Air, and iPhone 17 Pro color",TheAppropriateBoop,2025-08-13T05:41:29,0,0.46,apple,https://www.reddit.com/r/apple/comments/1mow5uc/every_rumored_iphone_17_iphone_17_air_and_iphone/,https://9to5mac.com/2025/08/12/iphone-17-color-options-2025/
1mo5msk,iPhone 17 Air to Feature A19 Pro Chip With Reduced GPU Performance,Fer65432_Plays,2025-08-12T11:02:54,370,0.94,apple,https://www.reddit.com/r/apple/comments/1mo5msk/iphone_17_air_to_feature_a19_pro_chip_with/,https://www.macrumors.com/2025/08/12/iphone-17-air-a19-pro-chip-reduced-gpu-cores/
1mnq1y5,iOS 26 beta hints at upcoming AirPods live translation gesture,Fer65432_Plays,2025-08-11T21:38:47,349,0.95,apple,https://www.reddit.com/r/apple/comments/1mnq1y5/ios_26_beta_hints_at_upcoming_airpods_live/,https://9to5mac.com/2025/08/11/ios-26-beta-hints-at-upcoming-airpods-live-translation-gesture/
1mnczog,Rumor points to iPhone 17 Pro adopting Apple Watch Ultra-style antennas,Fer65432_Plays,2025-08-11T13:28:37,96,0.76,apple,https://www.reddit.com/r/apple/comments/1mnczog/rumor_points_to_iphone_17_pro_adopting_apple/,https://9to5mac.com/2025/08/11/rumor-points-to-iphone-17-pro-adopting-apple-watch-ultra-style-antennas/
1mm57h6,"iPhone 17 Models 'Likely' to Have Higher Prices, Another Analyst [Jeff Pu] Says",iMacmatician,2025-08-10T00:54:37,356,0.88,apple,https://www.reddit.com/r/apple/comments/1mm57h6/iphone_17_models_likely_to_have_higher_prices/,https://www.macrumors.com/2025/08/09/iphone-17-higher-prices-likely-says-analyst/
1mln7n9,Turkish News Leaks iPhone 17 Days Before Keynote,Firecat9074145,2025-08-09T11:31:55,0,0.21,apple,https://www.reddit.com/r/apple/comments/1mln7n9/turkish_news_leaks_iphone_17_days_before_keynote/,https://www.reddit.com/r/apple/comments/1mln7n9/turkish_news_leaks_iphone_17_days_before_keynote/
1mjbhjs,Will iPhone 17 Pro Start at 256GB Storage?,iMacmatician,2025-08-06T17:47:47,62,0.78,apple,https://www.reddit.com/r/apple/comments/1mjbhjs/will_iphone_17_pro_start_at_256gb_storage/,https://www.macrumors.com/2025/08/06/will-iphone-17-pro-start-at-256gb-storage/
1mj5mq4,Sketchy Rumor: Apple to Launch 'Liquid Silicone' iPhone 17 Cases With Optional Lanyard,chrisdh79,2025-08-06T14:07:05,163,0.88,apple,https://www.reddit.com/r/apple/comments/1mj5mq4/sketchy_rumor_apple_to_launch_liquid_silicone/,https://www.macrumors.com/2025/08/06/iphone-17-liquid-silicone-cases-rumor/
1mi5t0w,"Apple iPhone 17 Event Set for September 9, German Sources Claim",chrisdh79,2025-08-05T10:45:16,402,0.95,apple,https://www.reddit.com/r/apple/comments/1mi5t0w/apple_iphone_17_event_set_for_september_9_german/,https://www.macrumors.com/2025/08/05/apple-iphone-17-event-set-september-9/
1mhb06f,iPhone 17 Air Battery Allegedly 2.49mm – Half the Thickness of 17 Pro's,iMacmatician,2025-08-04T11:36:26,115,0.8,apple,https://www.reddit.com/r/apple/comments/1mhb06f/iphone_17_air_battery_allegedly_249mm_half_the/,https://www.macrumors.com/2025/08/04/iphone-17-air-battery-half-thickness-17-pro/
1mexz2l,Leaker shares iPhone 17 Air battery images with steel case,Fer65432_Plays,2025-08-01T14:28:52,243,0.89,apple,https://www.reddit.com/r/apple/comments/1mexz2l/leaker_shares_iphone_17_air_battery_images_with/,https://9to5mac.com/2025/08/01/leaker-shares-iphone-17-air-battery-images-with-steel-case/
1md3kvl,"iPhone 17 Models May See $50 Price Hike, Says Jefferies",chrisdh79,2025-07-30T11:02:40,296,0.9,apple,https://www.reddit.com/r/apple/comments/1md3kvl/iphone_17_models_may_see_50_price_hike_says/,https://www.macrumors.com/2025/07/30/iphone-17-price-increase-expected/
1mcqo0x,First look at iPhone 17 color dummies,Furkansimsir,2025-07-29T23:14:02,320,0.9,apple,https://www.reddit.com/r/apple/comments/1mcqo0x/first_look_at_iphone_17_color_dummies/,https://x.com/sonnydickson/status/1950325609957380405?s=46
1mceazf,Here's Another Look at the iPhone 17 Pro's Alleged New MagSafe Design,iMacmatician,2025-07-29T15:21:46,180,0.9,apple,https://www.reddit.com/r/apple/comments/1mceazf/heres_another_look_at_the_iphone_17_pros_alleged/,https://www.macrumors.com/2025/07/29/iphone-17-pro-alleged-magsafe-design/
1manys0,"Tipster: iPhone 17 Pro to Feature 8x Zoom, Pro Camera App, and More",iMacmatician,2025-07-27T14:40:28,528,0.92,apple,https://www.reddit.com/r/apple/comments/1manys0/tipster_iphone_17_pro_to_feature_8x_zoom_pro/,https://www.macrumors.com/2025/07/27/iphone-17-pro-camera-rumors/
1mae0zj,iPhone 17 Pro Launching in Two Months With These 16 New Features,Tenlow85,2025-07-27T05:11:16,1127,0.89,apple,https://www.reddit.com/r/apple/comments/1mae0zj/iphone_17_pro_launching_in_two_months_with_these/,https://www.macrumors.com/2025/07/26/iphone-17-pro-expected-features/
1m6gjja,iPhone 17 leaks and rumours: From release date to price,Wild_Interaction_790,2025-07-22T15:05:42,0,0.41,apple,https://www.reddit.com/r/apple/comments/1m6gjja/iphone_17_leaks_and_rumours_from_release_date_to/,https://www.independent.co.uk/extras/indybest/gadgets-tech/phones-accessories/iphone-17-release-date-b2792854.html
1m3bxto,"iPhone 17 Air's Limited Battery Capacity Leaked [under 3,000 mAh]",iMacmatician,2025-07-18T19:42:45,908,0.91,apple,https://www.reddit.com/r/apple/comments/1m3bxto/iphone_17_airs_limited_battery_capacity_leaked/,https://www.macrumors.com/2025/07/18/iphone-17-air-battery-capacity-rumor/
1m2bgwn,"iPhone 17 Pro renders reveal new orange and blue colors, more",Fer65432_Plays,2025-07-17T16:02:28,204,0.89,apple,https://www.reddit.com/r/apple/comments/1m2bgwn/iphone_17_pro_renders_reveal_new_orange_and_blue/,https://9to5mac.com/2025/07/17/iphone-17-pro-renders-reveal-new-orange-and-blue-colors-more/
1m1uwvz,iPhone 17 Pro Might Get Scratch Resistant Anti-Reflective Display After All,iMacmatician,2025-07-17T01:43:22,93,0.81,apple,https://www.reddit.com/r/apple/comments/1m1uwvz/iphone_17_pro_might_get_scratch_resistant/,https://www.macrumors.com/2025/07/16/iphone-17-pro-anti-reflective-display/
1m0lbad,iPhone 17 Models Likely to Support 25W Wireless Third-Party Chargers,Fer65432_Plays,2025-07-15T15:47:53,82,0.89,apple,https://www.reddit.com/r/apple/comments/1m0lbad/iphone_17_models_likely_to_support_25w_wireless/,https://www.macrumors.com/2025/07/15/iphone-17-models-25w-wireless-third-party-chargers/
1m0j2jm,"iPhone 17: Titanium is coming to just one model, and it’s a surprising choice",chrisdh79,2025-07-15T14:21:51,252,0.81,apple,https://www.reddit.com/r/apple/comments/1m0j2jm/iphone_17_titanium_is_coming_to_just_one_model/,https://9to5mac.com/2025/07/15/iphone-17-titanium-is-coming-to-just-one-model-and-its-a-surprising-choice/
1lzov32,Sky Blue Color Now Rumored for iPhone 17 Air Instead of iPhone 17 Pro,iMacmatician,2025-07-14T15:06:41,132,0.84,apple,https://www.reddit.com/r/apple/comments/1lzov32/sky_blue_color_now_rumored_for_iphone_17_air/,https://www.macrumors.com/2025/07/14/no-sky-blue-iphone-17-pro-anymore/
1lznl93,"iPhone 17 Pro Models Rumored to Have All-New Unique Color Option [""dark gold or copper""]",iMacmatician,2025-07-14T14:17:31,108,0.82,apple,https://www.reddit.com/r/apple/comments/1lznl93/iphone_17_pro_models_rumored_to_have_allnew/,https://www.macrumors.com/2025/07/14/iphone-17-pro-all-new-color-rumored/
1lzktly,"Apple gearing up for day one production of iPhone 17 in India, despite Chinese disruption",chrisdh79,2025-07-14T12:16:15,156,0.9,apple,https://www.reddit.com/r/apple/comments/1lzktly/apple_gearing_up_for_day_one_production_of_iphone/,https://9to5mac.com/2025/07/14/apple-gearing-up-for-day-one-production-of-iphone-17-in-india-despite-chinese-disruption/#more-1009759
1lzdoc5,iPhone 17 parts land in Foxconn India factory,iMacmatician,2025-07-14T04:58:15,107,0.91,apple,https://www.reddit.com/r/apple/comments/1lzdoc5/iphone_17_parts_land_in_foxconn_india_factory/,https://economictimes.indiatimes.com/industry/cons-products/electronics/iphone-17-parts-land-in-foxconn-india-factory/articleshow/122394404.cms
1lx4iyj,iPhone 17 Pro Models With BOE Displays Will Be Sold in China Only,Fer65432_Plays,2025-07-11T11:33:51,31,0.81,apple,https://www.reddit.com/r/apple/comments/1lx4iyj/iphone_17_pro_models_with_boe_displays_will_be/,https://www.macrumors.com/2025/07/11/iphone-17-pros-with-boe-displays-for-china-only/
1lx2xdk,iPhone 17 and iPhone 17 Air Rumored to Come in These 9 Colors,iMacmatician,2025-07-11T09:59:42,72,0.8,apple,https://www.reddit.com/r/apple/comments/1lx2xdk/iphone_17_and_iphone_17_air_rumored_to_come_in/,https://www.macrumors.com/2025/07/11/iphone-17-and-17-air-to-come-in-these-9-colors/
1lwebri,iPhone 17 Pro: New images (dummy models) could be best look yet at coming redesign,Fer65432_Plays,2025-07-10T14:35:54,445,0.88,apple,https://www.reddit.com/r/apple/comments/1lwebri/iphone_17_pro_new_images_dummy_models_could_be/,https://9to5mac.com/2025/07/10/iphone-17-pro-new-images-coming-redesign/
1lvkjhj,"iPhone 17 Air Could Be Available in 4 New Color Options [""Black,"" ""Silver,"" ""Light Gold,"" ""Light Blue""]",iMacmatician,2025-07-09T14:41:54,47,0.73,apple,https://www.reddit.com/r/apple/comments/1lvkjhj/iphone_17_air_could_be_available_in_4_new_color/,https://majinbuofficial.com/iphone-17-air-could-be-available-in-4-new-color-options/
1lvjbs0,iPhone 17 Air Now Said to Feature A19 Pro Chip With One Limitation,chrisdh79,2025-07-09T13:51:19,276,0.92,apple,https://www.reddit.com/r/apple/comments/1lvjbs0/iphone_17_air_now_said_to_feature_a19_pro_chip/,https://www.macrumors.com/2025/07/09/iphone-17-air-a19-pro-chip-rumor/
1lvf2lp,"iPhone 17 Air Design, Specs, and More: All the Rumors So Far",iMacmatician,2025-07-09T10:13:16,20,0.72,apple,https://www.reddit.com/r/apple/comments/1lvf2lp/iphone_17_air_design_specs_and_more_all_the/,https://www.macrumors.com/2025/07/09/iphone-17-air-design-specs-rumors-so-far/
1lux58l,iPhone 17 Air: Here's What Apple's Thinnest iPhone Ever Will Look Like,iMacmatician,2025-07-08T19:01:11,109,0.83,apple,https://www.reddit.com/r/apple/comments/1lux58l/iphone_17_air_heres_what_apples_thinnest_iphone/,https://www.macrumors.com/2025/07/08/iphone-17-air-dummy-model-video/
1lul911,iPhone 17 Air's Standout Color Option Rumored to Be Different From Any Before (Very Light Blue),Fer65432_Plays,2025-07-08T10:38:38,3,0.54,apple,https://www.reddit.com/r/apple/comments/1lul911/iphone_17_airs_standout_color_option_rumored_to/,https://www.macrumors.com/2025/07/08/iphone-17-air-standout-color-option/
1ltzgte,"iPhone 17 Pro to Reverse iPhone X Design Decision (“iPhone 17 Pro models will have an aluminum frame, with a glass section on the back of the devices to preserve MagSafe and Qi wireless charging support.”)",Fer65432_Plays,2025-07-07T16:56:24,188,0.9,apple,https://www.reddit.com/r/apple/comments/1ltzgte/iphone_17_pro_to_reverse_iphone_x_design_decision/,https://www.macrumors.com/2025/07/07/iphone-17-pro-to-reverse-iphone-x-design-decision/
1ltvoje,iPhone 16 Pro Design Change (Thinner Bezels) Rumored to Expand to iPhone 17 and iPhone 17 Air,Fer65432_Plays,2025-07-07T14:31:04,119,0.86,apple,https://www.reddit.com/r/apple/comments/1ltvoje/iphone_16_pro_design_change_thinner_bezels/,https://www.macrumors.com/2025/07/07/iphone-17-and-17-air-thinner-bezels-rumor/
1ltifdx,"New iPhone 17 Pro renders highlight aluminum design, repositioned Apple logo",A-Dog22,2025-07-07T02:07:55,592,0.9,apple,https://www.reddit.com/r/apple/comments/1ltifdx/new_iphone_17_pro_renders_highlight_aluminum/,https://9to5mac.com/2025/07/06/iphone-17-pro-new-design-case-leak-apple-logo/
1lrxv0b,iPhone 17 Pro Coming Soon With These 14 New Features,iMacmatician,2025-07-05T00:51:31,1142,0.88,apple,https://www.reddit.com/r/apple/comments/1lrxv0b/iphone_17_pro_coming_soon_with_these_14_new/,https://www.macrumors.com/2025/07/04/iphone-17-pro-coming-soon/
1lpzmtc,iPhone 17 Pro's New MagSafe Design Revealed in Leaked Photo,Fer65432_Plays,2025-07-02T16:00:04,591,0.92,apple,https://www.reddit.com/r/apple/comments/1lpzmtc/iphone_17_pros_new_magsafe_design_revealed_in/,https://www.macrumors.com/2025/07/02/iphone-17-pro-new-magsafe-design/
1lpz3ai,Prediction: The massive camera bump on the iPhone 17 Pro will enable a higher quality front-facing camera by allowing for more physical depth on the camera module- a reverse camera bump of sorts.,dynamicappdesign,2025-07-02T15:39:01,99,0.85,apple,https://www.reddit.com/r/apple/comments/1lpz3ai/prediction_the_massive_camera_bump_on_the_iphone/,https://www.reddit.com/r/apple/comments/1lpz3ai/prediction_the_massive_camera_bump_on_the_iphone/
1lpdld4,The biggest iPhone 17 mystery left [ProMotion] could swing a lot of upgrade decisions,iMacmatician,2025-07-01T21:11:01,168,0.84,apple,https://www.reddit.com/r/apple/comments/1lpdld4/the_biggest_iphone_17_mystery_left_promotion/,https://9to5mac.com/2025/07/01/the-biggest-iphone-17-mystery-left-could-swing-a-lot-of-upgrade-decisions/
1lmtzj1,"iPhone 17 Pro may reposition the Apple logo once again, says leaker",Fer65432_Plays,2025-06-28T18:36:17,0,0.47,apple,https://www.reddit.com/r/apple/comments/1lmtzj1/iphone_17_pro_may_reposition_the_apple_logo_once/,https://9to5mac.com/2025/06/28/new-apple-logo-potential-placement-iphone-17-pro-leak/
1llr5qz,JPMorgan cuts Apple stock price target on soft iPhone 17 outlook and delayed AI payoff,chrisdh79,2025-06-27T11:09:23,54,0.81,apple,https://www.reddit.com/r/apple/comments/1llr5qz/jpmorgan_cuts_apple_stock_price_target_on_soft/,https://9to5mac.com/2025/06/26/jpmorgan-cuts-apple-stock-price-target/
1llanrk,iPhone 17 Air Screen Protector Reveals a Potential Design Difference,iMacmatician,2025-06-26T20:25:03,0,0.41,apple,https://www.reddit.com/r/apple/comments/1llanrk/iphone_17_air_screen_protector_reveals_a/,https://www.macrumors.com/2025/06/26/alleged-iphone-17-air-screen-protector/
1lkhjf6,"Apple’s C1 is coming to this product next (iPhone 17 Air), and skipping the rest",Fer65432_Plays,2025-06-25T21:05:31,752,0.92,apple,https://www.reddit.com/r/apple/comments/1lkhjf6/apples_c1_is_coming_to_this_product_next_iphone/,https://9to5mac.com/2025/06/25/apples-c1-is-coming-to-this-product-next-and-skipping-the-rest/
1ljcnt9,iPhone 17 Pro: Four new camera features are coming this fall,Fer65432_Plays,2025-06-24T14:31:51,140,0.81,apple,https://www.reddit.com/r/apple/comments/1ljcnt9/iphone_17_pro_four_new_camera_features_are_coming/,https://9to5mac.com/2025/06/24/iphone-17-pro-four-new-camera-features-are-coming-this-fall/
1lis2wq,New leak hints at vapor chamber cooling coming to iPhone 17 Pro [image],Fer65432_Plays,2025-06-23T20:51:25,85,0.88,apple,https://www.reddit.com/r/apple/comments/1lis2wq/new_leak_hints_at_vapor_chamber_cooling_coming_to/,https://9to5mac.com/2025/06/23/new-leak-hints-at-vapor-chamber-cooling-coming-to-iphone-17-pro/
1lhrt3l,iPhone 17 Pro's Alleged Vapor Chamber Cooling System Partly Revealed,iMacmatician,2025-06-22T16:19:25,1182,0.96,apple,https://www.reddit.com/r/apple/comments/1lhrt3l/iphone_17_pros_alleged_vapor_chamber_cooling/,https://www.macrumors.com/2025/06/22/iphone-17-pro-alleged-vapor-chamber-plate/
1lg5jfc,iPhone 17 Base Model Rumored to Come in New Purple and Green Colors,Fer65432_Plays,2025-06-20T14:34:44,192,0.88,apple,https://www.reddit.com/r/apple/comments/1lg5jfc/iphone_17_base_model_rumored_to_come_in_new/,https://www.macrumors.com/2025/06/20/iphone-17-purple-green-colors-rumor/
1p51knz,This is unacceptable,Haunting_Piece8117,2025-11-23T23:36:47,0,0.29,iphone,https://www.reddit.com/r/iphone/comments/1p51knz/this_is_unacceptable/,https://www.reddit.com/r/iphone/comments/1p51knz/this_is_unacceptable/
1p4lm9q,IPhone 17 pro max deductible claim.,Liftheavy_214,2025-11-23T12:32:53,0,0.13,iphone,https://www.reddit.com/r/iphone/comments/1p4lm9q/iphone_17_pro_max_deductible_claim/,https://www.reddit.com/r/iphone/comments/1p4lm9q/iphone_17_pro_max_deductible_claim/
1p46pcb,Arc pulse case iphone 17 pro max,Certain-Ad-8306,2025-11-22T22:55:20,0,0.5,iphone,https://www.reddit.com/r/iphone/comments/1p46pcb/arc_pulse_case_iphone_17_pro_max/,https://www.reddit.com/r/iphone/comments/1p46pcb/arc_pulse_case_iphone_17_pro_max/
1p31na1,iphone 17 pro max case,Disastrous-Gear6000,2025-11-21T15:31:40,0,0.25,iphone,https://www.reddit.com/r/iphone/comments/1p31na1/iphone_17_pro_max_case/,https://www.reddit.com/r/iphone/comments/1p31na1/iphone_17_pro_max_case/
1p1ii8y,Switched to iphone 17 PM,webpreneurdxb,2025-11-19T20:15:39,2,0.75,iphone,https://www.reddit.com/r/iphone/comments/1p1ii8y/switched_to_iphone_17_pm/,https://www.reddit.com/r/iphone/comments/1p1ii8y/switched_to_iphone_17_pm/
1p1c6ob,Guy at the apple store used alcohol wipes on my brand new Iphone 17 Pro Max,Jamestq,2025-11-19T16:25:17,0,0.08,iphone,https://www.reddit.com/r/iphone/comments/1p1c6ob/guy_at_the_apple_store_used_alcohol_wipes_on_my/,https://www.reddit.com/r/iphone/comments/1p1c6ob/guy_at_the_apple_store_used_alcohol_wipes_on_my/
1p0njfa,Iphone 17 Pro Max Question,DTashiki12,2025-11-18T20:51:36,0,0.5,iphone,https://www.reddit.com/r/iphone/comments/1p0njfa/iphone_17_pro_max_question/,https://www.reddit.com/r/iphone/comments/1p0njfa/iphone_17_pro_max_question/
1p0egkv,Will the powerbank made for iphone air work on iphone 17 pro max?,quiet-panda-360,2025-11-18T15:12:31,1264,0.92,iphone,https://www.reddit.com/r/iphone/comments/1p0egkv/will_the_powerbank_made_for_iphone_air_work_on/,https://i.redd.it/badr6p3q712g1.jpeg
1p07a3i,Iphone 17 pro max already hanged,Juiceistaken76,2025-11-18T09:10:27,0,0.42,iphone,https://www.reddit.com/r/iphone/comments/1p07a3i/iphone_17_pro_max_already_hanged/,https://i.redd.it/67dfbzd4fz1g1.jpeg
1oyh162,İphone 17 pro max kurulumda guncelleme sorunu,Historical_Release10,2025-11-16T09:03:14,0,0.25,iphone,https://www.reddit.com/r/iphone/comments/1oyh162/iphone_17_pro_max_kurulumda_guncelleme_sorunu/,https://www.reddit.com/r/iphone/comments/1oyh162/iphone_17_pro_max_kurulumda_guncelleme_sorunu/
1oxm2kx,Looking for a genuine leather case for iphone 17 pro max?,un3w,2025-11-15T08:00:17,0,0.5,iphone,https://www.reddit.com/r/iphone/comments/1oxm2kx/looking_for_a_genuine_leather_case_for_iphone_17/,https://www.reddit.com/r/iphone/comments/1oxm2kx/looking_for_a_genuine_leather_case_for_iphone_17/
1oxi1ml,Digitizer help,mirzahan42,2025-11-15T04:09:07,1,0.66,iphone,https://www.reddit.com/r/iphone/comments/1oxi1ml/digitizer_help/,https://www.reddit.com/r/iphone/comments/1oxi1ml/digitizer_help/
1ox30k3,Cinema e câmera (fotos) travando,teleleo,2025-11-14T17:36:05,1,1,iphone,https://www.reddit.com/r/iphone/comments/1ox30k3/cinema_e_câmera_fotos_travando/,https://www.reddit.com/r/iphone/comments/1ox30k3/cinema_e_câmera_fotos_travando/
1owz97u,funda iphone 17 pro max,Aggressive_Ask_5614,2025-11-14T15:18:25,0,0.5,iphone,https://www.reddit.com/r/iphone/comments/1owz97u/funda_iphone_17_pro_max/,https://www.reddit.com/r/iphone/comments/1owz97u/funda_iphone_17_pro_max/
1ow2qob,Bnew Iphone 17 pro max stuck on software update :(,Hashira0783,2025-11-13T14:38:18,8,0.83,iphone,https://www.reddit.com/r/iphone/comments/1ow2qob/bnew_iphone_17_pro_max_stuck_on_software_update/,https://i.redd.it/kewc6q52d11g1.jpeg
1ovb4du,Does 35w dual port power adaptor gives 35w when only one port is used?,Sweet_Score,2025-11-12T17:15:23,0,0.5,iphone,https://www.reddit.com/r/iphone/comments/1ovb4du/does_35w_dual_port_power_adaptor_gives_35w_when/,https://www.reddit.com/r/iphone/comments/1ovb4du/does_35w_dual_port_power_adaptor_gives_35w_when/
1ov1ek0,Is there a way for zooming in and out of the videos without it doing this “screen adjustment” thing?,fionmorph,2025-11-12T10:12:32,5,0.73,iphone,https://www.reddit.com/r/iphone/comments/1ov1ek0/is_there_a_way_for_zooming_in_and_out_of_the/,https://www.reddit.com/r/iphone/comments/1ov1ek0/is_there_a_way_for_zooming_in_and_out_of_the/
1ouxruy,What are some cases that will make my iphone 17 pro max look like an iphone 16 pro max?,Federal-Operation-95,2025-11-12T06:23:11,0,0.4,iphone,https://www.reddit.com/r/iphone/comments/1ouxruy/what_are_some_cases_that_will_make_my_iphone_17/,https://www.reddit.com/r/iphone/comments/1ouxruy/what_are_some_cases_that_will_make_my_iphone_17/
1ouw460,Tiktok drafts didn’t transfer to new Iphone 17,Mix_Independent,2025-11-12T04:51:00,5,0.73,iphone,https://www.reddit.com/r/iphone/comments/1ouw460/tiktok_drafts_didnt_transfer_to_new_iphone_17/,https://www.reddit.com/r/iphone/comments/1ouw460/tiktok_drafts_didnt_transfer_to_new_iphone_17/
1oug9n0,Regular issues with new iphone 17 pro max freezing,Individual-Hold-8403,2025-11-11T17:52:29,3,0.67,iphone,https://www.reddit.com/r/iphone/comments/1oug9n0/regular_issues_with_new_iphone_17_pro_max_freezing/,https://www.reddit.com/r/iphone/comments/1oug9n0/regular_issues_with_new_iphone_17_pro_max_freezing/
1ou4vbe,Heating iphone 17 pro max,Aggressive_Ask_5614,2025-11-11T09:14:14,0,0.38,iphone,https://www.reddit.com/r/iphone/comments/1ou4vbe/heating_iphone_17_pro_max/,https://i.redd.it/7e3ug46fhl0g1.jpeg
1otyem5,What case is this?,OpportunityNo9644,2025-11-11T03:02:34,0,0.44,iphone,https://www.reddit.com/r/iphone/comments/1otyem5/what_case_is_this/,https://i.redd.it/2m1xj7y3nj0g1.jpeg
1otgqy4,Iphone 17 Pro Max randomly “respringing” when switching app,DjOptimon,2025-11-10T15:28:46,2,1,iphone,https://www.reddit.com/r/iphone/comments/1otgqy4/iphone_17_pro_max_randomly_respringing_when/,https://www.reddit.com/r/iphone/comments/1otgqy4/iphone_17_pro_max_randomly_respringing_when/
1ot4f54,Iphone 17 Pro Max Feels Hollow When Tap,Ok_Communication5546,2025-11-10T04:24:42,0,0.17,iphone,https://www.reddit.com/r/iphone/comments/1ot4f54/iphone_17_pro_max_feels_hollow_when_tap/,https://www.reddit.com/r/iphone/comments/1ot4f54/iphone_17_pro_max_feels_hollow_when_tap/
1osiuac,Protection experience with Pelican cases: Voyager and Protector,br_web,2025-11-09T13:03:28,1,0.67,iphone,https://www.reddit.com/r/iphone/comments/1osiuac/protection_experience_with_pelican_cases_voyager/,https://www.reddit.com/r/iphone/comments/1osiuac/protection_experience_with_pelican_cases_voyager/
1osbqbj,What are these on the iphone 17 pro max camera?,faithdesu,2025-11-09T06:02:32,0,0.44,iphone,https://www.reddit.com/r/iphone/comments/1osbqbj/what_are_these_on_the_iphone_17_pro_max_camera/,https://www.reddit.com/gallery/1osbqbj
1orxnk3,Iphone 17 pro max,Diligent_Wallaby_250,2025-11-08T19:06:55,1,0.6,iphone,https://www.reddit.com/r/iphone/comments/1orxnk3/iphone_17_pro_max/,https://www.reddit.com/r/iphone/comments/1orxnk3/iphone_17_pro_max/
1orbzq0,How long does setting up your new iphone take?,Possible-Bridge-6732,2025-11-08T01:05:22,1,0.6,iphone,https://www.reddit.com/r/iphone/comments/1orbzq0/how_long_does_setting_up_your_new_iphone_take/,https://www.reddit.com/r/iphone/comments/1orbzq0/how_long_does_setting_up_your_new_iphone_take/
1oqtt6s,Iphone 17 pro max when streaming videos doesn’t look as good as any of the previous iPhone models.,sebas8521,2025-11-07T13:02:15,0,0.38,iphone,https://www.reddit.com/r/iphone/comments/1oqtt6s/iphone_17_pro_max_when_streaming_videos_doesnt/,https://www.reddit.com/r/iphone/comments/1oqtt6s/iphone_17_pro_max_when_streaming_videos_doesnt/
1oohsl6,Iphone 17 pro max usb c video out,Maxpayne83,2025-11-04T20:07:20,1,0.66,iphone,https://www.reddit.com/r/iphone/comments/1oohsl6/iphone_17_pro_max_usb_c_video_out/,https://www.reddit.com/r/iphone/comments/1oohsl6/iphone_17_pro_max_usb_c_video_out/
1oodaw2,Iphone 17 pro max Wifi is not working,Luffy_112004,2025-11-04T17:24:09,0,0.5,iphone,https://www.reddit.com/r/iphone/comments/1oodaw2/iphone_17_pro_max_wifi_is_not_working/,/r/iPhone17Pro/comments/1ooda43/iphone_17_pro_max_wifi_is_not_working/
1ooa4t0,Iphone giving electric shocks😭😭,Lost_Guitar_7878,2025-11-04T15:28:18,8,0.66,iphone,https://www.reddit.com/r/iphone/comments/1ooa4t0/iphone_giving_electric_shocks/,https://i.redd.it/lpouyitrd9zf1.jpeg
1oo5c4h,terrible connection with iphone 17 pro max even with 5G,FuckingRengar,2025-11-04T11:49:05,1,0.6,iphone,https://www.reddit.com/r/iphone/comments/1oo5c4h/terrible_connection_with_iphone_17_pro_max_even/,https://www.reddit.com/r/iphone/comments/1oo5c4h/terrible_connection_with_iphone_17_pro_max_even/
1oo29or,iphone 17 pro max camera sapphire glass scratched.,Vulnerical,2025-11-04T08:37:45,314,0.86,iphone,https://www.reddit.com/r/iphone/comments/1oo29or/iphone_17_pro_max_camera_sapphire_glass_scratched/,https://www.reddit.com/gallery/1oo29or
1onrw6t,magsafe pop socket on top of magsafe wallet on top of magsafe case?,guyguy7331,2025-11-03T23:37:23,2,1,iphone,https://www.reddit.com/r/iphone/comments/1onrw6t/magsafe_pop_socket_on_top_of_magsafe_wallet_on/,https://www.reddit.com/r/iphone/comments/1onrw6t/magsafe_pop_socket_on_top_of_magsafe_wallet_on/
1onemjx,Iphone 17 pro max issues?,AnaBanana610,2025-11-03T15:23:53,1,0.6,iphone,https://www.reddit.com/r/iphone/comments/1onemjx/iphone_17_pro_max_issues/,https://www.reddit.com/r/iphone/comments/1onemjx/iphone_17_pro_max_issues/
1on1ht7,iphone 17 pro max terrible touch delay,InstructionOk8585,2025-11-03T03:33:56,1,0.55,iphone,https://www.reddit.com/r/iphone/comments/1on1ht7/iphone_17_pro_max_terrible_touch_delay/,https://www.reddit.com/r/iphone/comments/1on1ht7/iphone_17_pro_max_terrible_touch_delay/
1omsj52,17 Pro Max hissing/buzzing noise while charging.,Enrico-Murta,2025-11-02T20:51:50,1,0.6,iphone,https://www.reddit.com/r/iphone/comments/1omsj52/17_pro_max_hissingbuzzing_noise_while_charging/,https://www.reddit.com/r/iphone/comments/1omsj52/17_pro_max_hissingbuzzing_noise_while_charging/
1om2bh3,Dropped iphone 2 weeks of purchase,visualexstasy,2025-11-01T23:27:47,0,0.45,iphone,https://www.reddit.com/r/iphone/comments/1om2bh3/dropped_iphone_2_weeks_of_purchase/,https://www.reddit.com/r/iphone/comments/1om2bh3/dropped_iphone_2_weeks_of_purchase/
1olmdgj,Iphone 17 pro max. Best case option for keeping the finish from scratching off,UvaSteve88,2025-11-01T12:18:32,0,0.17,iphone,https://www.reddit.com/r/iphone/comments/1olmdgj/iphone_17_pro_max_best_case_option_for_keeping/,https://www.reddit.com/r/iphone/comments/1olmdgj/iphone_17_pro_max_best_case_option_for_keeping/
1ol3ebp,Iphone 17 pro max.,Aggressive_Ask_5614,2025-10-31T19:08:15,0,0.45,iphone,https://www.reddit.com/r/iphone/comments/1ol3ebp/iphone_17_pro_max/,https://www.reddit.com/r/iphone/comments/1ol3ebp/iphone_17_pro_max/
1ok7qw6,banding artifacts on brand new iPhone 17 pro max,rattekoe,2025-10-30T18:33:08,15,0.76,iphone,https://www.reddit.com/r/iphone/comments/1ok7qw6/banding_artifacts_on_brand_new_iphone_17_pro_max/,https://i.redd.it/o3u4kx17mayf1.jpeg
1ok4vjb,17 pro max,Master-Spare4929,2025-10-30T16:46:21,0,0.43,iphone,https://www.reddit.com/r/iphone/comments/1ok4vjb/17_pro_max/,https://www.reddit.com/r/iphone/comments/1ok4vjb/17_pro_max/
1ojv16r,"Lifetime Android user, just swapped to IPhone. Keyboard advice.",Relentless_Salami,2025-10-30T09:27:27,0,0.5,iphone,https://www.reddit.com/r/iphone/comments/1ojv16r/lifetime_android_user_just_swapped_to_iphone/,https://www.reddit.com/r/iphone/comments/1ojv16r/lifetime_android_user_just_swapped_to_iphone/
1oj1e6l,Iphone 17 pro max - 140w macbook pro adapter - charging,Robot_171,2025-10-29T10:57:45,0,0.25,iphone,https://www.reddit.com/r/iphone/comments/1oj1e6l/iphone_17_pro_max_140w_macbook_pro_adapter/,https://www.reddit.com/r/iphone/comments/1oj1e6l/iphone_17_pro_max_140w_macbook_pro_adapter/
1oic5ey,Help my phone screen is stuck,Vengeancefr,2025-10-28T15:17:10,1,0.6,iphone,https://www.reddit.com/r/iphone/comments/1oic5ey/help_my_phone_screen_is_stuck/,https://i.redd.it/nh38tanedvxf1.png
1oi7iv3,Iphone 17 pro max internal damage / OIS damage?,Significant_Camp_195,2025-10-28T12:05:38,0,0.36,iphone,https://www.reddit.com/r/iphone/comments/1oi7iv3/iphone_17_pro_max_internal_damage_ois_damage/,https://www.reddit.com/r/iphone/comments/1oi7iv3/iphone_17_pro_max_internal_damage_ois_damage/
1ohmvcc,I think I returned the wrong iPhone 17 pro max to Apple...,Jamestq,2025-10-27T18:47:25,0,0.25,iphone,https://www.reddit.com/r/iphone/comments/1ohmvcc/i_think_i_returned_the_wrong_iphone_17_pro_max_to/,https://www.reddit.com/r/iphone/comments/1ohmvcc/i_think_i_returned_the_wrong_iphone_17_pro_max_to/
1oggty0,Iphone 15 (base) ios 26.0.1 1/2 fraps,Ok-Limit-9726,2025-10-26T10:02:22,0,0.2,iphone,https://www.reddit.com/r/iphone/comments/1oggty0/iphone_15_base_ios_2601_12_fraps/,https://www.reddit.com/r/iphone/comments/1oggty0/iphone_15_base_ios_2601_12_fraps/
1ogdvot,What should I do first?,Vegetable_Guava_7323,2025-10-26T06:52:06,0,0.17,iphone,https://www.reddit.com/r/iphone/comments/1ogdvot/what_should_i_do_first/,https://www.reddit.com/r/iphone/comments/1ogdvot/what_should_i_do_first/
1ogd509,Feedback: from Pixel 7 Pro to 17PM,Relative_Contest_183,2025-10-26T06:05:00,0,0.36,iphone,https://www.reddit.com/r/iphone/comments/1ogd509/feedback_from_pixel_7_pro_to_17pm/,https://www.reddit.com/r/iphone/comments/1ogd509/feedback_from_pixel_7_pro_to_17pm/
1ofwqrw,Disable action button?,hazzakthule,2025-10-25T17:03:46,0,0.33,iphone,https://www.reddit.com/r/iphone/comments/1ofwqrw/disable_action_button/,https://www.reddit.com/r/iphone/comments/1ofwqrw/disable_action_button/
1ofu96h,iphone 17 pro max still warm after 3 weeks,Loud-Performance-782,2025-10-25T15:23:04,0,0.5,iphone,https://www.reddit.com/r/iphone/comments/1ofu96h/iphone_17_pro_max_still_warm_after_3_weeks/,https://www.reddit.com/r/iphone/comments/1ofu96h/iphone_17_pro_max_still_warm_after_3_weeks/
1oes7ve,Vertical stripes on the screen iPhone 17 Pro Max,Superb-Performer-553,2025-10-24T08:25:28,30,0.87,iphone,https://www.reddit.com/r/iphone/comments/1oes7ve/vertical_stripes_on_the_screen_iphone_17_pro_max/,https://www.reddit.com/gallery/1oes7ve
1odyxlo,My iphone 17 pro max silver got instant scratch,No_Code8738,2025-10-23T09:41:57,182,0.7,iphone,https://www.reddit.com/r/iphone/comments/1odyxlo/my_iphone_17_pro_max_silver_got_instant_scratch/,https://i.redd.it/e8x4kkm11uwf1.jpeg
1odx9ix,HELP: The Bubbles are not going away from iphone 17 pro max camera protector lens ?,EveryEmployment5423,2025-10-23T07:51:48,0,0.29,iphone,https://www.reddit.com/r/iphone/comments/1odx9ix/help_the_bubbles_are_not_going_away_from_iphone/,https://www.reddit.com/r/iphone/comments/1odx9ix/help_the_bubbles_are_not_going_away_from_iphone/
1odq8sg,Iphone 17 pro max hurts eyes,Educational-Teach-60,2025-10-23T01:16:45,0,0.22,iphone,https://www.reddit.com/r/iphone/comments/1odq8sg/iphone_17_pro_max_hurts_eyes/,https://www.reddit.com/r/iphone/comments/1odq8sg/iphone_17_pro_max_hurts_eyes/
1odcth8,"playback problem on my iphone 17 pro max, this is what it looks like. it’s gray-ish. it’s happening with every second reel and a few videos on youtube",notmanoj,2025-10-22T16:19:39,0,0.5,iphone,https://www.reddit.com/r/iphone/comments/1odcth8/playback_problem_on_my_iphone_17_pro_max_this_is/,https://i.redd.it/trbqx903vowf1.jpeg
1od8vjk,Itunes issues,hazzakthule,2025-10-22T13:52:12,0,0.33,iphone,https://www.reddit.com/r/iphone/comments/1od8vjk/itunes_issues/,https://www.reddit.com/r/iphone/comments/1od8vjk/itunes_issues/
1od4clc,Iphone 17 pro max notificatiom,Noki1704,2025-10-22T10:15:24,0,0.33,iphone,https://www.reddit.com/r/iphone/comments/1od4clc/iphone_17_pro_max_notificatiom/,https://www.reddit.com/r/iphone/comments/1od4clc/iphone_17_pro_max_notificatiom/
1od499w,2500$ worth it for iphone 17 pro max 1TB deep blue,Asleep-Amoeba2415,2025-10-22T10:10:06,0,0.38,iphone,https://www.reddit.com/r/iphone/comments/1od499w/2500_worth_it_for_iphone_17_pro_max_1tb_deep_blue/,https://www.reddit.com/r/iphone/comments/1od499w/2500_worth_it_for_iphone_17_pro_max_1tb_deep_blue/
1ocok4l,"Who safari also doing this when you search, it splits the page. (iPhone 17 pro max)",Beautiful-Existing,2025-10-21T20:46:54,0,0.5,iphone,https://www.reddit.com/r/iphone/comments/1ocok4l/who_safari_also_doing_this_when_you_search_it/,https://i.redd.it/pfq33wwu1jwf1.jpeg
1ocnau4,Iphone 17 pro max feels laggy while unlocking screen and loading icon name first then after icon image,Ok-Cardiologist8783,2025-10-21T19:59:53,1,0.67,iphone,https://www.reddit.com/r/iphone/comments/1ocnau4/iphone_17_pro_max_feels_laggy_while_unlocking/,https://www.reddit.com/r/iphone/comments/1ocnau4/iphone_17_pro_max_feels_laggy_while_unlocking/
1obsop3,Iphone 17 pro max side button,LeveIsabove,2025-10-20T20:23:51,1,0.6,iphone,https://www.reddit.com/r/iphone/comments/1obsop3/iphone_17_pro_max_side_button/,https://www.reddit.com/r/iphone/comments/1obsop3/iphone_17_pro_max_side_button/
1obo3gn,IPhone 11 to IPhone 17 Pro Max,trabuz_,2025-10-20T17:21:07,0,0.25,iphone,https://www.reddit.com/r/iphone/comments/1obo3gn/iphone_11_to_iphone_17_pro_max/,https://www.reddit.com/r/iphone/comments/1obo3gn/iphone_11_to_iphone_17_pro_max/
1obnp9f,What is this reflection on my camera that stays even after I take a picture?,Vengeancefr,2025-10-20T17:02:45,0,0.33,iphone,https://www.reddit.com/r/iphone/comments/1obnp9f/what_is_this_reflection_on_my_camera_that_stays/,https://www.reddit.com/gallery/1obnp9f
1obnp61,What is this reflection on my camera that stays even after I take a picture?,Vengeancefr,2025-10-20T17:02:37,0,0.5,iphone,https://www.reddit.com/r/iphone/comments/1obnp61/what_is_this_reflection_on_my_camera_that_stays/,https://www.reddit.com/gallery/1obnp61
1ob27os,Wtf apple really ?? Already took 50GB when i already setup my iphone,Asleep-Amoeba2415,2025-10-19T21:49:24,0,0.29,iphone,https://www.reddit.com/r/iphone/comments/1ob27os/wtf_apple_really_already_took_50gb_when_i_already/,https://www.reddit.com/gallery/1ob27os
1oao5j8,Help prevent kids from accessing my iphone,RedditSurfer82,2025-10-19T12:16:45,0,0.15,iphone,https://www.reddit.com/r/iphone/comments/1oao5j8/help_prevent_kids_from_accessing_my_iphone/,https://www.reddit.com/r/iphone/comments/1oao5j8/help_prevent_kids_from_accessing_my_iphone/
1oan4ty,I am dubai and am trying to get IPhone 17 pro max Silver,bajicontentcreator,2025-10-19T11:20:37,0,0.27,iphone,https://www.reddit.com/r/iphone/comments/1oan4ty/i_am_dubai_and_am_trying_to_get_iphone_17_pro_max/,https://i.redd.it/hx89in10z1wf1.jpeg
1oalxue,iphone 17 pro max screen black,Professional-Wave-53,2025-10-19T10:08:07,0,0.33,iphone,https://www.reddit.com/r/iphone/comments/1oalxue/iphone_17_pro_max_screen_black/,https://www.reddit.com/r/iphone/comments/1oalxue/iphone_17_pro_max_screen_black/
1oa1t8f,Does anyone else have a speaker grill on their IPhone 17 Pro Max?,DrColdFlamez01,2025-10-18T17:30:10,1,0.57,iphone,https://www.reddit.com/r/iphone/comments/1oa1t8f/does_anyone_else_have_a_speaker_grill_on_their/,https://www.reddit.com/r/iphone/comments/1oa1t8f/does_anyone_else_have_a_speaker_grill_on_their/
1o8tysq,IPHONE 17 PRO MAX PROBLEMI CON FOTOCAMERA FRONTALE,Responsible-Job-1130,2025-10-17T06:30:34,0,0.2,iphone,https://www.reddit.com/r/iphone/comments/1o8tysq/iphone_17_pro_max_problemi_con_fotocamera_frontale/,https://www.reddit.com/r/iphone/comments/1o8tysq/iphone_17_pro_max_problemi_con_fotocamera_frontale/
1o7o2wb,Can we bring latest iphone from USA when visiting for 7 day trip from India,Valuable-Tell3847,2025-10-15T21:39:46,1,0.6,iphone,https://www.reddit.com/r/iphone/comments/1o7o2wb/can_we_bring_latest_iphone_from_usa_when_visiting/,https://www.reddit.com/r/iphone/comments/1o7o2wb/can_we_bring_latest_iphone_from_usa_when_visiting/
1o7fjlo,Charger for iphone 17 pro Max,Noki1704,2025-10-15T16:19:58,0,0.5,iphone,https://www.reddit.com/r/iphone/comments/1o7fjlo/charger_for_iphone_17_pro_max/,https://www.reddit.com/r/iphone/comments/1o7fjlo/charger_for_iphone_17_pro_max/
1o6v7xu,iphone 17 pro max stolen through fedex,niskamicon,2025-10-14T23:25:28,5,1,iphone,https://www.reddit.com/r/iphone/comments/1o6v7xu/iphone_17_pro_max_stolen_through_fedex/,https://www.reddit.com/r/iphone/comments/1o6v7xu/iphone_17_pro_max_stolen_through_fedex/
1o6m6hq,Iphone 17 pro max data transfer bug,DarkCosmic4,2025-10-14T17:38:16,2,0.67,iphone,https://www.reddit.com/r/iphone/comments/1o6m6hq/iphone_17_pro_max_data_transfer_bug/,https://www.reddit.com/r/iphone/comments/1o6m6hq/iphone_17_pro_max_data_transfer_bug/
1o6h9pd,Update on Orange IPhone 17 Pro Max that Turned Rose Gold,DakAttack316,2025-10-14T14:37:24,15698,0.96,iphone,https://www.reddit.com/r/iphone/comments/1o6h9pd/update_on_orange_iphone_17_pro_max_that_turned/,https://www.reddit.com/gallery/1o6h9pd
1o5mak3,Best charger for PM17 out of these two?,Coglims,2025-10-13T15:07:57,1,0.6,iphone,https://www.reddit.com/r/iphone/comments/1o5mak3/best_charger_for_pm17_out_of_these_two/,https://www.reddit.com/r/iphone/comments/1o5mak3/best_charger_for_pm17_out_of_these_two/
1o4l6dl,Case/ Heat sync,Fresh_Heron_3707,2025-10-12T10:00:46,1,0.67,iphone,https://www.reddit.com/r/iphone/comments/1o4l6dl/case_heat_sync/,https://www.reddit.com/r/iphone/comments/1o4l6dl/case_heat_sync/
1o4gzr4,IPhone 17 Pro Max got multiple scratches in just 72 hours,Additional_Badger436,2025-10-12T05:35:10,0,0.38,iphone,https://www.reddit.com/r/iphone/comments/1o4gzr4/iphone_17_pro_max_got_multiple_scratches_in_just/,https://www.reddit.com/gallery/1o4gzr4
1o4g8tn,Authentic ot bootleg?,Xerveltal88,2025-10-12T04:50:48,0,0.25,iphone,https://www.reddit.com/r/iphone/comments/1o4g8tn/authentic_ot_bootleg/,https://i.redd.it/rx71xpk23muf1.jpeg
1o3surj,Is the IPhone 17 Pro line up experiencing QC issues?,CaseFamiliar7820,2025-10-11T11:07:44,0,0.44,iphone,https://www.reddit.com/r/iphone/comments/1o3surj/is_the_iphone_17_pro_line_up_experiencing_qc/,https://i.redd.it/s7y3rnm9tguf1.jpeg
1o3n5a7,App Store bug?,undead_b00,2025-10-11T05:15:08,0,0.5,iphone,https://www.reddit.com/r/iphone/comments/1o3n5a7/app_store_bug/,https://www.reddit.com/r/iphone/comments/1o3n5a7/app_store_bug/
1o3cul4,Favorite Case for Iphone 17 Pro Max,Ok_Impression_564,2025-10-10T20:59:15,0,0.5,iphone,https://www.reddit.com/r/iphone/comments/1o3cul4/favorite_case_for_iphone_17_pro_max/,https://www.reddit.com/r/iphone/comments/1o3cul4/favorite_case_for_iphone_17_pro_max/
1o385j0,IPhone 17 pro max randomly restarted,CalmCoast1175,2025-10-10T18:00:08,0,0.5,iphone,https://www.reddit.com/r/iphone/comments/1o385j0/iphone_17_pro_max_randomly_restarted/,https://www.reddit.com/r/iphone/comments/1o385j0/iphone_17_pro_max_randomly_restarted/
1o2hpxq,Iphone 17 Pro Max,Single-Layer-3181,2025-10-09T20:58:45,0,0.17,iphone,https://www.reddit.com/r/iphone/comments/1o2hpxq/iphone_17_pro_max/,https://www.reddit.com/r/iphone/comments/1o2hpxq/iphone_17_pro_max/
1o2fche,Iphone Mirroring not working on Mac,abhishek_marpu,2025-10-09T19:28:05,0,0.5,iphone,https://www.reddit.com/r/iphone/comments/1o2fche/iphone_mirroring_not_working_on_mac/,https://i.redd.it/4a00s0gd05uf1.png
1o21za5,Brand new Iphone 17 pro max screen defect or dot scratch from micro fibre cloth?,Gantongangsta,2025-10-09T10:07:17,6,0.62,iphone,https://www.reddit.com/r/iphone/comments/1o21za5/brand_new_iphone_17_pro_max_screen_defect_or_dot/,https://www.reddit.com/gallery/1o21za5
1o1u95w,best clear iphone 17 pro max case?,TheRealRealGabo_,2025-10-09T02:17:08,1,0.6,iphone,https://www.reddit.com/r/iphone/comments/1o1u95w/best_clear_iphone_17_pro_max_case/,https://www.reddit.com/r/iphone/comments/1o1u95w/best_clear_iphone_17_pro_max_case/
1o1dgwf,Small gap in upper left between bezel and screen,RealDanielREEE,2025-10-08T15:20:42,0,0.5,iphone,https://www.reddit.com/r/iphone/comments/1o1dgwf/small_gap_in_upper_left_between_bezel_and_screen/,https://www.reddit.com/r/iphone/comments/1o1dgwf/small_gap_in_upper_left_between_bezel_and_screen/
1o0teci,anyone know a good controller for the iphone 17 pro max?,Cryptoferret247,2025-10-07T22:29:02,0,0.5,iphone,https://www.reddit.com/r/iphone/comments/1o0teci/anyone_know_a_good_controller_for_the_iphone_17/,https://www.reddit.com/r/iphone/comments/1o0teci/anyone_know_a_good_controller_for_the_iphone_17/
1o0q4zm,17 Pro Max dropping calls randomly even after today's software update. Anyone else experiencing this? I'm curious if it's the case.,NeuroThor,2025-10-07T20:23:56,0,0.5,iphone,https://www.reddit.com/r/iphone/comments/1o0q4zm/17_pro_max_dropping_calls_randomly_even_after/,https://www.reddit.com/r/iphone/comments/1o0q4zm/17_pro_max_dropping_calls_randomly_even_after/
1o0fv9h,Cell Service Dropping - Iphone 17 Pro Max,_pizza_and_fries,2025-10-07T14:11:03,0,0.5,iphone,https://www.reddit.com/r/iphone/comments/1o0fv9h/cell_service_dropping_iphone_17_pro_max/,https://www.reddit.com/r/iphone/comments/1o0fv9h/cell_service_dropping_iphone_17_pro_max/
1nyvlzi,Help,aymane06,2025-10-05T18:14:45,0,0.38,iphone,https://www.reddit.com/r/iphone/comments/1nyvlzi/help/,https://www.reddit.com/gallery/1nyvlzi
1nyo8wo,does app refreshing happen on latest iphones?,Sweet_Score,2025-10-05T13:29:09,3,0.81,iphone,https://www.reddit.com/r/iphone/comments/1nyo8wo/does_app_refreshing_happen_on_latest_iphones/,https://www.reddit.com/r/iphone/comments/1nyo8wo/does_app_refreshing_happen_on_latest_iphones/
1nxfu24,Dust under brand new iphone 17 pro max camera lens,Good_Trick7576,2025-10-04T00:27:40,0,0.42,iphone,https://www.reddit.com/r/iphone/comments/1nxfu24/dust_under_brand_new_iphone_17_pro_max_camera_lens/,https://www.reddit.com/gallery/1nxfu24
1nxas1b,ios26 and iphone 17 pro max issues with group messages,Both_Faithlessness_3,2025-10-03T20:49:26,0,0.5,iphone,https://www.reddit.com/r/iphone/comments/1nxas1b/ios26_and_iphone_17_pro_max_issues_with_group/,https://www.reddit.com/r/iphone/comments/1nxas1b/ios26_and_iphone_17_pro_max_issues_with_group/
1nwy6s1,"Iphone 17 pro max for wife, second thoughts now",iamkanav,2025-10-03T12:48:05,0,0.36,iphone,https://www.reddit.com/r/iphone/comments/1nwy6s1/iphone_17_pro_max_for_wife_second_thoughts_now/,https://www.reddit.com/r/iphone/comments/1nwy6s1/iphone_17_pro_max_for_wife_second_thoughts_now/
1nwr33i,Camera sound. should i be worried?,Flashy-Hawk8588,2025-10-03T05:55:09,0,0.5,iphone,https://www.reddit.com/r/iphone/comments/1nwr33i/camera_sound_should_i_be_worried/,https://www.reddit.com/r/iphone/comments/1nwr33i/camera_sound_should_i_be_worried/
1nwk1ty,iPhone 17 Pro Max Troubleshooting,Aestheticlove25,2025-10-02T23:53:39,0,0.5,iphone,https://www.reddit.com/r/iphone/comments/1nwk1ty/iphone_17_pro_max_troubleshooting/,https://www.reddit.com/r/iphone/comments/1nwk1ty/iphone_17_pro_max_troubleshooting/
1nvmzzh,Mous Limitless vs Spigen Tough Armor for Iphone 17 Pro Max,irishshogun,2025-10-01T22:43:33,2,0.67,iphone,https://www.reddit.com/r/iphone/comments/1nvmzzh/mous_limitless_vs_spigen_tough_armor_for_iphone/,https://www.reddit.com/r/iphone/comments/1nvmzzh/mous_limitless_vs_spigen_tough_armor_for_iphone/
1nvmks2,Argos restock,Dramatic_Cow8502,2025-10-01T22:25:46,0,0.25,iphone,https://www.reddit.com/r/iphone/comments/1nvmks2/argos_restock/,https://www.reddit.com/r/iphone/comments/1nvmks2/argos_restock/
1nuxmzd,iphone 17 pro max,Usual_Humor_9906,2025-10-01T03:25:45,0,0.5,iphone,https://www.reddit.com/r/iphone/comments/1nuxmzd/iphone_17_pro_max/,https://www.reddit.com/r/iphone/comments/1nuxmzd/iphone_17_pro_max/
1nusvqq,I didn't expect to like my IPhone 17 Pro Max this much...,Durumagi777,2025-09-30T23:38:40,0,0.48,iphone,https://www.reddit.com/r/iphone/comments/1nusvqq/i_didnt_expect_to_like_my_iphone_17_pro_max_this/,https://www.reddit.com/r/iphone/comments/1nusvqq/i_didnt_expect_to_like_my_iphone_17_pro_max_this/
1nup9fr,iPhone 17 Pro  issues with Home Router,Complete_Ad_4586,2025-09-30T21:06:07,2,0.75,iphone,https://www.reddit.com/r/iphone/comments/1nup9fr/iphone_17_pro_issues_with_home_router/,https://www.reddit.com/r/iphone/comments/1nup9fr/iphone_17_pro_issues_with_home_router/
1nujrgz,Iphone 17 pro max: New York Times games don’t work,grainzzz,2025-09-30T17:39:49,0,0.5,iphone,https://www.reddit.com/r/iphone/comments/1nujrgz/iphone_17_pro_max_new_york_times_games_dont_work/,https://www.reddit.com/r/iphone/comments/1nujrgz/iphone_17_pro_max_new_york_times_games_dont_work/
1nthoo6,iPhone 17 pro max,Sandler92,2025-09-29T13:13:22,0,0.45,iphone,https://www.reddit.com/r/iphone/comments/1nthoo6/iphone_17_pro_max/,https://i.redd.it/46kjywxvs3sf1.jpeg
1nte5kz,"ESR, Supcase, Caudabe, or Dbrand cases?",madlyunknown,2025-09-29T10:11:47,3,0.71,iphone,https://www.reddit.com/r/iphone/comments/1nte5kz/esr_supcase_caudabe_or_dbrand_cases/,https://www.reddit.com/r/iphone/comments/1nte5kz/esr_supcase_caudabe_or_dbrand_cases/
1nt61yb,Low power mode is very annoying on iOS26,EarlyCaregiver9547,2025-09-29T02:00:48,0,0.5,iphone,https://www.reddit.com/r/iphone/comments/1nt61yb/low_power_mode_is_very_annoying_on_ios26/,https://www.reddit.com/r/iphone/comments/1nt61yb/low_power_mode_is_very_annoying_on_ios26/
1nss9eh,GSMArena's 17 Pro Max review,senerh,2025-09-28T16:11:10,484,0.83,iphone,https://www.reddit.com/r/iphone/comments/1nss9eh/gsmarenas_17_pro_max_review/,https://www.reddit.com/r/iphone/comments/1nss9eh/gsmarenas_17_pro_max_review/
1nskpio,Iphone 17 pro max,Something2funk2,2025-09-28T10:14:19,3,0.71,iphone,https://www.reddit.com/r/iphone/comments/1nskpio/iphone_17_pro_max/,https://www.reddit.com/r/iphone/comments/1nskpio/iphone_17_pro_max/
1ns46n1,Any iphone 17 pro max cases theat fully remove the camera control button?,STFU_im_ssttrroo,2025-09-27T19:35:50,3,0.64,iphone,https://www.reddit.com/r/iphone/comments/1ns46n1/any_iphone_17_pro_max_cases_theat_fully_remove/,https://www.reddit.com/r/iphone/comments/1ns46n1/any_iphone_17_pro_max_cases_theat_fully_remove/
1nrzrzo,Is the iphone 17 pro max really annoying to hold in your pocket/hand ?,NoozPrime,2025-09-27T16:38:02,1,0.54,iphone,https://www.reddit.com/r/iphone/comments/1nrzrzo/is_the_iphone_17_pro_max_really_annoying_to_hold/,https://www.reddit.com/r/iphone/comments/1nrzrzo/is_the_iphone_17_pro_max_really_annoying_to_hold/
1nrz67j,Lied to in store and was told to deal with it iphone 17 pro max,Ok_Noise_5680,2025-09-27T16:13:34,0,0.33,iphone,https://www.reddit.com/r/iphone/comments/1nrz67j/lied_to_in_store_and_was_told_to_deal_with_it/,https://www.reddit.com/gallery/1nrz5u6
1nrhd4t,Iphone 17 pro max and induction speaker,Carriebeary8,2025-09-27T00:22:00,2,0.75,iphone,https://www.reddit.com/r/iphone/comments/1nrhd4t/iphone_17_pro_max_and_induction_speaker/,https://www.reddit.com/r/iphone/comments/1nrhd4t/iphone_17_pro_max_and_induction_speaker/
1nrcehm,iPhone 17 Pro Max | iOS26 Is Not Efficient At All  | Power Consumption Deep Dive,MarionberryDear6170,2025-09-26T20:41:06,3,0.61,iphone,https://www.reddit.com/r/iphone/comments/1nrcehm/iphone_17_pro_max_ios26_is_not_efficient_at_all/,https://www.reddit.com/r/iphone/comments/1nrcehm/iphone_17_pro_max_ios26_is_not_efficient_at_all/
1nqhfbe,Can’t shuffle Nature/Cities (lock screen anymore),Significant_Today126,2025-09-25T20:18:40,0,0.33,iphone,https://www.reddit.com/r/iphone/comments/1nqhfbe/cant_shuffle_naturecities_lock_screen_anymore/,https://i.redd.it/j2omqsa4ddrf1.jpeg
1nqhd06,what cases are comparable to life proof?,Diligent_Remove8714,2025-09-25T20:16:12,0,0.5,iphone,https://www.reddit.com/r/iphone/comments/1nqhd06/what_cases_are_comparable_to_life_proof/,https://www.reddit.com/r/iphone/comments/1nqhd06/what_cases_are_comparable_to_life_proof/
1nqgg9r,i  bought iphone 17 pro max 2tb like speed,himelghostvlogs,2025-09-25T19:40:25,0,0.2,iphone,https://www.reddit.com/r/iphone/comments/1nqgg9r/i_bought_iphone_17_pro_max_2tb_like_speed/,https://i.redd.it/roar7icm5drf1.png
1npqpys,Any news on any new colors for the IPhone 17 Pro max?,TravelingEctasy,2025-09-24T22:57:22,0,0.11,iphone,https://www.reddit.com/r/iphone/comments/1npqpys/any_news_on_any_new_colors_for_the_iphone_17_pro/,https://www.reddit.com/r/iphone/comments/1npqpys/any_news_on_any_new_colors_for_the_iphone_17_pro/
1npqc98,Confused between IPhone 17 pro max or 16 Pro max 😕,Intelligent-Two4331,2025-09-24T22:40:28,0,0.33,iphone,https://www.reddit.com/r/iphone/comments/1npqc98/confused_between_iphone_17_pro_max_or_16_pro_max/,https://www.reddit.com/r/iphone/comments/1npqc98/confused_between_iphone_17_pro_max_or_16_pro_max/
1npe4ht,iPhone 17 Case,Conscious-Meal-6149,2025-09-24T14:47:39,0,0.5,iphone,https://www.reddit.com/r/iphone/comments/1npe4ht/iphone_17_case/,https://www.reddit.com/r/iphone/comments/1npe4ht/iphone_17_case/
1np954u,Iphone 17 pro max issues,Glittering_Club8432,2025-09-24T11:02:40,1,0.67,iphone,https://www.reddit.com/r/iphone/comments/1np954u/iphone_17_pro_max_issues/,https://www.reddit.com/r/iphone/comments/1np954u/iphone_17_pro_max_issues/
1novw91,17 Pro Max - minimalist case but with buttons?,geomachina,2025-09-23T22:47:20,1,0.57,iphone,https://www.reddit.com/r/iphone/comments/1novw91/17_pro_max_minimalist_case_but_with_buttons/,https://www.reddit.com/r/iphone/comments/1novw91/17_pro_max_minimalist_case_but_with_buttons/
1noh91p,Iphone 17 Pro Max sound issues,Top-Indication-1128,2025-09-23T13:22:02,9,0.85,iphone,https://www.reddit.com/r/iphone/comments/1noh91p/iphone_17_pro_max_sound_issues/,https://www.reddit.com/r/iphone/comments/1noh91p/iphone_17_pro_max_sound_issues/
1no5s8r,Can't connect to wifi,bylethmaster,2025-09-23T02:30:41,0,0.5,iphone,https://www.reddit.com/r/iphone/comments/1no5s8r/cant_connect_to_wifi/,https://www.reddit.com/r/iphone/comments/1no5s8r/cant_connect_to_wifi/
1nnpgc7,Cannot search for contacts in messages with new iphone 17.,wolfgheist,2025-09-22T15:22:47,1,0.57,iphone,https://www.reddit.com/r/iphone/comments/1nnpgc7/cannot_search_for_contacts_in_messages_with_new/,https://www.reddit.com/r/iphone/comments/1nnpgc7/cannot_search_for_contacts_in_messages_with_new/
1nngqmu,What case to get,ichbinlenny_,2025-09-22T08:16:32,2,0.6,iphone,https://www.reddit.com/r/iphone/comments/1nngqmu/what_case_to_get/,https://www.reddit.com/r/iphone/comments/1nngqmu/what_case_to_get/
1nnadx5,"Iphone 17 pro max discoloration near camera lens, whitish. Does everyone’s iphone look like this? I tried wiping it didn’t do anything! Tried seeing in different lighting and angles still seeing this discoloration",Jazzlike-Somewhere-2,2025-09-22T02:10:49,197,0.79,iphone,https://www.reddit.com/r/iphone/comments/1nnadx5/iphone_17_pro_max_discoloration_near_camera_lens/,https://i.redd.it/4f1enpxakmqf1.jpeg
1nn5fet,Phone mount recommendation?,Anon202426,2025-09-21T22:19:12,1,0.66,iphone,https://www.reddit.com/r/iphone/comments/1nn5fet/phone_mount_recommendation/,https://www.reddit.com/r/iphone/comments/1nn5fet/phone_mount_recommendation/
1nml5v1,iphone 17Pro Max Availability in store,Excellent-Pirate-704,2025-09-21T06:59:59,0,0.25,iphone,https://www.reddit.com/r/iphone/comments/1nml5v1/iphone_17pro_max_availability_in_store/,https://www.reddit.com/r/iphone/comments/1nml5v1/iphone_17pro_max_availability_in_store/
1nmjjlv,adhesive PopSocket on the Apple TechWoven case,henrygatech,2025-09-21T05:21:09,3,0.8,iphone,https://www.reddit.com/r/iphone/comments/1nmjjlv/adhesive_popsocket_on_the_apple_techwoven_case/,https://www.reddit.com/r/iphone/comments/1nmjjlv/adhesive_popsocket_on_the_apple_techwoven_case/
1nmff72,I dropped my IPhone 17 Pro Max,WaynesWorld_93,2025-09-21T01:37:38,4,0.66,iphone,https://www.reddit.com/r/iphone/comments/1nmff72/i_dropped_my_iphone_17_pro_max/,https://www.reddit.com/r/iphone/comments/1nmff72/i_dropped_my_iphone_17_pro_max/
1nmd7y0,Good iPhone 17 Pro Max case,Jackct10,2025-09-20T23:47:21,2,0.66,iphone,https://www.reddit.com/r/iphone/comments/1nmd7y0/good_iphone_17_pro_max_case/,https://www.reddit.com/r/iphone/comments/1nmd7y0/good_iphone_17_pro_max_case/
1nm9lj5,Easy swipe case,yummycreamcheese,2025-09-20T21:06:46,1,0.6,iphone,https://www.reddit.com/r/iphone/comments/1nm9lj5/easy_swipe_case/,https://i.redd.it/uh3zmy75xdqf1.jpeg
1nltsc1,Size comparisons.,Pdideee,2025-09-20T09:34:15,0,0.5,iphone,https://www.reddit.com/r/iphone/comments/1nltsc1/size_comparisons/,https://www.reddit.com/gallery/1nltsc1
1nlnwmf,"SIM issues, anyone?",ExpressArachnid1341,2025-09-20T03:41:31,0,0.4,iphone,https://www.reddit.com/r/iphone/comments/1nlnwmf/sim_issues_anyone/,https://www.reddit.com/r/iphone/comments/1nlnwmf/sim_issues_anyone/
1nlfea1,Screen Protector for iphone Pro Max with no rainbow effect,FoodieLacquerista,2025-09-19T21:02:31,1,0.6,iphone,https://www.reddit.com/r/iphone/comments/1nlfea1/screen_protector_for_iphone_pro_max_with_no/,https://www.reddit.com/r/iphone/comments/1nlfea1/screen_protector_for_iphone_pro_max_with_no/
1nlenlp,iPhone 17PM- wireless issues,tbone338,2025-09-19T20:32:55,111,0.97,iphone,https://www.reddit.com/r/iphone/comments/1nlenlp/iphone_17pm_wireless_issues/,https://www.reddit.com/r/iphone/comments/1nlenlp/iphone_17pm_wireless_issues/
1nld7a8,Upgraded to the 17 pro max from a 11 pro max,Robowarrior834,2025-09-19T19:35:37,4,0.63,iphone,https://www.reddit.com/r/iphone/comments/1nld7a8/upgraded_to_the_17_pro_max_from_a_11_pro_max/,https://i.redd.it/yikv3zxyb6qf1.jpeg
1nl9wio,Iphone 17 Pro Max - Camera issues,Simp_boy28,2025-09-19T17:30:07,0,0.5,iphone,https://www.reddit.com/r/iphone/comments/1nl9wio/iphone_17_pro_max_camera_issues/,/r/iPhone17Pro/comments/1nl9t6f/iphone_17_pro_max_camera_issues/
1nl8ers,iphone 17 Pro Max line on the back?,its_BrAvE,2025-09-19T16:33:35,0,0.5,iphone,https://www.reddit.com/r/iphone/comments/1nl8ers/iphone_17_pro_max_line_on_the_back/,https://www.reddit.com/gallery/1nl8ers
1nl6q6p,Iphone 17 pro max speaker on the left,Friendly_College8556,2025-09-19T15:30:51,8,0.83,iphone,https://www.reddit.com/r/iphone/comments/1nl6q6p/iphone_17_pro_max_speaker_on_the_left/,https://www.reddit.com/r/iphone/comments/1nl6q6p/iphone_17_pro_max_speaker_on_the_left/
1nl5g8b,Photography - Smallrig FilMov case / Neewer Cage,Mr-Wednesday_,2025-09-19T14:42:34,2,0.66,iphone,https://www.reddit.com/r/iphone/comments/1nl5g8b/photography_smallrig_filmov_case_neewer_cage/,https://www.reddit.com/r/iphone/comments/1nl5g8b/photography_smallrig_filmov_case_neewer_cage/
1nkp1yo,Nomad Cases,c33delta,2025-09-19T00:27:05,4,0.7,iphone,https://www.reddit.com/r/iphone/comments/1nkp1yo/nomad_cases/,https://www.reddit.com/r/iphone/comments/1nkp1yo/nomad_cases/
1nkmwxj,What to do if not home to sign for new phone,Then_Resolution3695,2025-09-18T22:49:46,2,0.62,iphone,https://www.reddit.com/r/iphone/comments/1nkmwxj/what_to_do_if_not_home_to_sign_for_new_phone/,https://www.reddit.com/r/iphone/comments/1nkmwxj/what_to_do_if_not_home_to_sign_for_new_phone/
1nklnru,Iphone 15 plus to iphone 17 pro max,used_bathwater,2025-09-18T21:56:55,1,0.57,iphone,https://www.reddit.com/r/iphone/comments/1nklnru/iphone_15_plus_to_iphone_17_pro_max/,https://www.reddit.com/r/iphone/comments/1nklnru/iphone_15_plus_to_iphone_17_pro_max/
1nkk67e,hepsiburada ön sipariş,Individual-Regret688,2025-09-18T20:58:18,0,0.5,iphone,https://www.reddit.com/r/iphone/comments/1nkk67e/hepsiburada_ön_sipariş/,https://www.reddit.com/r/iphone/comments/1nkk67e/hepsiburada_ön_sipariş/
1nk2fqe,Beats Rugged case for Iphone 17 Pro Max,syedhasanzaidi,2025-09-18T08:08:04,0,0.25,iphone,https://www.reddit.com/r/iphone/comments/1nk2fqe/beats_rugged_case_for_iphone_17_pro_max/,https://www.reddit.com/gallery/1nk2fco
1njoz4h,Apple Care One with new iphones?,cpark12003,2025-09-17T20:53:36,2,0.66,iphone,https://www.reddit.com/r/iphone/comments/1njoz4h/apple_care_one_with_new_iphones/,https://www.reddit.com/r/iphone/comments/1njoz4h/apple_care_one_with_new_iphones/
1njogr5,Iphone 17 pro max and apple watch series 11,Jnsd1,2025-09-17T20:33:35,1,0.6,iphone,https://www.reddit.com/r/iphone/comments/1njogr5/iphone_17_pro_max_and_apple_watch_series_11/,https://www.reddit.com/r/iphone/comments/1njogr5/iphone_17_pro_max_and_apple_watch_series_11/
1njbr1m,Case and screen protector for iphone 17 pro max,Mundane_Design5921,2025-09-17T12:27:46,2,0.75,iphone,https://www.reddit.com/r/iphone/comments/1njbr1m/case_and_screen_protector_for_iphone_17_pro_max/,https://www.reddit.com/r/iphone/comments/1njbr1m/case_and_screen_protector_for_iphone_17_pro_max/
1niq2sf,"thought this was a clickbait but was actually real, How did this guy got Iphone 17 pro max before MKBHD ?",PalpitationDefiant19,2025-09-16T18:47:01,0,0.4,iphone,https://www.reddit.com/r/iphone/comments/1niq2sf/thought_this_was_a_clickbait_but_was_actually/,https://i.redd.it/72knintfokpf1.png
1niaj8r,Need a Case that covers entire phone including the camera . For the IPhone 17 pro max,FreePoet8592,2025-09-16T07:03:02,0,0.25,iphone,https://www.reddit.com/r/iphone/comments/1niaj8r/need_a_case_that_covers_entire_phone_including/,https://www.reddit.com/r/iphone/comments/1niaj8r/need_a_case_that_covers_entire_phone_including/
1nhn9wz,Opinion about quadlock Iphone 17 Pro Max Case,Namanolo,2025-09-15T14:24:20,1,0.56,iphone,https://www.reddit.com/r/iphone/comments/1nhn9wz/opinion_about_quadlock_iphone_17_pro_max_case/,https://i.redd.it/td1v87as8cpf1.jpeg
1ngvz9f,Iphone 17 Pro Max Cases,Coders113,2025-09-14T16:37:27,0,0.33,iphone,https://www.reddit.com/r/iphone/comments/1ngvz9f/iphone_17_pro_max_cases/,https://www.reddit.com/r/iphone/comments/1ngvz9f/iphone_17_pro_max_cases/
1nfh17a,Best Iphone 17 cases,Heywood_Jablomeeh,2025-09-12T22:33:35,28,0.85,iphone,https://www.reddit.com/r/iphone/comments/1nfh17a/best_iphone_17_cases/,https://www.reddit.com/r/iphone/comments/1nfh17a/best_iphone_17_cases/
1neodgb,Apple care worth it?,IllTangelo4294,2025-09-11T23:51:11,0,0.38,iphone,https://www.reddit.com/r/iphone/comments/1neodgb/apple_care_worth_it/,https://www.reddit.com/r/iphone/comments/1neodgb/apple_care_worth_it/
1nejf0p,Best Case for iphone 17 pro max but.....,mattysoxfan1,2025-09-11T20:19:05,0,0.4,iphone,https://www.reddit.com/r/iphone/comments/1nejf0p/best_case_for_iphone_17_pro_max_but/,https://www.reddit.com/r/iphone/comments/1nejf0p/best_case_for_iphone_17_pro_max_but/
1neen8r,17 pro screen protector dilemma,bigbootyguy,2025-09-11T17:16:29,0,0.43,iphone,https://www.reddit.com/r/iphone/comments/1neen8r/17_pro_screen_protector_dilemma/,https://www.reddit.com/r/iphone/comments/1neen8r/17_pro_screen_protector_dilemma/
1ne7a2j,Why can't we get eSIM-only iPhone 17 pro in Europe ?,Low_Plantain_1545,2025-09-11T12:18:33,241,0.74,iphone,https://www.reddit.com/r/iphone/comments/1ne7a2j/why_cant_we_get_esimonly_iphone_17_pro_in_europe/,https://www.reddit.com/r/iphone/comments/1ne7a2j/why_cant_we_get_esimonly_iphone_17_pro_in_europe/
1ndp3m3,Camera Control and TechWoven Case,anotherboredguy,2025-09-10T20:17:22,8,0.9,iphone,https://www.reddit.com/r/iphone/comments/1ndp3m3/camera_control_and_techwoven_case/,https://www.reddit.com/r/iphone/comments/1ndp3m3/camera_control_and_techwoven_case/
1ndnprm,Iphone 17 Pro Max is a beauty!,Prestigious-Link-75,2025-09-10T19:22:35,3,0.64,iphone,https://www.reddit.com/r/iphone/comments/1ndnprm/iphone_17_pro_max_is_a_beauty/,https://www.reddit.com/r/iphone/comments/1ndnprm/iphone_17_pro_max_is_a_beauty/
1nd0w53,Where would I put my Sonny Angel hipper if I get the IPhone 17 pro max????,Human_Effective3014,2025-09-10T01:14:45,0,0.25,iphone,https://www.reddit.com/r/iphone/comments/1nd0w53/where_would_i_put_my_sonny_angel_hipper_if_i_get/,https://www.reddit.com/r/iphone/comments/1nd0w53/where_would_i_put_my_sonny_angel_hipper_if_i_get/
1ncw4hg,Iphone 17 Pro Max two tone finish,tastychaii,2025-09-09T21:45:20,1,1,iphone,https://www.reddit.com/r/iphone/comments/1ncw4hg/iphone_17_pro_max_two_tone_finish/,https://www.reddit.com/r/iphone/comments/1ncw4hg/iphone_17_pro_max_two_tone_finish/
1ncw3uc,Why…??? But you could have had it All,BladeRunner3054,2025-09-09T21:44:36,1,1,iphone,https://www.reddit.com/r/iphone/comments/1ncw3uc/why_but_you_could_have_had_it_all/,https://i.redd.it/ei9cmlgul7of1.jpeg
1ncsab6,New Beats Rugged iPhone case $79,aintgoinback,2025-09-09T19:20:20,4,1,iphone,https://www.reddit.com/r/iphone/comments/1ncsab6/new_beats_rugged_iphone_case_79/,https://i.redd.it/mqtrstm4w6of1.jpeg
1nciysy,iPhone 17 cases,GrillByte,2025-09-09T13:29:45,0,0.44,iphone,https://www.reddit.com/r/iphone/comments/1nciysy/iphone_17_cases/,https://www.reddit.com/r/iphone/comments/1nciysy/iphone_17_cases/
1mq2cr3,Will The IPhone 17 pro Max Have Thinner Bezels Than The 16PM?,dravidiancocklabs,2025-08-14T14:32:29,0,0.14,iphone,https://www.reddit.com/r/iphone/comments/1mq2cr3/will_the_iphone_17_pro_max_have_thinner_bezels/,https://www.reddit.com/r/iphone/comments/1mq2cr3/will_the_iphone_17_pro_max_have_thinner_bezels/
1juqgje,Is it a leak or something?,Fluffy_Drummer_3455,2025-04-08T22:27:32,0,0.29,iphone,https://www.reddit.com/r/iphone/comments/1juqgje/is_it_a_leak_or_something/,https://i.redd.it/h4x43s55tote1.jpeg
1jughna,Do you like the new iphone 17 pro max design ?,V_V_SriramChandu,2025-04-08T15:34:15,0,0.25,iphone,https://www.reddit.com/r/iphone/comments/1jughna/do_you_like_the_new_iphone_17_pro_max_design/,https://www.reddit.com/gallery/1jughna
1jjpd85,iphone 17 pro max will have a new back design,Delicious_Room_814,2025-03-25T17:44:51,367,0.9,iphone,https://www.reddit.com/r/iphone/comments/1jjpd85/iphone_17_pro_max_will_have_a_new_back_design/,https://i.redd.it/itjxi73yhvqe1.jpeg
1hguvwt,New Iphone 17 Pro Max Leak,LabReasonable4757,2024-12-18T05:37:43,0,0.33,iphone,https://www.reddit.com/r/iphone/comments/1hguvwt/new_iphone_17_pro_max_leak/,https://www.reddit.com/r/iphone/comments/1hguvwt/new_iphone_17_pro_max_leak/
1pex998,What can I get for 75€ at Apple?,casthetic,2025-12-05T15:00:16,2,0.58,iphone,https://www.reddit.com/r/iphone/comments/1pex998/what_can_i_get_for_75_at_apple/,https://www.reddit.com/r/iphone/comments/1pex998/what_can_i_get_for_75_at_apple/
1pewsd6,iphone air and Lidar,MostTowel360,2025-12-05T14:41:14,0,0.5,iphone,https://www.reddit.com/r/iphone/comments/1pewsd6/iphone_air_and_lidar/,https://www.reddit.com/r/iphone/comments/1pewsd6/iphone_air_and_lidar/
1pdzx91,Hi is this original iphone 17 pro,Candid-Shape-5039,2025-12-04T13:24:57,0,0.14,iphone,https://www.reddit.com/r/iphone/comments/1pdzx91/hi_is_this_original_iphone_17_pro/,https://i.redd.it/en75k354v65g1.jpeg
1pds5j0,Which is better right now? It’s a fair margin of price difference only! iPhone 16 Pro Max or iphone 17 Pro,_r3b00t,2025-12-04T05:47:33,0,0.5,iphone,https://www.reddit.com/r/iphone/comments/1pds5j0/which_is_better_right_now_its_a_fair_margin_of/,https://www.reddit.com/r/iphone/comments/1pds5j0/which_is_better_right_now_its_a_fair_margin_of/
1pbicxb,iphone 17 pro gap between body and screen,Low-Celebration-6161,2025-12-01T17:07:49,22,0.78,iphone,https://www.reddit.com/r/iphone/comments/1pbicxb/iphone_17_pro_gap_between_body_and_screen/,https://www.reddit.com/gallery/1pbicxb
1pawkcz,iphone 17 pro case+ screen protector/back camera recommendations,Equivalent_Meaning46,2025-11-30T23:14:22,1,0.6,iphone,https://www.reddit.com/r/iphone/comments/1pawkcz/iphone_17_pro_case_screen_protectorback_camera/,https://www.reddit.com/r/iphone/comments/1pawkcz/iphone_17_pro_case_screen_protectorback_camera/
1pakcsx,Iphone 13 to 17 pro max transfer issues,Big_Programmer_4887,2025-11-30T15:02:17,1,0.67,iphone,https://www.reddit.com/r/iphone/comments/1pakcsx/iphone_13_to_17_pro_max_transfer_issues/,https://www.reddit.com/r/iphone/comments/1pakcsx/iphone_13_to_17_pro_max_transfer_issues/
1p9tv6p,Camera recording gone?,kaydened,2025-11-29T17:00:08,0,0.33,iphone,https://www.reddit.com/r/iphone/comments/1p9tv6p/camera_recording_gone/,https://www.reddit.com/r/iphone/comments/1p9tv6p/camera_recording_gone/
1p940qo,words/letters missing when i search on safari,RemarkableSkill3159,2025-11-28T19:39:11,50,0.96,iphone,https://www.reddit.com/r/iphone/comments/1p940qo/wordsletters_missing_when_i_search_on_safari/,https://i.redd.it/67t2gg2fw14g1.jpeg
1p9380x,Iphone 17 Pro vibrating randomly,DoctorBritta,2025-11-28T19:07:18,4,0.83,iphone,https://www.reddit.com/r/iphone/comments/1p9380x/iphone_17_pro_vibrating_randomly/,https://www.reddit.com/r/iphone/comments/1p9380x/iphone_17_pro_vibrating_randomly/
1p8ppr3,Pelican floating case size for iphone 17pro,Adventurous_Rub_6336,2025-11-28T08:25:37,0,0.4,iphone,https://www.reddit.com/r/iphone/comments/1p8ppr3/pelican_floating_case_size_for_iphone_17pro/,https://www.reddit.com/r/iphone/comments/1p8ppr3/pelican_floating_case_size_for_iphone_17pro/
1p86fpn,iPhone 17 Pro seems to have wifi issues,Any_Captain_411,2025-11-27T16:27:47,2,0.6,iphone,https://www.reddit.com/r/iphone/comments/1p86fpn/iphone_17_pro_seems_to_have_wifi_issues/,https://www.reddit.com/r/iphone/comments/1p86fpn/iphone_17_pro_seems_to_have_wifi_issues/
1p7pfa8,IPhone 17 Pro Camera Quality is good until I take the picture?,daznae,2025-11-27T01:25:29,0,0.44,iphone,https://www.reddit.com/r/iphone/comments/1p7pfa8/iphone_17_pro_camera_quality_is_good_until_i_take/,https://www.reddit.com/r/iphone/comments/1p7pfa8/iphone_17_pro_camera_quality_is_good_until_i_take/
1p7cyet,Alternative for Spigen Ultra Hybrid T MagFit Case (glossy white),inchi777,2025-11-26T16:57:08,1,0.55,iphone,https://www.reddit.com/r/iphone/comments/1p7cyet/alternative_for_spigen_ultra_hybrid_t_magfit_case/,https://www.reddit.com/r/iphone/comments/1p7cyet/alternative_for_spigen_ultra_hybrid_t_magfit_case/
1p6woqx,Iphone 17 Pro issues,National-Concert175,2025-11-26T03:01:51,3,0.71,iphone,https://www.reddit.com/r/iphone/comments/1p6woqx/iphone_17_pro_issues/,https://www.reddit.com/r/iphone/comments/1p6woqx/iphone_17_pro_issues/
1p6i5t3,iphone 17 pro turning pink,StaffForeign12,2025-11-25T17:12:20,0,0.4,iphone,https://www.reddit.com/r/iphone/comments/1p6i5t3/iphone_17_pro_turning_pink/,https://www.reddit.com/r/iphone/comments/1p6i5t3/iphone_17_pro_turning_pink/
1p5lnz0,Iphone 17 pro,Life_Sleep_3518,2025-11-24T16:31:12,0,0.5,iphone,https://www.reddit.com/r/iphone/comments/1p5lnz0/iphone_17_pro/,/r/iphone/comments/1p5ln7t/iphone_17_pro/
1p4lfov,What do you think ? I did the right move ? I exchange from iphone 16 PM to iphone 17 pro .,Itchy_Captain7791,2025-11-23T12:22:55,0,0.13,iphone,https://www.reddit.com/r/iphone/comments/1p4lfov/what_do_you_think_i_did_the_right_move_i_exchange/,https://www.reddit.com/r/iphone/comments/1p4lfov/what_do_you_think_i_did_the_right_move_i_exchange/
1p2e9yt,Finally converted from Samsung to Apple. Please can I have recommendations for accessories?,Hot-Art8056,2025-11-20T20:34:17,4,0.75,iphone,https://www.reddit.com/r/iphone/comments/1p2e9yt/finally_converted_from_samsung_to_apple_please/,https://www.reddit.com/r/iphone/comments/1p2e9yt/finally_converted_from_samsung_to_apple_please/
1p2886i,invert facetime camera,No_Bother_3711,2025-11-20T16:50:33,1,1,iphone,https://www.reddit.com/r/iphone/comments/1p2886i/invert_facetime_camera/,https://www.reddit.com/r/iphone/comments/1p2886i/invert_facetime_camera/
1p24ab1,"Touch screen not working at all on Iphone 17 Pro , just took it out from its box",epachon,2025-11-20T14:16:48,1,1,iphone,https://www.reddit.com/r/iphone/comments/1p24ab1/touch_screen_not_working_at_all_on_iphone_17_pro/,https://www.reddit.com/r/iphone/comments/1p24ab1/touch_screen_not_working_at_all_on_iphone_17_pro/
1p0j4vt,anyone using a 2-in-1 wallet case?,turb0_encapsulator,2025-11-18T18:06:10,3,0.81,iphone,https://www.reddit.com/r/iphone/comments/1p0j4vt/anyone_using_a_2in1_wallet_case/,https://www.reddit.com/r/iphone/comments/1p0j4vt/anyone_using_a_2in1_wallet_case/
1ozs6p8,Iphone 17 pro camera running in the background,Relative-Package-520,2025-11-17T20:59:24,6,1,iphone,https://www.reddit.com/r/iphone/comments/1ozs6p8/iphone_17_pro_camera_running_in_the_background/,https://i.redd.it/boqvth2psv1g1.jpeg
1ozfmvl,Are you subscribed to Apple Care?,Independent_Taro_499,2025-11-17T13:00:30,5,0.65,iphone,https://www.reddit.com/r/iphone/comments/1ozfmvl/are_you_subscribed_to_apple_care/,https://www.reddit.com/r/iphone/comments/1ozfmvl/are_you_subscribed_to_apple_care/
1oysitv,why won’t the photos tab show up?,BraveValkryie,2025-11-16T18:04:30,0,0.25,iphone,https://www.reddit.com/r/iphone/comments/1oysitv/why_wont_the_photos_tab_show_up/,https://i.redd.it/copd693lsn1g1.jpeg
1oycsgj,Iphone 17 pro: scuff marks on glass!!. I am disappointed with aluminium. Is there any way to replace this from apple?,WrongsideRowdy,2025-11-16T04:50:03,0,0.18,iphone,https://www.reddit.com/r/iphone/comments/1oycsgj/iphone_17_pro_scuff_marks_on_glass_i_am/,https://i.redd.it/mnxaks9uuj1g1.jpeg
1oy49sv,iphone 17 pro just got stolen.,Chemical_Reward_7847,2025-11-15T22:03:30,1,1,iphone,https://www.reddit.com/r/iphone/comments/1oy49sv/iphone_17_pro_just_got_stolen/,https://www.reddit.com/r/iphone/comments/1oy49sv/iphone_17_pro_just_got_stolen/
1ovz5kj,No Apple Intelligence?,Virtual-Speed4566,2025-11-13T11:56:36,0,0.29,iphone,https://www.reddit.com/r/iphone/comments/1ovz5kj/no_apple_intelligence/,https://www.reddit.com/gallery/1ovz5kj
1ovlx44,Looking for grippy cases for iphone 17 pro,BadDrugsRGud,2025-11-12T23:59:46,1,0.67,iphone,https://www.reddit.com/r/iphone/comments/1ovlx44/looking_for_grippy_cases_for_iphone_17_pro/,https://www.reddit.com/r/iphone/comments/1ovlx44/looking_for_grippy_cases_for_iphone_17_pro/
1ouz67y,Why cant I get apple care for my iphone 17 Pro?,Mobile_Astronomer_28,2025-11-12T07:49:47,0,0.3,iphone,https://www.reddit.com/r/iphone/comments/1ouz67y/why_cant_i_get_apple_care_for_my_iphone_17_pro/,https://www.reddit.com/r/iphone/comments/1ouz67y/why_cant_i_get_apple_care_for_my_iphone_17_pro/
1ouf6p8,"The iPhone 17 Pro is unusable on Wifi, avoid this model",BusKey8745,2025-11-11T17:13:10,0,0.27,iphone,https://www.reddit.com/r/iphone/comments/1ouf6p8/the_iphone_17_pro_is_unusable_on_wifi_avoid_this/,https://www.reddit.com/r/iphone/comments/1ouf6p8/the_iphone_17_pro_is_unusable_on_wifi_avoid_this/
1ots6y5,Iphone 17 google maps freezing,No_Wish9589,2025-11-10T22:31:28,15,0.84,iphone,https://www.reddit.com/r/iphone/comments/1ots6y5/iphone_17_google_maps_freezing/,https://www.reddit.com/r/iphone/comments/1ots6y5/iphone_17_google_maps_freezing/
1osk2aj,iphone 17 pro case to 14 pro?,Due_Improvement_8724,2025-11-09T13:59:07,0,0.25,iphone,https://www.reddit.com/r/iphone/comments/1osk2aj/iphone_17_pro_case_to_14_pro/,https://www.reddit.com/r/iphone/comments/1osk2aj/iphone_17_pro_case_to_14_pro/
1orkyef,The journal of an Android refugee,acbaracuda,2025-11-08T09:14:22,0,0.4,iphone,https://www.reddit.com/r/iphone/comments/1orkyef/the_journal_of_an_android_refugee/,https://www.reddit.com/r/iphone/comments/1orkyef/the_journal_of_an_android_refugee/
1oqnp4q,pwd incorrect,Mark_Yugen,2025-11-07T07:03:46,0,0.5,iphone,https://www.reddit.com/r/iphone/comments/1oqnp4q/pwd_incorrect/,https://www.reddit.com/r/iphone/comments/1oqnp4q/pwd_incorrect/
1oq0udp,What glitch is this?,Hot-Peanut-5788,2025-11-06T14:47:13,1,1,iphone,https://www.reddit.com/r/iphone/comments/1oq0udp/what_glitch_is_this/,https://www.reddit.com/r/iphone/comments/1oq0udp/what_glitch_is_this/
1opxyp4,Spigen Enzo Aramid vs Benks ArmorGrid ArmorPro,danielpmorgado,2025-11-06T12:46:25,0,0.46,iphone,https://www.reddit.com/r/iphone/comments/1opxyp4/spigen_enzo_aramid_vs_benks_armorgrid_armorpro/,https://www.reddit.com/r/iphone/comments/1opxyp4/spigen_enzo_aramid_vs_benks_armorgrid_armorpro/
1ope863,Transfer speed from iphone 17 pro to iphone 17 pro via usb c?,visualexstasy,2025-11-05T20:29:42,0,0.38,iphone,https://www.reddit.com/r/iphone/comments/1ope863/transfer_speed_from_iphone_17_pro_to_iphone_17/,https://www.reddit.com/r/iphone/comments/1ope863/transfer_speed_from_iphone_17_pro_to_iphone_17/
1ooauqr,Iphone case that protects screen,bhoose19,2025-11-04T15:55:23,0,0.33,iphone,https://www.reddit.com/r/iphone/comments/1ooauqr/iphone_case_that_protects_screen/,https://www.reddit.com/r/iphone/comments/1ooauqr/iphone_case_that_protects_screen/
1on8r2v,Iphone 17 pro - Force restart or shutdown,Adrianos30,2025-11-03T10:58:52,0,0.33,iphone,https://www.reddit.com/r/iphone/comments/1on8r2v/iphone_17_pro_force_restart_or_shutdown/,/r/ios/comments/1on8nbm/iphone_17_pro_force_restart_or_shutdown/
1on51mh,Iphone 17 pro enhanced cameras?,Temporary-King9871,2025-11-03T06:57:24,0,0.43,iphone,https://www.reddit.com/r/iphone/comments/1on51mh/iphone_17_pro_enhanced_cameras/,https://www.reddit.com/r/iphone/comments/1on51mh/iphone_17_pro_enhanced_cameras/
1omxmmt,IPhone 17 Pro power adapter,Relevant-Cod-8160,2025-11-03T00:28:51,0,0.4,iphone,https://www.reddit.com/r/iphone/comments/1omxmmt/iphone_17_pro_power_adapter/,https://www.reddit.com/r/iphone/comments/1omxmmt/iphone_17_pro_power_adapter/
1olxdaf,Iphone 17 Pro height up to camera bump,Sublid,2025-11-01T19:57:23,0,0.33,iphone,https://www.reddit.com/r/iphone/comments/1olxdaf/iphone_17_pro_height_up_to_camera_bump/,https://www.reddit.com/r/iphone/comments/1olxdaf/iphone_17_pro_height_up_to_camera_bump/
1olnzng,Any cool and free way to customize my Iphone 17 Pro screen,dXJensen23,2025-11-01T13:35:24,0,0.4,iphone,https://www.reddit.com/r/iphone/comments/1olnzng/any_cool_and_free_way_to_customize_my_iphone_17/,https://www.reddit.com/r/iphone/comments/1olnzng/any_cool_and_free_way_to_customize_my_iphone_17/
1ohklwf,Genmoji not showing up on my iphone 17 pro,SensitiveVacation292,2025-10-27T17:23:58,0,0.25,iphone,https://www.reddit.com/r/iphone/comments/1ohklwf/genmoji_not_showing_up_on_my_iphone_17_pro/,https://i.redd.it/9lil19e4voxf1.jpeg
1ogmim5,48 mp portrait  mode on 4x,RomanRumun,2025-10-26T14:49:38,0,0.5,iphone,https://www.reddit.com/r/iphone/comments/1ogmim5/48_mp_portrait_mode_on_4x/,https://www.reddit.com/r/iphone/comments/1ogmim5/48_mp_portrait_mode_on_4x/
1odcze8,Iphone 17 pro issues,Flimsy-Hospital-7120,2025-10-22T16:25:40,0,0.33,iphone,https://www.reddit.com/r/iphone/comments/1odcze8/iphone_17_pro_issues/,https://www.reddit.com/r/iphone/comments/1odcze8/iphone_17_pro_issues/
1odc42r,Instagram Creators - is the built in microphone good enough?,MarSaar,2025-10-22T15:53:47,0,0.5,iphone,https://www.reddit.com/r/iphone/comments/1odc42r/instagram_creators_is_the_built_in_microphone/,https://www.reddit.com/r/iphone/comments/1odc42r/instagram_creators_is_the_built_in_microphone/
1od353a,My new iphone 17 pro cannot connect to wifi or bluetooth at all,Who--am---I,2025-10-22T09:00:41,4,0.83,iphone,https://www.reddit.com/r/iphone/comments/1od353a/my_new_iphone_17_pro_cannot_connect_to_wifi_or/,https://i.redd.it/wp0r50sromwf1.jpeg
1oculcs,iPhone 17 Pro photos are messed up when sent to others via text,Ok-Lock9945,2025-10-22T01:02:39,3,0.81,iphone,https://www.reddit.com/r/iphone/comments/1oculcs/iphone_17_pro_photos_are_messed_up_when_sent_to/,https://www.reddit.com/r/iphone/comments/1oculcs/iphone_17_pro_photos_are_messed_up_when_sent_to/
1occra9,For those who switched from Android to Iphone- backing up sms,Ok-Wasabi4875,2025-10-21T13:19:45,3,0.71,iphone,https://www.reddit.com/r/iphone/comments/1occra9/for_those_who_switched_from_android_to_iphone/,https://www.reddit.com/r/iphone/comments/1occra9/for_those_who_switched_from_android_to_iphone/
1oc4nfr,120 Fps in BGMI for iphone 17 pro,Flimsy-Celery-8995,2025-10-21T05:31:37,0,0.5,iphone,https://www.reddit.com/r/iphone/comments/1oc4nfr/120_fps_in_bgmi_for_iphone_17_pro/,https://www.reddit.com/r/iphone/comments/1oc4nfr/120_fps_in_bgmi_for_iphone_17_pro/
1oarqdl,Which manufacturer is this display from? (Iphone 17 pro),McMatus,2025-10-19T14:57:44,0,0.5,iphone,https://www.reddit.com/r/iphone/comments/1oarqdl/which_manufacturer_is_this_display_from_iphone_17/,https://www.reddit.com/r/iphone/comments/1oarqdl/which_manufacturer_is_this_display_from_iphone_17/
1oabhm0,"Woke up with this blue voice thing in the top left, so annoying picking up every single thing said. Can someone tell me how to turn this off lol thank you.",AstronomerHelpful385,2025-10-19T00:05:25,0,0.38,iphone,https://www.reddit.com/r/iphone/comments/1oabhm0/woke_up_with_this_blue_voice_thing_in_the_top/,https://i.redd.it/7jregc8jmyvf1.jpeg
1oa3k4s,Video editing issues,No-Psychology-2195,2025-10-18T18:37:38,0,0.5,iphone,https://www.reddit.com/r/iphone/comments/1oa3k4s/video_editing_issues/,https://www.reddit.com/r/iphone/comments/1oa3k4s/video_editing_issues/
1o9o0pk,Iphone 17 pro Wifi Issue,telhawasim,2025-10-18T05:59:45,0,0.33,iphone,https://www.reddit.com/r/iphone/comments/1o9o0pk/iphone_17_pro_wifi_issue/,https://www.reddit.com/gallery/1o9o0pk
1o8wu5w,My current setup… Iphone 17 pro,MassAppa,2025-10-17T09:36:10,64,0.9,iphone,https://www.reddit.com/r/iphone/comments/1o8wu5w/my_current_setup_iphone_17_pro/,https://www.reddit.com/gallery/1o8wtyo
1o8p7fq,Iphone 17 Pro processing time,Orion-424,2025-10-17T02:13:14,1,0.6,iphone,https://www.reddit.com/r/iphone/comments/1o8p7fq/iphone_17_pro_processing_time/,https://www.reddit.com/r/iphone/comments/1o8p7fq/iphone_17_pro_processing_time/
1o84nff,Bulky case affect iphone 17 pro thermals?,yubjubsub,2025-10-16T12:20:58,0,0.5,iphone,https://www.reddit.com/r/iphone/comments/1o84nff/bulky_case_affect_iphone_17_pro_thermals/,https://www.reddit.com/r/iphone/comments/1o84nff/bulky_case_affect_iphone_17_pro_thermals/
1o79myz,Iphone 17 pro speaker problem,Cold-Wrongdoer4812,2025-10-15T12:29:28,0,0.33,iphone,https://www.reddit.com/r/iphone/comments/1o79myz/iphone_17_pro_speaker_problem/,https://www.reddit.com/r/iphone/comments/1o79myz/iphone_17_pro_speaker_problem/
1o726ts,Best iphone 17 pro protection and clean looking case?,LinkanDinkanDoo,2025-10-15T05:04:17,0,0.33,iphone,https://www.reddit.com/r/iphone/comments/1o726ts/best_iphone_17_pro_protection_and_clean_looking/,https://www.reddit.com/r/iphone/comments/1o726ts/best_iphone_17_pro_protection_and_clean_looking/
1o6kurq,Iphone 17 Pro хрип динамика?,Cold-Wrongdoer4812,2025-10-14T16:50:16,0,0.5,iphone,https://www.reddit.com/r/iphone/comments/1o6kurq/iphone_17_pro_хрип_динамика/,https://www.reddit.com/r/iphone/comments/1o6kurq/iphone_17_pro_хрип_динамика/
1o6k0ur,Is iphone 17 pro can be used as a secondary camera for general street photography and content creation in terms of photos?,Open-Primary8087,2025-10-14T16:19:40,0,0.5,iphone,https://www.reddit.com/r/iphone/comments/1o6k0ur/is_iphone_17_pro_can_be_used_as_a_secondary/,https://www.reddit.com/r/iphone/comments/1o6k0ur/is_iphone_17_pro_can_be_used_as_a_secondary/
1o648w4,I can’t create shared albums [iphone 17 Pro],laurk,2025-10-14T02:58:48,2,0.67,iphone,https://www.reddit.com/r/iphone/comments/1o648w4/i_cant_create_shared_albums_iphone_17_pro/,https://i.redd.it/tq3pp21xszuf1.jpeg
1o5nrqy,What voltage is safe for the Iphone 17 pro?,AnaiseBoi,2025-10-13T16:01:34,0,0.5,iphone,https://www.reddit.com/r/iphone/comments/1o5nrqy/what_voltage_is_safe_for_the_iphone_17_pro/,https://www.reddit.com/r/iphone/comments/1o5nrqy/what_voltage_is_safe_for_the_iphone_17_pro/
1o5dmao,Lens flare on IPhone 17 pro doesn’t get better,charlie_12900990,2025-10-13T07:55:16,849,0.86,iphone,https://www.reddit.com/r/iphone/comments/1o5dmao/lens_flare_on_iphone_17_pro_doesnt_get_better/,https://i.redd.it/1zvwp1aw4uuf1.jpeg
1o4wsy0,Got an iphone 17 pro screen already cracked planning to get applecare.,Open-Birthday-716,2025-10-12T18:32:39,0,0.25,iphone,https://www.reddit.com/r/iphone/comments/1o4wsy0/got_an_iphone_17_pro_screen_already_cracked/,https://www.reddit.com/r/iphone/comments/1o4wsy0/got_an_iphone_17_pro_screen_already_cracked/
1o4sb51,Iphone17 pro heating,D_R__6796,2025-10-12T15:40:38,0,0.25,iphone,https://www.reddit.com/r/iphone/comments/1o4sb51/iphone17_pro_heating/,https://www.reddit.com/r/iphone/comments/1o4sb51/iphone17_pro_heating/
1o4h41x,Iphone 17 pro cases,hellokittypucca04,2025-10-12T05:42:14,0,0.4,iphone,https://www.reddit.com/r/iphone/comments/1o4h41x/iphone_17_pro_cases/,https://www.reddit.com/r/iphone/comments/1o4h41x/iphone_17_pro_cases/
1o45mf8,Bare brand cases for iPhone 17 Pro,Ebin40,2025-10-11T20:16:25,1,0.55,iphone,https://www.reddit.com/r/iphone/comments/1o45mf8/bare_brand_cases_for_iphone_17_pro/,https://www.reddit.com/r/iphone/comments/1o45mf8/bare_brand_cases_for_iphone_17_pro/
1o3tfwc,Dust proof/waterproof case for iphone 17 pro?,Thebandroid,2025-10-11T11:40:45,2,0.75,iphone,https://www.reddit.com/r/iphone/comments/1o3tfwc/dust_proofwaterproof_case_for_iphone_17_pro/,https://www.reddit.com/r/iphone/comments/1o3tfwc/dust_proofwaterproof_case_for_iphone_17_pro/
1o3kl09,iPhone 17 Pro Only 3x Zoom,sydokido1019,2025-10-11T02:53:05,0,0.5,iphone,https://www.reddit.com/r/iphone/comments/1o3kl09/iphone_17_pro_only_3x_zoom/,https://i.redd.it/8op1w9x5deuf1.jpeg
1o2jcji,"Am I doing something wrong with the camera app on iOs26? Half of my photos are ""videos"" and I hate it",dennis77,2025-10-09T22:03:52,0,0.33,iphone,https://www.reddit.com/r/iphone/comments/1o2jcji/am_i_doing_something_wrong_with_the_camera_app_on/,https://www.reddit.com/r/iphone/comments/1o2jcji/am_i_doing_something_wrong_with_the_camera_app_on/
1o2egn1,How do I turn off my iphone 17 pro,Whole_Pick7566,2025-10-09T18:53:58,9,0.85,iphone,https://www.reddit.com/r/iphone/comments/1o2egn1/how_do_i_turn_off_my_iphone_17_pro/,https://www.reddit.com/r/iphone/comments/1o2egn1/how_do_i_turn_off_my_iphone_17_pro/
1o1n5iz,Where is Genmoji on IPhone 17 Pro??,bozofire123,2025-10-08T20:57:49,1,0.6,iphone,https://www.reddit.com/r/iphone/comments/1o1n5iz/where_is_genmoji_on_iphone_17_pro/,https://www.reddit.com/r/iphone/comments/1o1n5iz/where_is_genmoji_on_iphone_17_pro/
1o1d964,My IPhone 17 pro back glass if misaligned. Do you have to go to the Apple Store for replacement?,Myragarm,2025-10-08T15:12:59,0,0.48,iphone,https://www.reddit.com/r/iphone/comments/1o1d964/my_iphone_17_pro_back_glass_if_misaligned_do_you/,https://www.reddit.com/gallery/1o1d964
1o0nn3l,17 Pro RAW photo samples,azultstalimisus,2025-10-07T18:52:13,4,0.7,iphone,https://www.reddit.com/r/iphone/comments/1o0nn3l/17_pro_raw_photo_samples/,https://www.reddit.com/r/iphone/comments/1o0nn3l/17_pro_raw_photo_samples/
1nzuno2,Liquid glass UI working perfectly when navigation,chrisros,2025-10-06T20:37:50,4,0.83,iphone,https://www.reddit.com/r/iphone/comments/1nzuno2/liquid_glass_ui_working_perfectly_when_navigation/,https://imgur.com/a/cmzZIta
1nzrjvb,returning iphone 17 pro,Open_Barber_354,2025-10-06T18:44:35,0,0.45,iphone,https://www.reddit.com/r/iphone/comments/1nzrjvb/returning_iphone_17_pro/,https://www.reddit.com/r/iphone/comments/1nzrjvb/returning_iphone_17_pro/
1nz0njs,Iphone 17 pro screen identical to base iphone 17?,___Mqtze,2025-10-05T21:27:09,1,0.57,iphone,https://www.reddit.com/r/iphone/comments/1nz0njs/iphone_17_pro_screen_identical_to_base_iphone_17/,https://www.reddit.com/r/iphone/comments/1nz0njs/iphone_17_pro_screen_identical_to_base_iphone_17/
1ny69fp,iPhone 17 Pro Screen Grainy?,PigsOnTheWings,2025-10-04T21:35:42,0,0.5,iphone,https://www.reddit.com/r/iphone/comments/1ny69fp/iphone_17_pro_screen_grainy/,https://www.reddit.com/r/iphone/comments/1ny69fp/iphone_17_pro_screen_grainy/
1ny1rsq,PSA: Reception on IPhone 17 Pro Is Dramatically Improved Over 16 Pro Max,plinydogg,2025-10-04T18:36:14,0,0.43,iphone,https://www.reddit.com/r/iphone/comments/1ny1rsq/psa_reception_on_iphone_17_pro_is_dramatically/,https://www.reddit.com/r/iphone/comments/1ny1rsq/psa_reception_on_iphone_17_pro_is_dramatically/
1ny1ipu,Would putting a case on iphone 17 pro save it from damage bents and scratches? how does that affect thermal perfomance,Ok_Cancel_391,2025-10-04T18:26:27,0,0.14,iphone,https://www.reddit.com/r/iphone/comments/1ny1ipu/would_putting_a_case_on_iphone_17_pro_save_it/,https://www.reddit.com/r/iphone/comments/1ny1ipu/would_putting_a_case_on_iphone_17_pro_save_it/
1nxut09,Anyone else noticing rubbish performance in apps? iphone 17 pro.,94dogguy,2025-10-04T14:02:01,0,0.5,iphone,https://www.reddit.com/r/iphone/comments/1nxut09/anyone_else_noticing_rubbish_performance_in_apps/,https://www.reddit.com/r/iphone/comments/1nxut09/anyone_else_noticing_rubbish_performance_in_apps/
1nxu5z5,Iphone 17 Pro Cosmic Orange case recocmendations,axato__,2025-10-04T13:34:54,0,0.17,iphone,https://www.reddit.com/r/iphone/comments/1nxu5z5/iphone_17_pro_cosmic_orange_case_recocmendations/,https://www.reddit.com/r/iphone/comments/1nxu5z5/iphone_17_pro_cosmic_orange_case_recocmendations/
1nxtsb9,Dent after one drop with apple case.,wrssousa,2025-10-04T13:18:37,1,0.5,iphone,https://www.reddit.com/r/iphone/comments/1nxtsb9/dent_after_one_drop_with_apple_case/,https://i.redd.it/5qeucovdi3tf1.jpeg
1nx9y5v,Night mode in portrait,Sir_master-baiter,2025-10-03T20:16:44,0,0.33,iphone,https://www.reddit.com/r/iphone/comments/1nx9y5v/night_mode_in_portrait/,https://www.reddit.com/r/iphone/comments/1nx9y5v/night_mode_in_portrait/
1nx6n2l,iphone 17pro power button sticky,Nearby_Bedroom_6274,2025-10-03T18:10:12,7,0.77,iphone,https://www.reddit.com/r/iphone/comments/1nx6n2l/iphone_17pro_power_button_sticky/,https://www.reddit.com/r/iphone/comments/1nx6n2l/iphone_17pro_power_button_sticky/
1nw8e0l,what is the best way to switch all data and esims on two iphones?,fancyfr0ggy,2025-10-02T16:22:50,1,1,iphone,https://www.reddit.com/r/iphone/comments/1nw8e0l/what_is_the_best_way_to_switch_all_data_and_esims/,https://www.reddit.com/r/iphone/comments/1nw8e0l/what_is_the_best_way_to_switch_all_data_and_esims/
1nvtmcl,iphone 17 pro cases,ItzKkae,2025-10-02T03:55:12,0,0.33,iphone,https://www.reddit.com/r/iphone/comments/1nvtmcl/iphone_17_pro_cases/,https://www.reddit.com/r/iphone/comments/1nvtmcl/iphone_17_pro_cases/
1nvo6p7,Trouble finding a case for my silver 17 Pro,kaitlyn2004,2025-10-01T23:35:14,0,0.29,iphone,https://www.reddit.com/r/iphone/comments/1nvo6p7/trouble_finding_a_case_for_my_silver_17_pro/,https://www.reddit.com/r/iphone/comments/1nvo6p7/trouble_finding_a_case_for_my_silver_17_pro/
1nvg7ch,slow motion still not fixed on Iphone 17 Pro and iOS26,PasoYossarian,2025-10-01T18:25:40,0,0.5,iphone,https://www.reddit.com/r/iphone/comments/1nvg7ch/slow_motion_still_not_fixed_on_iphone_17_pro_and/,https://www.reddit.com/r/iphone/comments/1nvg7ch/slow_motion_still_not_fixed_on_iphone_17_pro_and/
1nv4y8t,Does a screen protector on the IPhone 17 Pro impact selfie quality. They put one on immediately.,bozofire123,2025-10-01T10:52:10,0,0.33,iphone,https://www.reddit.com/r/iphone/comments/1nv4y8t/does_a_screen_protector_on_the_iphone_17_pro/,https://www.reddit.com/r/iphone/comments/1nv4y8t/does_a_screen_protector_on_the_iphone_17_pro/
1nurh0x,Looking for what screen protector to get for the IPhone 17 Pro,Markyfn_,2025-09-30T22:36:18,1,0.67,iphone,https://www.reddit.com/r/iphone/comments/1nurh0x/looking_for_what_screen_protector_to_get_for_the/,https://www.reddit.com/r/iphone/comments/1nurh0x/looking_for_what_screen_protector_to_get_for_the/
1nuf3n5,Message failed to send - Time sensitive ? iOS 26.0.1 - iphone 17 pro,Purple_Wheel_2225,2025-09-30T14:43:59,0,0.33,iphone,https://www.reddit.com/r/iphone/comments/1nuf3n5/message_failed_to_send_time_sensitive_ios_2601/,https://www.reddit.com/r/iphone/comments/1nuf3n5/message_failed_to_send_time_sensitive_ios_2601/
1nueyim,"i’m extremely uneducated on esim, can i swap esims from another phone?",fancyfr0ggy,2025-09-30T14:38:30,0,0.33,iphone,https://www.reddit.com/r/iphone/comments/1nueyim/im_extremely_uneducated_on_esim_can_i_swap_esims/,https://www.reddit.com/r/iphone/comments/1nueyim/im_extremely_uneducated_on_esim_can_i_swap_esims/
1nu8xvj,Camera issue IPhone 17 pro,Free-Light3370,2025-09-30T09:49:58,1,0.57,iphone,https://www.reddit.com/r/iphone/comments/1nu8xvj/camera_issue_iphone_17_pro/,/r/iPhone17Pro/comments/1nsfn8g/camera_issue_iphone_17_pro/
1nu6qtg,iphone 17 pro display pixel frames clearly visible,Denkendorf,2025-09-30T07:25:26,0,0.44,iphone,https://www.reddit.com/r/iphone/comments/1nu6qtg/iphone_17_pro_display_pixel_frames_clearly_visible/,https://www.reddit.com/r/iphone/comments/1nu6qtg/iphone_17_pro_display_pixel_frames_clearly_visible/
1nu5oyd,What with the Iphone 17 Pro Silver availability? That color specifically.,piknikd0uille,2025-09-30T06:18:33,6,0.67,iphone,https://www.reddit.com/r/iphone/comments/1nu5oyd/what_with_the_iphone_17_pro_silver_availability/,https://www.reddit.com/r/iphone/comments/1nu5oyd/what_with_the_iphone_17_pro_silver_availability/
1ntwt4j,Iphone 17 pro slow,Crazy_Ball7766,2025-09-29T22:57:43,0,0.13,iphone,https://www.reddit.com/r/iphone/comments/1ntwt4j/iphone_17_pro_slow/,https://www.reddit.com/r/iphone/comments/1ntwt4j/iphone_17_pro_slow/
1ntswj4,Iphone 17 pro | ios 26.0.1,Jazazasz,2025-09-29T20:21:59,0,0.5,iphone,https://www.reddit.com/r/iphone/comments/1ntswj4/iphone_17_pro_ios_2601/,https://www.reddit.com/r/iphone/comments/1ntswj4/iphone_17_pro_ios_2601/
1ntssof,Iphone 17 pro | Face ID delay when scan QR code while locked,Jazazasz,2025-09-29T20:17:57,3,0.81,iphone,https://www.reddit.com/r/iphone/comments/1ntssof/iphone_17_pro_face_id_delay_when_scan_qr_code/,https://www.reddit.com/r/iphone/comments/1ntssof/iphone_17_pro_face_id_delay_when_scan_qr_code/
1ntpdmr,Does Belkin screen protector for Iphone 16 Pro fit Iphone 17 pro?,BenoMeister,2025-09-29T18:08:42,0,0.5,iphone,https://www.reddit.com/r/iphone/comments/1ntpdmr/does_belkin_screen_protector_for_iphone_16_pro/,https://www.reddit.com/r/iphone/comments/1ntpdmr/does_belkin_screen_protector_for_iphone_16_pro/
1ntp0pn,Iphone 17 pro carplay USB-C works only one way/orientation,Khromfire,2025-09-29T17:55:53,0,0.5,iphone,https://www.reddit.com/r/iphone/comments/1ntp0pn/iphone_17_pro_carplay_usbc_works_only_one/,https://www.reddit.com/r/iphone/comments/1ntp0pn/iphone_17_pro_carplay_usbc_works_only_one/
1ntisbj,iPhone 17 Pro: microphones poor for live music recording! Watch out!,evilZardoz,2025-09-29T13:59:57,135,0.78,iphone,https://www.reddit.com/r/iphone/comments/1ntisbj/iphone_17_pro_microphones_poor_for_live_music/,https://www.reddit.com/r/iphone/comments/1ntisbj/iphone_17_pro_microphones_poor_for_live_music/
1ntg8g8,iphone 17 pro cellular issue,Opposite_Region_4871,2025-09-29T12:08:01,0,0.5,iphone,https://www.reddit.com/r/iphone/comments/1ntg8g8/iphone_17_pro_cellular_issue/,https://www.reddit.com/r/iphone/comments/1ntg8g8/iphone_17_pro_cellular_issue/
1nt1v1h,Iphone 17 hotspot icon,Ryn421,2025-09-28T22:39:12,0,0.5,iphone,https://www.reddit.com/r/iphone/comments/1nt1v1h/iphone_17_hotspot_icon/,https://www.reddit.com/r/iphone/comments/1nt1v1h/iphone_17_hotspot_icon/
1nszitr,Android user considering.,DreamerLad,2025-09-28T20:59:55,6,0.76,iphone,https://www.reddit.com/r/iphone/comments/1nszitr/android_user_considering/,https://www.reddit.com/r/iphone/comments/1nszitr/android_user_considering/
1nszfrv,Iphone 17 pro brightness?,Mattm334,2025-09-28T20:56:27,3,0.81,iphone,https://www.reddit.com/r/iphone/comments/1nszfrv/iphone_17_pro_brightness/,https://www.reddit.com/r/iphone/comments/1nszfrv/iphone_17_pro_brightness/
1nsy9b6,iphone 17 pro network connectivity issues,dtbuffalo,2025-09-28T20:08:53,0,0.33,iphone,https://www.reddit.com/r/iphone/comments/1nsy9b6/iphone_17_pro_network_connectivity_issues/,https://i.redd.it/sb120x04qyrf1.jpeg
1nspfov,Does the 17 pro do a good job with handling auto white balance?,smoosh13,2025-09-28T14:15:56,11,0.92,iphone,https://www.reddit.com/r/iphone/comments/1nspfov/does_the_17_pro_do_a_good_job_with_handling_auto/,https://i.redd.it/zfg119x4zwrf1.jpeg
1ns9w7n,iphone 17 pro grip with otter box,Eastern_Produce_7028,2025-09-27T23:47:51,2,0.66,iphone,https://www.reddit.com/r/iphone/comments/1ns9w7n/iphone_17_pro_grip_with_otter_box/,https://www.reddit.com/r/iphone/comments/1ns9w7n/iphone_17_pro_grip_with_otter_box/
1ns7maw,Got my iphone robbed before getting it,noidedbb,2025-09-27T22:01:40,0,0.33,iphone,https://www.reddit.com/r/iphone/comments/1ns7maw/got_my_iphone_robbed_before_getting_it/,https://www.reddit.com/r/iphone/comments/1ns7maw/got_my_iphone_robbed_before_getting_it/
1pjoid3,how is this possible?,Fabulous_Tea958,2025-12-11T04:31:20,0,0.36,iphone,https://www.reddit.com/r/iphone/comments/1pjoid3/how_is_this_possible/,https://i.redd.it/xnlm0xia6i6g1.jpeg
1pjll5v,iphone find my friends not working,DisgruntledDesigner0,2025-12-11T02:08:07,0,0.38,iphone,https://www.reddit.com/r/iphone/comments/1pjll5v/iphone_find_my_friends_not_working/,https://www.reddit.com/r/iphone/comments/1pjll5v/iphone_find_my_friends_not_working/
1pj1z6m,Iphone 16 choppy/stuttering sound on BT,HustlerTreee,2025-12-10T13:00:46,5,0.86,iphone,https://www.reddit.com/r/iphone/comments/1pj1z6m/iphone_16_choppystuttering_sound_on_bt/,https://www.reddit.com/r/iphone/comments/1pj1z6m/iphone_16_choppystuttering_sound_on_bt/
1pj0asg,Iphone 17 photos show ghost lights,Chukkzy,2025-12-10T11:31:30,2,0.63,iphone,https://www.reddit.com/r/iphone/comments/1pj0asg/iphone_17_photos_show_ghost_lights/,https://www.reddit.com/r/iphone/comments/1pj0asg/iphone_17_photos_show_ghost_lights/
1piadrr,Is this possible to iphone 17 (base model) can bend by removing spigen TPU case?,Far-Aspect-2751,2025-12-09T15:31:32,0,0.22,iphone,https://www.reddit.com/r/iphone/comments/1piadrr/is_this_possible_to_iphone_17_base_model_can_bend/,https://www.reddit.com/r/iphone/comments/1piadrr/is_this_possible_to_iphone_17_base_model_can_bend/
1pi9o1w,base iphone 17 wifi issue,Old-Trip-562,2025-12-09T15:03:32,3,0.8,iphone,https://www.reddit.com/r/iphone/comments/1pi9o1w/base_iphone_17_wifi_issue/,https://www.reddit.com/r/iphone/comments/1pi9o1w/base_iphone_17_wifi_issue/
1pi4xj9,heavy phone case recommendations? (iphone 17 compatible),annaf62,2025-12-09T11:18:36,0,0.5,iphone,https://www.reddit.com/r/iphone/comments/1pi4xj9/heavy_phone_case_recommendations_iphone_17/,https://www.reddit.com/r/iphone/comments/1pi4xj9/heavy_phone_case_recommendations_iphone_17/
1pi4kgc,Iphone 17 touch issue (specially during tap and hold),Solid_Experience2056,2025-12-09T10:57:02,5,0.86,iphone,https://www.reddit.com/r/iphone/comments/1pi4kgc/iphone_17_touch_issue_specially_during_tap_and/,https://www.reddit.com/r/iphone/comments/1pi4kgc/iphone_17_touch_issue_specially_during_tap_and/
1phqhjf,There is still a notch on the iphone?,Front_Discussion_343,2025-12-08T22:29:58,0,0.29,iphone,https://www.reddit.com/r/iphone/comments/1phqhjf/there_is_still_a_notch_on_the_iphone/,https://www.reddit.com/r/iphone/comments/1phqhjf/there_is_still_a_notch_on_the_iphone/
1phn4hq,my iphone 17 camera keeps disconnecting?,icawee,2025-12-08T20:20:49,5,0.99,iphone,https://www.reddit.com/r/iphone/comments/1phn4hq/my_iphone_17_camera_keeps_disconnecting/,https://i.redd.it/xn17k6lyg16g1.jpeg
1ph43mh,I still haven’t found a case I love for the 16 Pro…,Old_Dimension405,2025-12-08T05:15:02,0,0.43,iphone,https://www.reddit.com/r/iphone/comments/1ph43mh/i_still_havent_found_a_case_i_love_for_the_16_pro/,https://www.reddit.com/r/iphone/comments/1ph43mh/i_still_havent_found_a_case_i_love_for_the_16_pro/
1pgrnwu,Iphone 12 and Iphone 17 Max back up question,Visual_Shock8225,2025-12-07T19:47:39,11,0.92,iphone,https://www.reddit.com/r/iphone/comments/1pgrnwu/iphone_12_and_iphone_17_max_back_up_question/,https://www.reddit.com/r/iphone/comments/1pgrnwu/iphone_12_and_iphone_17_max_back_up_question/
1pgb3sj,How can I make iPhone notifications clear on my phone after I open them on my macbook,EmuNew1,2025-12-07T06:07:45,3,1,iphone,https://www.reddit.com/r/iphone/comments/1pgb3sj/how_can_i_make_iphone_notifications_clear_on_my/,https://www.reddit.com/r/iphone/comments/1pgb3sj/how_can_i_make_iphone_notifications_clear_on_my/
1pfvnqv,"Iphone WhatsApp sound bug when sending a message, any fixes?",Cafunnee,2025-12-06T18:04:14,0,0.5,iphone,https://www.reddit.com/r/iphone/comments/1pfvnqv/iphone_whatsapp_sound_bug_when_sending_a_message/,https://www.reddit.com/r/iphone/comments/1pfvnqv/iphone_whatsapp_sound_bug_when_sending_a_message/
1pekuzm,"Unable to transfer data from Android to IOS, it's been 10+ hrs, still stuck on 1 minute remaining",Aggressive-Duck2003,2025-12-05T03:42:08,1,1,iphone,https://www.reddit.com/r/iphone/comments/1pekuzm/unable_to_transfer_data_from_android_to_ios_its/,https://www.reddit.com/r/iphone/comments/1pekuzm/unable_to_transfer_data_from_android_to_ios_its/
1pegs25,Help!! iphone 17 grip case,OwnRabbit6826,2025-12-05T00:31:20,0,0.5,iphone,https://www.reddit.com/r/iphone/comments/1pegs25/help_iphone_17_grip_case/,https://www.reddit.com/r/iphone/comments/1pegs25/help_iphone_17_grip_case/
1pdpogg,Iphone 17 hissing sound when shake upside down,BarNo3180,2025-12-04T03:41:00,1,1,iphone,https://www.reddit.com/r/iphone/comments/1pdpogg/iphone_17_hissing_sound_when_shake_upside_down/,/r/iphone17/comments/1pdpo2e/iphone_17_hissing_sound_when_shake_upside_down/
1pdbn09,I want to change my phone.,Budget_Ad6437,2025-12-03T18:07:53,11,0.88,iphone,https://www.reddit.com/r/iphone/comments/1pdbn09/i_want_to_change_my_phone/,https://www.reddit.com/r/iphone/comments/1pdbn09/i_want_to_change_my_phone/
1pcw97q,Can we change the date format on lockscreen Widget?,wwdd99te,2025-12-03T05:51:28,12,0.89,iphone,https://www.reddit.com/r/iphone/comments/1pcw97q/can_we_change_the_date_format_on_lockscreen_widget/,https://i.redd.it/zbrdfqqahx4g1.jpeg
1pcqveu,I saw this on amazon.  The iphone 17 model literally just came out. What have they done to it by renewing it?,Hot_Space_1982,2025-12-03T01:29:12,0,0.38,iphone,https://www.reddit.com/r/iphone/comments/1pcqveu/i_saw_this_on_amazon_the_iphone_17_model/,https://www.reddit.com/r/iphone/comments/1pcqveu/i_saw_this_on_amazon_the_iphone_17_model/
1pclvov,iPhone 17 retina display or software issue?,Dry-Wasabi9258,2025-12-02T21:58:03,11,0.88,iphone,https://www.reddit.com/r/iphone/comments/1pclvov/iphone_17_retina_display_or_software_issue/,https://www.reddit.com/gallery/1pclvov
1pc3nmq,Iphone 17 - Screen touch issues,CucumberMoney,2025-12-02T08:55:14,0,0.5,iphone,https://www.reddit.com/r/iphone/comments/1pc3nmq/iphone_17_screen_touch_issues/,https://www.reddit.com/r/iphone/comments/1pc3nmq/iphone_17_screen_touch_issues/
1pbld5l,Speak Text volume in Shortcut Automation.,thelittlemisscat,2025-12-01T18:56:01,1,1,iphone,https://www.reddit.com/r/iphone/comments/1pbld5l/speak_text_volume_in_shortcut_automation/,https://www.reddit.com/r/iphone/comments/1pbld5l/speak_text_volume_in_shortcut_automation/
1pbk9tr,"Iphone 17, phenomenal display but body feels cheap",PattyGraphico,2025-12-01T18:16:50,9,0.57,iphone,https://www.reddit.com/r/iphone/comments/1pbk9tr/iphone_17_phenomenal_display_but_body_feels_cheap/,https://www.reddit.com/r/iphone/comments/1pbk9tr/iphone_17_phenomenal_display_but_body_feels_cheap/
1pbga6x,The quality of top speaker of latest 17/Pro/Air seems not so great,Squall_j1,2025-12-01T15:51:05,5,0.73,iphone,https://www.reddit.com/r/iphone/comments/1pbga6x/the_quality_of_top_speaker_of_latest_17proair/,https://www.reddit.com/r/iphone/comments/1pbga6x/the_quality_of_top_speaker_of_latest_17proair/
1pb13ts,iPhone 17 Pro (iOS 26.1) not notifying me when calls hang up,mysteryofthefieryeye,2025-12-01T02:40:57,2,1,iphone,https://www.reddit.com/r/iphone/comments/1pb13ts/iphone_17_pro_ios_261_not_notifying_me_when_calls/,https://www.reddit.com/r/iphone/comments/1pb13ts/iphone_17_pro_ios_261_not_notifying_me_when_calls/
1paedf6,Iphone 17 camera issue,New_Sound_3441,2025-11-30T09:40:57,0,0.33,iphone,https://www.reddit.com/r/iphone/comments/1paedf6/iphone_17_camera_issue/,https://www.reddit.com/r/iphone/comments/1paedf6/iphone_17_camera_issue/
1pa4s3z,Do you record video in spartial audio or stereo?,RoundAd5751,2025-11-30T00:48:33,3,0.81,iphone,https://www.reddit.com/r/iphone/comments/1pa4s3z/do_you_record_video_in_spartial_audio_or_stereo/,https://www.reddit.com/r/iphone/comments/1pa4s3z/do_you_record_video_in_spartial_audio_or_stereo/
1pa4lik,Iphone(s) Freezing after IOS26-- please help!,TeachCrafty,2025-11-30T00:39:43,0,0.4,iphone,https://www.reddit.com/r/iphone/comments/1pa4lik/iphones_freezing_after_ios26_please_help/,https://www.reddit.com/r/iphone/comments/1pa4lik/iphones_freezing_after_ios26_please_help/
1p9tzfc,iphone 16 & 17 case compatibility,yanis_hatake,2025-11-29T17:04:34,0,0.5,iphone,https://www.reddit.com/r/iphone/comments/1p9tzfc/iphone_16_17_case_compatibility/,https://i.redd.it/699bikoq984g1.jpeg
1p9a8oh,Volume button,Better_Coffee3894,2025-11-29T00:04:42,2,0.63,iphone,https://www.reddit.com/r/iphone/comments/1p9a8oh/volume_button/,https://www.reddit.com/r/iphone/comments/1p9a8oh/volume_button/
1p946i3,Making a move from Samsung to iphone,mentalist261995,2025-11-28T19:45:41,1,0.57,iphone,https://www.reddit.com/r/iphone/comments/1p946i3/making_a_move_from_samsung_to_iphone/,https://www.reddit.com/r/iphone/comments/1p946i3/making_a_move_from_samsung_to_iphone/
1p8la2b,iPhone 17 Base No Dampening Ball on Speaker Affect Quality?,WickedHero69,2025-11-28T04:03:56,0,0.43,iphone,https://www.reddit.com/r/iphone/comments/1p8la2b/iphone_17_base_no_dampening_ball_on_speaker/,https://i.redd.it/1t7r7m279x3g1.jpeg
1p7om9q,"Nee iphone 17, having trouble with app",sheshtpull,2025-11-27T00:46:24,0,0.5,iphone,https://www.reddit.com/r/iphone/comments/1p7om9q/nee_iphone_17_having_trouble_with_app/,https://www.reddit.com/gallery/1p7om9q
1p6hri5,Iphone 17 - Not registering touches,Naive_Extreme4632,2025-11-25T16:57:59,3,0.81,iphone,https://www.reddit.com/r/iphone/comments/1p6hri5/iphone_17_not_registering_touches/,https://www.reddit.com/r/iphone/comments/1p6hri5/iphone_17_not_registering_touches/
1p5upvl,"iphone 17 lagging, is it ios26 or the phone itself? Not sure if I would need to return.",bunnychow123,2025-11-24T22:05:20,2,0.67,iphone,https://www.reddit.com/r/iphone/comments/1p5upvl/iphone_17_lagging_is_it_ios26_or_the_phone_itself/,https://www.reddit.com/r/iphone/comments/1p5upvl/iphone_17_lagging_is_it_ios26_or_the_phone_itself/
1p5i9dm,Minor issues in IPhone 17,S8tanGaming_YT,2025-11-24T14:20:01,0,0.5,iphone,https://www.reddit.com/r/iphone/comments/1p5i9dm/minor_issues_in_iphone_17/,/r/iPhoneWale/comments/1p5i8xw/minor_issues_in_iphone_17/
1p59h68,Why is the camera zoom less on the IPhone 17 compared to the IPhone 14?,AltruisticOil2026,2025-11-24T06:08:48,0,0.2,iphone,https://www.reddit.com/r/iphone/comments/1p59h68/why_is_the_camera_zoom_less_on_the_iphone_17/,https://www.reddit.com/r/iphone/comments/1p59h68/why_is_the_camera_zoom_less_on_the_iphone_17/
1p58eni,Iphone 17 Case and screen protector?,Mushroom_Mink,2025-11-24T05:07:26,2,0.63,iphone,https://www.reddit.com/r/iphone/comments/1p58eni/iphone_17_case_and_screen_protector/,https://www.reddit.com/r/iphone/comments/1p58eni/iphone_17_case_and_screen_protector/
1p4jgco,iPhone 17 non pro version,Barron_Von_Brown,2025-11-23T10:26:10,0,0.14,iphone,https://www.reddit.com/r/iphone/comments/1p4jgco/iphone_17_non_pro_version/,https://www.reddit.com/r/iphone/comments/1p4jgco/iphone_17_non_pro_version/
1p3v2la,I feel like my iphone 17 is fragile and vulnerable!,majdila,2025-11-22T14:50:25,0,0.29,iphone,https://www.reddit.com/r/iphone/comments/1p3v2la/i_feel_like_my_iphone_17_is_fragile_and_vulnerable/,https://www.reddit.com/r/iphone/comments/1p3v2la/i_feel_like_my_iphone_17_is_fragile_and_vulnerable/
1p3dbsk,Emf iphone 17 . What do you think of it ? This results are insane (if it's true ) not sure if I should get the phone now ..,Itchy_Captain7791,2025-11-21T23:06:10,0,0.11,iphone,https://www.reddit.com/r/iphone/comments/1p3dbsk/emf_iphone_17_what_do_you_think_of_it_this/,https://www.reddit.com/r/iphone/comments/1p3dbsk/emf_iphone_17_what_do_you_think_of_it_this/
1p2ghwp,not sure if I should get the iphone 17 after this . That's a shame the SAR levels got higher .,Itchy_Captain7791,2025-11-20T21:59:33,0,0.29,iphone,https://www.reddit.com/r/iphone/comments/1p2ghwp/not_sure_if_i_should_get_the_iphone_17_after_this/,/r/Smartphones/comments/1p2ex1j/not_sure_if_i_should_get_the_iphone_17_after_this/
1p2byee,Iphone 17 base overheating,SunBoyBro,2025-11-20T19:06:52,0,0.5,iphone,https://www.reddit.com/r/iphone/comments/1p2byee/iphone_17_base_overheating/,/r/iPhone14Pro/comments/1p2bujt/iphone_17_base_overheating/
1p242wq,Question for ex-samsung users,Plancks_Constants,2025-11-20T14:08:06,5,1,iphone,https://www.reddit.com/r/iphone/comments/1p242wq/question_for_exsamsung_users/,https://www.reddit.com/r/iphone/comments/1p242wq/question_for_exsamsung_users/
1p208ig,Sound problems,Glittering_Truck_655,2025-11-20T10:57:23,1,1,iphone,https://www.reddit.com/r/iphone/comments/1p208ig/sound_problems/,https://www.reddit.com/r/iphone/comments/1p208ig/sound_problems/
1p1y7uy,iPhone 17 heating in pocket with AOD on,expohade,2025-11-20T08:47:40,0,0.5,iphone,https://www.reddit.com/r/iphone/comments/1p1y7uy/iphone_17_heating_in_pocket_with_aod_on/,https://www.reddit.com/r/iphone/comments/1p1y7uy/iphone_17_heating_in_pocket_with_aod_on/
1p1j4dz,People with ESR MagSafe wallet. Do they work with other brand cases?,antifringe,2025-11-19T20:38:30,1,1,iphone,https://www.reddit.com/r/iphone/comments/1p1j4dz/people_with_esr_magsafe_wallet_do_they_work_with/,https://www.reddit.com/r/iphone/comments/1p1j4dz/people_with_esr_magsafe_wallet_do_they_work_with/
1p1f9my,How do i remove the oleophobic coating off my new iphone 17 its hurting my thumbs to scroll with coating they have on it,lrj55,2025-11-19T18:17:37,0,0.2,iphone,https://www.reddit.com/r/iphone/comments/1p1f9my/how_do_i_remove_the_oleophobic_coating_off_my_new/,https://www.reddit.com/r/iphone/comments/1p1f9my/how_do_i_remove_the_oleophobic_coating_off_my_new/
1p0kz2c,Does anyone know if a iphone 17 or pro max from south America with physical sim card option work in the USA with a carrier from verizon or tmobile,Front_Laugh_8595,2025-11-18T19:13:47,3,0.71,iphone,https://www.reddit.com/r/iphone/comments/1p0kz2c/does_anyone_know_if_a_iphone_17_or_pro_max_from/,https://www.reddit.com/r/iphone/comments/1p0kz2c/does_anyone_know_if_a_iphone_17_or_pro_max_from/
1p0ifhi,Whats wrong with the Iphone 17 camera?,hotttogo_,2025-11-18T17:40:33,0,0.21,iphone,https://www.reddit.com/r/iphone/comments/1p0ifhi/whats_wrong_with_the_iphone_17_camera/,https://i.redd.it/0b96wgs4y12g1.jpeg
1p0adbi,Does the back of the iPhone 17 Pro Max Moment Case is a fingerprint magnet? Is it textured?,br_web,2025-11-18T12:15:09,0,0.5,iphone,https://www.reddit.com/r/iphone/comments/1p0adbi/does_the_back_of_the_iphone_17_pro_max_moment/,https://www.reddit.com/r/iphone/comments/1p0adbi/does_the_back_of_the_iphone_17_pro_max_moment/
1oz7yvx,Problem with IPhone 17,Super-Chemist803,2025-11-17T05:21:38,3,1,iphone,https://www.reddit.com/r/iphone/comments/1oz7yvx/problem_with_iphone_17/,https://www.reddit.com/r/iphone/comments/1oz7yvx/problem_with_iphone_17/
1oz4af7,Videos taken by iphone 17,No-Environment3336,2025-11-17T02:16:46,0,0.2,iphone,https://www.reddit.com/r/iphone/comments/1oz4af7/videos_taken_by_iphone_17/,https://www.reddit.com/r/iphone/comments/1oz4af7/videos_taken_by_iphone_17/
1oyi5p4,AirPod Pro not connecting to IPhone 17,NightPac_Unsocial,2025-11-16T10:13:16,0,0.5,iphone,https://www.reddit.com/r/iphone/comments/1oyi5p4/airpod_pro_not_connecting_to_iphone_17/,/r/airpods/comments/1oy4va6/airpod_pro_not_connecting_to_iphone_17/
1oyfn0d,Video issue im facing on iphone 17,Adan334455,2025-11-16T07:35:50,1,0.67,iphone,https://www.reddit.com/r/iphone/comments/1oyfn0d/video_issue_im_facing_on_iphone_17/,https://www.reddit.com/r/iphone/comments/1oyfn0d/video_issue_im_facing_on_iphone_17/
1oxza9t,Apple Maps won’t update when screen is off on IPhone 17 PM,eddyX92,2025-11-15T18:38:19,1,0.67,iphone,https://www.reddit.com/r/iphone/comments/1oxza9t/apple_maps_wont_update_when_screen_is_off_on/,https://www.reddit.com/r/iphone/comments/1oxza9t/apple_maps_wont_update_when_screen_is_off_on/
1oxt393,IPhone 17 - WhatsApp Call Disconnection Issue After few seconds; when a call picked up on a locked phone,ApprehensiveCraft421,2025-11-15T14:29:22,1,1,iphone,https://www.reddit.com/r/iphone/comments/1oxt393/iphone_17_whatsapp_call_disconnection_issue_after/,/r/whatsapp/comments/1ovtc5y/iphone_17_whatsapp_call_disconnection_issue_after/
1oxselb,been trying to transfer my Android Xiomi data to my new iphone 17 - keeps cancelling,noothisismyname4ever,2025-11-15T13:59:44,1,1,iphone,https://www.reddit.com/r/iphone/comments/1oxselb/been_trying_to_transfer_my_android_xiomi_data_to/,https://www.reddit.com/r/iphone/comments/1oxselb/been_trying_to_transfer_my_android_xiomi_data_to/
1oxcgx7,Fix for Iphone 17’s darkening pictures after taking them,Extension_Ad253,2025-11-14T23:44:59,3,0.8,iphone,https://www.reddit.com/r/iphone/comments/1oxcgx7/fix_for_iphone_17s_darkening_pictures_after/,https://www.reddit.com/r/iphone/comments/1oxcgx7/fix_for_iphone_17s_darkening_pictures_after/
1ox46cf,imessage searching is weird,fymdykk,2025-11-14T18:18:49,1,0.67,iphone,https://www.reddit.com/r/iphone/comments/1ox46cf/imessage_searching_is_weird/,https://www.reddit.com/r/iphone/comments/1ox46cf/imessage_searching_is_weird/
1ow6nky,iPhone 17 Pro screen looks yellow/gray compared to store units.,AssociationForward14,2025-11-13T17:08:02,759,0.83,iphone,https://www.reddit.com/r/iphone/comments/1ow6nky/iphone_17_pro_screen_looks_yellowgray_compared_to/,https://i.redd.it/lhe8uqin321g1.jpeg
1ow0ivi,Camera quality in Iphone 17 issue,LeadingHomework7325,2025-11-13T13:04:19,0,0.5,iphone,https://www.reddit.com/r/iphone/comments/1ow0ivi/camera_quality_in_iphone_17_issue/,https://www.reddit.com/r/iphone/comments/1ow0ivi/camera_quality_in_iphone_17_issue/
1ovzx7o,Face id not working properly on iphone 17,WrongdoerVegetable63,2025-11-13T12:35:55,0,0.5,iphone,https://www.reddit.com/r/iphone/comments/1ovzx7o/face_id_not_working_properly_on_iphone_17/,https://www.reddit.com/r/iphone/comments/1ovzx7o/face_id_not_working_properly_on_iphone_17/
1ovs5sz,"IPhone 17 SMC Panic fixed by reset, now what?",ThighOfTheTiger,2025-11-13T04:49:02,0,0.5,iphone,https://www.reddit.com/r/iphone/comments/1ovs5sz/iphone_17_smc_panic_fixed_by_reset_now_what/,https://www.reddit.com/r/iphone/comments/1ovs5sz/iphone_17_smc_panic_fixed_by_reset_now_what/
1ov51qp,Iphone 17 Dark Object in photos,Dry-Albatross-6463,2025-11-12T13:24:45,0,0.45,iphone,https://www.reddit.com/r/iphone/comments/1ov51qp/iphone_17_dark_object_in_photos/,https://www.reddit.com/gallery/1ov51qp
1ouu2r0,Is it just me or do colored iphone 17s look kinda cheap?,averageLSATstimulus,2025-11-12T03:08:45,0,0.33,iphone,https://www.reddit.com/r/iphone/comments/1ouu2r0/is_it_just_me_or_do_colored_iphone_17s_look_kinda/,https://www.reddit.com/r/iphone/comments/1ouu2r0/is_it_just_me_or_do_colored_iphone_17s_look_kinda/
1oujvy5,camera sensor issue on iphone 17/little blue dots?,xiayizhou,2025-11-11T20:04:16,2,0.75,iphone,https://www.reddit.com/r/iphone/comments/1oujvy5/camera_sensor_issue_on_iphone_17little_blue_dots/,https://i.redd.it/bue2q59epo0g1.jpeg
1oucvig,Benefits of switching to ios,No-Environment3336,2025-11-11T15:48:27,18,0.76,iphone,https://www.reddit.com/r/iphone/comments/1oucvig/benefits_of_switching_to_ios/,https://www.reddit.com/r/iphone/comments/1oucvig/benefits_of_switching_to_ios/
1osy9k1,Are the Spigen Camera Lens Screen Protector compatible with Spigen Rugged Armor?,br_web,2025-11-09T23:28:58,0,0.5,iphone,https://www.reddit.com/r/iphone/comments/1osy9k1/are_the_spigen_camera_lens_screen_protector/,https://www.reddit.com/r/iphone/comments/1osy9k1/are_the_spigen_camera_lens_screen_protector/
1ostmt5,Iphone 17 lock sound is louder,dashingvinit07,2025-11-09T20:20:49,1,1,iphone,https://www.reddit.com/r/iphone/comments/1ostmt5/iphone_17_lock_sound_is_louder/,https://www.reddit.com/r/iphone/comments/1ostmt5/iphone_17_lock_sound_is_louder/
1oslbhl,Wireless charging capable case?,PrestigiousDrag7674,2025-11-09T14:53:29,0,0.33,iphone,https://www.reddit.com/r/iphone/comments/1oslbhl/wireless_charging_capable_case/,https://www.reddit.com/r/iphone/comments/1oslbhl/wireless_charging_capable_case/
1or49es,iphone 17 bluetooth error,Crafty_Somewhere4941,2025-11-07T19:47:15,0,0.5,iphone,https://www.reddit.com/r/iphone/comments/1or49es/iphone_17_bluetooth_error/,https://youtube.com/shorts/FmikMMyXYJk?si=hrhxx_3SCuXnNajE
1or09v2,"Got a 17 base, keyboard looks off",totheunholy,2025-11-07T17:16:41,0,0.18,iphone,https://www.reddit.com/r/iphone/comments/1or09v2/got_a_17_base_keyboard_looks_off/,https://www.reddit.com/gallery/1or09v2
1oquhlw,Why lock screen lock font resize every day,LengthinessOdd9370,2025-11-07T13:31:49,10,0.86,iphone,https://www.reddit.com/r/iphone/comments/1oquhlw/why_lock_screen_lock_font_resize_every_day/,https://www.reddit.com/gallery/1oquhlw
1oqs76m,What to choose?,Lonely-Deal392,2025-11-07T11:42:57,0,0.33,iphone,https://www.reddit.com/r/iphone/comments/1oqs76m/what_to_choose/,https://www.reddit.com/r/iphone/comments/1oqs76m/what_to_choose/
1oqp11h,Returning to IOS after 3 years of Android,Big_Set_3741,2025-11-07T08:29:55,0,0.33,iphone,https://www.reddit.com/r/iphone/comments/1oqp11h/returning_to_ios_after_3_years_of_android/,https://www.reddit.com/r/iphone/comments/1oqp11h/returning_to_ios_after_3_years_of_android/
1oq347c,iPhone 17 pro charging past limit - why? (Repeatedly),catsRawesome123,2025-11-06T16:12:53,2,0.76,iphone,https://www.reddit.com/r/iphone/comments/1oq347c/iphone_17_pro_charging_past_limit_why_repeatedly/,https://www.reddit.com/r/iphone/comments/1oq347c/iphone_17_pro_charging_past_limit_why_repeatedly/
1opjw7k,Has the video flickering issue on the iphone 17 series been resolved with ios 26.1?,Sea-Papaya4796,2025-11-06T00:09:54,3,0.81,iphone,https://www.reddit.com/r/iphone/comments/1opjw7k/has_the_video_flickering_issue_on_the_iphone_17/,https://www.reddit.com/r/iphone/comments/1opjw7k/has_the_video_flickering_issue_on_the_iphone_17/
1ophjxn,Iphone 17 base price in upcoming Republic day sale,PromiseQuiet6555,2025-11-05T22:33:55,2,1,iphone,https://www.reddit.com/r/iphone/comments/1ophjxn/iphone_17_base_price_in_upcoming_republic_day_sale/,https://www.reddit.com/r/iphone/comments/1ophjxn/iphone_17_base_price_in_upcoming_republic_day_sale/
1opc6c4,iphone 17 really bad mic quality,petershaw_,2025-11-05T19:14:22,0,0.5,iphone,https://www.reddit.com/r/iphone/comments/1opc6c4/iphone_17_really_bad_mic_quality/,https://www.reddit.com/r/iphone/comments/1opc6c4/iphone_17_really_bad_mic_quality/
1oomnnt,Cracked rear camera glass,Infinite_Infernoz,2025-11-04T23:15:27,0,0.4,iphone,https://www.reddit.com/r/iphone/comments/1oomnnt/cracked_rear_camera_glass/,https://www.reddit.com/r/iphone/comments/1oomnnt/cracked_rear_camera_glass/
1oolese,Where can I get a phone case exactly like this?,EngineerBig280,2025-11-04T22:26:57,0,0.27,iphone,https://www.reddit.com/r/iphone/comments/1oolese/where_can_i_get_a_phone_case_exactly_like_this/,https://i.redd.it/ps74lokifbzf1.jpeg
1ook7pd,Do I have to update my old phone before transferring data to a new one?,NatureAccomplished24,2025-11-04T21:41:13,0,0.33,iphone,https://www.reddit.com/r/iphone/comments/1ook7pd/do_i_have_to_update_my_old_phone_before/,https://www.reddit.com/r/iphone/comments/1ook7pd/do_i_have_to_update_my_old_phone_before/
1omtkfv,iphone 17 overheats while charging 20w orginal apple adapter,electronerdii,2025-11-02T21:32:46,0,0.33,iphone,https://www.reddit.com/r/iphone/comments/1omtkfv/iphone_17_overheats_while_charging_20w_orginal/,https://www.reddit.com/r/iphone/comments/1omtkfv/iphone_17_overheats_while_charging_20w_orginal/
1omamw7,iphone 17 fake fake aipords connection issue,pewbi,2025-11-02T06:50:38,0,0.4,iphone,https://www.reddit.com/r/iphone/comments/1omamw7/iphone_17_fake_fake_aipords_connection_issue/,https://www.reddit.com/r/iphone/comments/1omamw7/iphone_17_fake_fake_aipords_connection_issue/
1om9gws,Green pictures on selfie mode,Equal_Mixture_8798,2025-11-02T05:37:59,0,0.5,iphone,https://www.reddit.com/r/iphone/comments/1om9gws/green_pictures_on_selfie_mode/,https://www.reddit.com/r/iphone/comments/1om9gws/green_pictures_on_selfie_mode/
1om40dk,sauce in iphone 17 speaker :(,mangoriceluv,2025-11-02T00:47:22,0,0.29,iphone,https://www.reddit.com/r/iphone/comments/1om40dk/sauce_in_iphone_17_speaker/,https://www.reddit.com/r/iphone/comments/1om40dk/sauce_in_iphone_17_speaker/
1okxwm6,Fashion portraits from Iphone 17 series,mzobin,2025-10-31T15:38:34,0,0.5,iphone,https://www.reddit.com/r/iphone/comments/1okxwm6/fashion_portraits_from_iphone_17_series/,https://www.reddit.com/r/iphone/comments/1okxwm6/fashion_portraits_from_iphone_17_series/
1okv879,Green line while using instagram on iphone 17,Anusheel85,2025-10-31T13:53:46,371,0.92,iphone,https://www.reddit.com/r/iphone/comments/1okv879/green_line_while_using_instagram_on_iphone_17/,https://www.reddit.com/gallery/1okv879
1okgeka,Iphone 17 4x telephoto raw file issue,FormerIllustrator100,2025-10-31T00:25:23,0,0.5,iphone,https://www.reddit.com/r/iphone/comments/1okgeka/iphone_17_4x_telephoto_raw_file_issue/,https://www.reddit.com/gallery/1okgeka
1ojz0g6,Glitch in the keyboard’s Typing Sounds in IPHONE-17,itzmrbunny,2025-10-30T12:58:58,1,0.57,iphone,https://www.reddit.com/r/iphone/comments/1ojz0g6/glitch_in_the_keyboards_typing_sounds_in_iphone17/,https://i.redd.it/apd86kqky8yf1.jpeg
1ojyc47,iphone 17 camera doesnt focus on the stars. never had the issue on the iphone 13,Fair_Biscotti8686,2025-10-30T12:28:57,7,0.69,iphone,https://www.reddit.com/r/iphone/comments/1ojyc47/iphone_17_camera_doesnt_focus_on_the_stars_never/,https://www.reddit.com/gallery/1ojyc47
1ojxdax,"I Have these camera lens on my new IPhone 17, Are they okay ?, or should i remove it inorder to keep my lenses safe?",itzmrbunny,2025-10-30T11:42:00,0,0.15,iphone,https://www.reddit.com/r/iphone/comments/1ojxdax/i_have_these_camera_lens_on_my_new_iphone_17_are/,https://i.redd.it/wx8ggcduk8yf1.jpeg
1oj958y,upgraded to iphone 17 from 13 - now i can't connect to my carplay,schwagsss,2025-10-29T16:26:37,1,1,iphone,https://www.reddit.com/r/iphone/comments/1oj958y/upgraded_to_iphone_17_from_13_now_i_cant_connect/,https://www.reddit.com/r/iphone/comments/1oj958y/upgraded_to_iphone_17_from_13_now_i_cant_connect/
1oix5ky,Slow wifi iPhone 17,Interesting-Mud4620,2025-10-29T06:22:28,3,0.8,iphone,https://www.reddit.com/r/iphone/comments/1oix5ky/slow_wifi_iphone_17/,https://www.reddit.com/r/iphone/comments/1oix5ky/slow_wifi_iphone_17/
1oivyd6,My iphone 17 package has been delivered to my home but will be sitting out in the sun at 95+ degree F weather until tonight. Should i be worried?,MySpartanDetermin,2025-10-29T05:06:11,1,0.6,iphone,https://www.reddit.com/r/iphone/comments/1oivyd6/my_iphone_17_package_has_been_delivered_to_my/,https://www.reddit.com/r/iphone/comments/1oivyd6/my_iphone_17_package_has_been_delivered_to_my/
1oij6qd,"IPhone 17 set up showing ""Data Transfer Cancelled"" Repeatedly",Hefty_Birthday_3826,2025-10-28T19:39:31,2,1,iphone,https://www.reddit.com/r/iphone/comments/1oij6qd/iphone_17_set_up_showing_data_transfer_cancelled/,https://i.redd.it/iqyhg7q7owxf1.jpeg
1oidkjb,Iphone 17 lags while searching through contacts or whatsApp messages.,Younosewho,2025-10-28T16:10:04,0,0.5,iphone,https://www.reddit.com/r/iphone/comments/1oidkjb/iphone_17_lags_while_searching_through_contacts/,https://www.reddit.com/r/iphone/comments/1oidkjb/iphone_17_lags_while_searching_through_contacts/
1oi6ekr,How effective is the Spigen Rugged Armor (MagFit) Camera Button (thin TPU layer)?,br_web,2025-10-28T11:07:35,0,0.33,iphone,https://www.reddit.com/r/iphone/comments/1oi6ekr/how_effective_is_the_spigen_rugged_armor_magfit/,https://www.reddit.com/r/iphone/comments/1oi6ekr/how_effective_is_the_spigen_rugged_armor_magfit/
1ohyro6,iPhone 17 Bricked After 1 Month of Use,GroundbreakingDrag73,2025-10-28T03:07:29,875,0.88,iphone,https://www.reddit.com/r/iphone/comments/1ohyro6/iphone_17_bricked_after_1_month_of_use/,https://www.reddit.com/gallery/1ohyro6
1ohmsvh,Iphone 17 PM Video setup,Expert_Economist_512,2025-10-27T18:44:53,1,0.6,iphone,https://www.reddit.com/r/iphone/comments/1ohmsvh/iphone_17_pm_video_setup/,https://www.reddit.com/r/iphone/comments/1ohmsvh/iphone_17_pm_video_setup/
1ohhnbx,Iphone 17 blacklisted ?,Interesting_Big_3512,2025-10-27T15:34:38,0,0.5,iphone,https://www.reddit.com/r/iphone/comments/1ohhnbx/iphone_17_blacklisted/,https://www.reddit.com/r/iphone/comments/1ohhnbx/iphone_17_blacklisted/
1ohd3s9,alarm turns down itself,pineapplepenguin37,2025-10-27T12:31:07,2,0.75,iphone,https://www.reddit.com/r/iphone/comments/1ohd3s9/alarm_turns_down_itself/,https://i.redd.it/eapj58jvenxf1.jpeg
1ogsppo,Stylus recommendations for iphone 17/17 pro ?,Equivalent_Meaning46,2025-10-26T18:55:33,4,1,iphone,https://www.reddit.com/r/iphone/comments/1ogsppo/stylus_recommendations_for_iphone_1717_pro/,https://www.reddit.com/r/iphone/comments/1ogsppo/stylus_recommendations_for_iphone_1717_pro/
1oghbxf,IPhone 17 underwhelming display performance,AdAdepto,2025-10-26T10:33:34,1,0.52,iphone,https://www.reddit.com/r/iphone/comments/1oghbxf/iphone_17_underwhelming_display_performance/,https://www.reddit.com/r/iphone/comments/1oghbxf/iphone_17_underwhelming_display_performance/
1ofi6nu,been using iphone 17 since release,Ecstatic-Ant1926,2025-10-25T04:12:19,1,0.53,iphone,https://www.reddit.com/r/iphone/comments/1ofi6nu/been_using_iphone_17_since_release/,https://www.reddit.com/r/iphone/comments/1ofi6nu/been_using_iphone_17_since_release/
1ofh2k1,Anyone transferring whatsapp from android to iphone 17?,Agreeable-Life-7625,2025-10-25T03:10:51,0,0.33,iphone,https://www.reddit.com/r/iphone/comments/1ofh2k1/anyone_transferring_whatsapp_from_android_to/,https://www.reddit.com/r/iphone/comments/1ofh2k1/anyone_transferring_whatsapp_from_android_to/
1of3lun,Spigen charger,Virtualhealth_11,2025-10-24T17:16:06,0,0.38,iphone,https://www.reddit.com/r/iphone/comments/1of3lun/spigen_charger/,https://www.reddit.com/r/iphone/comments/1of3lun/spigen_charger/
1of1r3v,popular iphone 17 colour,Equivalent_Meaning46,2025-10-24T16:04:48,0,0.4,iphone,https://www.reddit.com/r/iphone/comments/1of1r3v/popular_iphone_17_colour/,https://www.reddit.com/r/iphone/comments/1of1r3v/popular_iphone_17_colour/
1of0as3,iphone 17 screen crack,perfectpurg4tory,2025-10-24T15:09:14,0,0.4,iphone,https://www.reddit.com/r/iphone/comments/1of0as3/iphone_17_screen_crack/,https://www.reddit.com/r/iphone/comments/1of0as3/iphone_17_screen_crack/
1oethdg,Which is your favourite colour in iphone 17,deepanshijn,2025-10-24T09:49:16,0,0.5,iphone,https://www.reddit.com/r/iphone/comments/1oethdg/which_is_your_favourite_colour_in_iphone_17/,https://www.reddit.com/r/iphone/comments/1oethdg/which_is_your_favourite_colour_in_iphone_17/
1oeh52n,Facetime Zoom,Previous-Owl234,2025-10-23T22:26:34,2,1,iphone,https://www.reddit.com/r/iphone/comments/1oeh52n/facetime_zoom/,https://www.reddit.com/r/iphone/comments/1oeh52n/facetime_zoom/
1oeck5t,Accessories,Virtualhealth_11,2025-10-23T19:24:12,1,1,iphone,https://www.reddit.com/r/iphone/comments/1oeck5t/accessories/,https://www.reddit.com/r/iphone/comments/1oeck5t/accessories/
1ody70j,Iphone 17 freezes when going to Privacy & Security,CiruPartenie,2025-10-23T08:53:47,0,0.2,iphone,https://www.reddit.com/r/iphone/comments/1ody70j/iphone_17_freezes_when_going_to_privacy_security/,https://www.reddit.com/r/iphone/comments/1ody70j/iphone_17_freezes_when_going_to_privacy_security/
1pjxbf6,"I’ve dropped my iPhone 17 Pro Max twice. Once on marble, once on uneven streets of brick/stone. No damage. Sharing what protection I had",catslay_4,2025-12-11T13:19:10,9,0.61,iphone,https://www.reddit.com/r/iphone/comments/1pjxbf6/ive_dropped_my_iphone_17_pro_max_twice_once_on/,https://www.reddit.com/r/iphone/comments/1pjxbf6/ive_dropped_my_iphone_17_pro_max_twice_once_on/
1pjuvn7,Replace iPhone 17 Pro Max display with LCD,WeekendXboxer,2025-12-11T11:06:59,0,0.15,iphone,https://www.reddit.com/r/iphone/comments/1pjuvn7/replace_iphone_17_pro_max_display_with_lcd/,https://www.reddit.com/r/iphone/comments/1pjuvn7/replace_iphone_17_pro_max_display_with_lcd/
1pjguqp,Face ID issues with my dad’s iPhone 17 Pro Max,Charlzie_c,2025-12-10T22:37:29,2,0.63,iphone,https://www.reddit.com/r/iphone/comments/1pjguqp/face_id_issues_with_my_dads_iphone_17_pro_max/,https://www.reddit.com/r/iphone/comments/1pjguqp/face_id_issues_with_my_dads_iphone_17_pro_max/
1pj87rh,Time on lock screen,baldwinrebs,2025-12-10T17:12:18,107,0.94,iphone,https://www.reddit.com/r/iphone/comments/1pj87rh/time_on_lock_screen/,https://i.redd.it/6i41ind5te6g1.jpeg
1pj3gje,iPhone 17 Pro Max Live Photo .MOV Access Gone - Help Needed!,Jagerr23,2025-12-10T14:07:47,0,0.5,iphone,https://www.reddit.com/r/iphone/comments/1pj3gje/iphone_17_pro_max_live_photo_mov_access_gone_help/,/r/iPhone17Pro/comments/1pj24km/iphone_17_pro_max_live_photo_mov_access_gone_help/
1piuqtk,iPhone 17 Pro Max “can’t connect” to Apple Care & Warranty in settings?,NoahOYB,2025-12-10T05:44:11,3,0.8,iphone,https://www.reddit.com/r/iphone/comments/1piuqtk/iphone_17_pro_max_cant_connect_to_apple_care/,https://www.reddit.com/r/iphone/comments/1piuqtk/iphone_17_pro_max_cant_connect_to_apple_care/
1piuc3b,AppleCare+ India Help,txrxtnc,2025-12-10T05:21:17,7,0.64,iphone,https://www.reddit.com/r/iphone/comments/1piuc3b/applecare_india_help/,https://i.redd.it/3phsoxgaab6g1.jpeg
1piij8r,iPhone 17 pro max audio studder with beats,SnooDoodles4147,2025-12-09T20:37:31,0,0.33,iphone,https://www.reddit.com/r/iphone/comments/1piij8r/iphone_17_pro_max_audio_studder_with_beats/,https://www.reddit.com/r/iphone/comments/1piij8r/iphone_17_pro_max_audio_studder_with_beats/
1pi7zpn,Lightning to USB C adapters?,Odd-Professional-779,2025-12-09T13:53:56,1,1,iphone,https://www.reddit.com/r/iphone/comments/1pi7zpn/lightning_to_usb_c_adapters/,https://www.reddit.com/r/iphone/comments/1pi7zpn/lightning_to_usb_c_adapters/
1pi54ca,iPhone 17 pro max laggy during editing videos,tarcinomich,2025-12-09T11:29:55,0,0.25,iphone,https://www.reddit.com/r/iphone/comments/1pi54ca/iphone_17_pro_max_laggy_during_editing_videos/,https://www.reddit.com/r/iphone/comments/1pi54ca/iphone_17_pro_max_laggy_during_editing_videos/
1pi4z6m,What is your favourite phone grip?,Obsessive-thinker,2025-12-09T11:21:17,0,0.36,iphone,https://www.reddit.com/r/iphone/comments/1pi4z6m/what_is_your_favourite_phone_grip/,https://www.reddit.com/gallery/1pi4z6m
1pi3rm3,Marques autour du port USB-C 17 pro max bleu,Madcorsican,2025-12-09T10:07:40,0,0.2,iphone,https://www.reddit.com/r/iphone/comments/1pi3rm3/marques_autour_du_port_usbc_17_pro_max_bleu/,https://www.reddit.com/gallery/1pi3rm3
1pi27fx,iPhone 17 pro max keeps turning hotspot off,TheKnowNothingMan,2025-12-09T08:22:36,1,0.67,iphone,https://www.reddit.com/r/iphone/comments/1pi27fx/iphone_17_pro_max_keeps_turning_hotspot_off/,https://www.reddit.com/r/iphone/comments/1pi27fx/iphone_17_pro_max_keeps_turning_hotspot_off/
1phz9yw,iPhone 17 Pro Max Noises,Sea-Collection8292,2025-12-09T05:23:06,3,0.71,iphone,https://www.reddit.com/r/iphone/comments/1phz9yw/iphone_17_pro_max_noises/,https://www.reddit.com/r/iphone/comments/1phz9yw/iphone_17_pro_max_noises/
1phy7rg,iPhone 17 Pro Max… defying gravity?,Spiritual-Pie6109,2025-12-09T04:20:18,0,0.44,iphone,https://www.reddit.com/r/iphone/comments/1phy7rg/iphone_17_pro_max_defying_gravity/,https://www.reddit.com/r/iphone/comments/1phy7rg/iphone_17_pro_max_defying_gravity/
1phxmas,iPhone 17 Pro Max During FaceTime,NotanEth,2025-12-09T03:50:24,0,0.5,iphone,https://www.reddit.com/r/iphone/comments/1phxmas/iphone_17_pro_max_during_facetime/,https://www.reddit.com/r/iphone/comments/1phxmas/iphone_17_pro_max_during_facetime/
1phxbqo,iPhone 17 Pro Max owners: what do you wish you knew before buying it?,Mullins2,2025-12-09T03:35:51,0,0.5,iphone,https://www.reddit.com/r/iphone/comments/1phxbqo/iphone_17_pro_max_owners_what_do_you_wish_you/,/r/iPhone17Pro/comments/1phxbb3/iphone_17_pro_max_owners_what_do_you_wish_you/
1phtb1v,Wi-Fi issues on iPhone 17 Pro Max,jeniusunlocks,2025-12-09T00:29:22,2,0.75,iphone,https://www.reddit.com/r/iphone/comments/1phtb1v/wifi_issues_on_iphone_17_pro_max/,https://i.redd.it/oe9r1wyap26g1.jpeg
1phs15z,iPhone 17 Pro Max restart on overnight charging,STUNSEED_KUCS,2025-12-08T23:34:19,0,0.5,iphone,https://www.reddit.com/r/iphone/comments/1phs15z/iphone_17_pro_max_restart_on_overnight_charging/,https://www.reddit.com/r/iphone/comments/1phs15z/iphone_17_pro_max_restart_on_overnight_charging/
1phoyd9,Is anybody else having delayed text notification sounds?,officerX42061,2025-12-08T21:29:55,0,0.5,iphone,https://www.reddit.com/r/iphone/comments/1phoyd9/is_anybody_else_having_delayed_text_notification/,https://www.reddit.com/r/iphone/comments/1phoyd9/is_anybody_else_having_delayed_text_notification/
1phne2d,iPhone 17 Pro Max - limiting to USB2 speeds on MBP M1 Max. tried multiple USB-C 3.2 cables,okaydude2,2025-12-08T20:30:37,31,0.81,iphone,https://www.reddit.com/r/iphone/comments/1phne2d/iphone_17_pro_max_limiting_to_usb2_speeds_on_mbp/,https://i.redd.it/34gwhmgei16g1.png
1phb4tt,iPhone 17 Pro Max,Barron_Von_Brown,2025-12-08T12:27:29,0,0.5,iphone,https://www.reddit.com/r/iphone/comments/1phb4tt/iphone_17_pro_max/,https://www.reddit.com/r/iphone/comments/1phb4tt/iphone_17_pro_max/
1ph0eo9,Screen goes white when filling in text,Gregskis,2025-12-08T02:09:00,0,0.5,iphone,https://www.reddit.com/r/iphone/comments/1ph0eo9/screen_goes_white_when_filling_in_text/,https://i.redd.it/17hetax52w5g1.jpeg
1ph05b5,iPhone 17 Pro Max just vibrates??,DeliciousPenalty3070,2025-12-08T01:56:48,0,0.5,iphone,https://www.reddit.com/r/iphone/comments/1ph05b5/iphone_17_pro_max_just_vibrates/,https://www.reddit.com/r/iphone/comments/1ph05b5/iphone_17_pro_max_just_vibrates/
1pgsipv,iPhone 17 Pro Max: Is 90% to 80% in 45 Minutes Normal or a Problem?,smptrnl25,2025-12-07T20:21:41,0,0.42,iphone,https://www.reddit.com/r/iphone/comments/1pgsipv/iphone_17_pro_max_is_90_to_80_in_45_minutes/,https://www.reddit.com/r/iphone/comments/1pgsipv/iphone_17_pro_max_is_90_to_80_in_45_minutes/
1pgrwab,Didn’t realise how much better 3rd-party apps feel on iPhone,Ok_Average2141,2025-12-07T19:56:50,397,0.95,iphone,https://www.reddit.com/r/iphone/comments/1pgrwab/didnt_realise_how_much_better_3rdparty_apps_feel/,https://www.reddit.com/r/iphone/comments/1pgrwab/didnt_realise_how_much_better_3rdparty_apps_feel/
1pgo4du,Would be screen protector ESR UltraFit Armorite Pro compatible with iPhone 15 base?,meci__careca,2025-12-07T17:31:37,0,0.25,iphone,https://www.reddit.com/r/iphone/comments/1pgo4du/would_be_screen_protector_esr_ultrafit_armorite/,https://www.reddit.com/gallery/1pgo4du
1pg6iy0,Full screen screenshots on iPhone 17 Pro Max,LazeighLerner,2025-12-07T02:06:06,1,0.67,iphone,https://www.reddit.com/r/iphone/comments/1pg6iy0/full_screen_screenshots_on_iphone_17_pro_max/,https://www.reddit.com/r/iphone/comments/1pg6iy0/full_screen_screenshots_on_iphone_17_pro_max/
1pg5v1h,iPhone 17 Pro Max Touch Screen responsiveness,Squall_j1,2025-12-07T01:33:00,1,0.67,iphone,https://www.reddit.com/r/iphone/comments/1pg5v1h/iphone_17_pro_max_touch_screen_responsiveness/,https://www.reddit.com/r/iphone/comments/1pg5v1h/iphone_17_pro_max_touch_screen_responsiveness/
1pfzcd0,iPhone 17 Pro Max touch issue is still a thing?,ptzinc014,2025-12-06T20:37:08,0,0.5,iphone,https://www.reddit.com/r/iphone/comments/1pfzcd0/iphone_17_pro_max_touch_issue_is_still_a_thing/,https://www.reddit.com/r/iphone/comments/1pfzcd0/iphone_17_pro_max_touch_issue_is_still_a_thing/
1pfbkxn,iPhone 17 Pro Max photos lose quality when transferred to Mac. Any fix?,Much-Membership-2454,2025-12-06T00:34:31,1,1,iphone,https://www.reddit.com/r/iphone/comments/1pfbkxn/iphone_17_pro_max_photos_lose_quality_when/,https://www.reddit.com/r/iphone/comments/1pfbkxn/iphone_17_pro_max_photos_lose_quality_when/
1pf5aqf,Problem with the iPhone 17 Pro Max Clear Case with MagSafe,Ok-Restaurant-9497,2025-12-05T20:09:48,4,0.83,iphone,https://www.reddit.com/r/iphone/comments/1pf5aqf/problem_with_the_iphone_17_pro_max_clear_case/,https://i.redd.it/aa821q990g5g1.jpeg
1pezvzl,Anyone else iPhone 17 Pro Max audio stutter iOS26.1?,A_simple_tomato,2025-12-05T16:42:00,6,1,iphone,https://www.reddit.com/r/iphone/comments/1pezvzl/anyone_else_iphone_17_pro_max_audio_stutter_ios261/,https://imgur.com/a/09eTBgd
1peuado,iPhone 17 Pro Max weird issue with light,Limp-Move-4376,2025-12-05T12:52:24,0,0.27,iphone,https://www.reddit.com/r/iphone/comments/1peuado/iphone_17_pro_max_weird_issue_with_light/,https://www.reddit.com/gallery/1peuado
1peoj89,New iPhone 17 Pro Max and working in the sun?,Anxious_Cantaloupe17,2025-12-05T07:02:38,5,0.86,iphone,https://www.reddit.com/r/iphone/comments/1peoj89/new_iphone_17_pro_max_and_working_in_the_sun/,https://www.reddit.com/r/iphone/comments/1peoj89/new_iphone_17_pro_max_and_working_in_the_sun/
1pelc30,17 Pro Max Case Suggestions,mom_x_3,2025-12-05T04:05:34,0,0.5,iphone,https://www.reddit.com/r/iphone/comments/1pelc30/17_pro_max_case_suggestions/,https://www.reddit.com/r/iphone/comments/1pelc30/17_pro_max_case_suggestions/
1pehayx,Why won’t Tech Woven App Tint Work?,YngFijiWtr,2025-12-05T00:55:06,0,0.5,iphone,https://www.reddit.com/r/iphone/comments/1pehayx/why_wont_tech_woven_app_tint_work/,https://www.reddit.com/gallery/1pehayx
1pe9ahp,Iphone Question -,Reasonable_Ad_7367,2025-12-04T19:26:46,2,0.67,iphone,https://www.reddit.com/r/iphone/comments/1pe9ahp/iphone_question/,https://www.reddit.com/r/iphone/comments/1pe9ahp/iphone_question/
1pe0kwr,iPhone 17 pro max,WarmPresence8651,2025-12-04T13:53:51,0,0.2,iphone,https://www.reddit.com/r/iphone/comments/1pe0kwr/iphone_17_pro_max/,https://www.reddit.com/r/iphone/comments/1pe0kwr/iphone_17_pro_max/
1pdsqbm,Vapor Chamber Sizzle,Kbrickley,2025-12-04T06:20:00,3,0.81,iphone,https://www.reddit.com/r/iphone/comments/1pdsqbm/vapor_chamber_sizzle/,https://www.reddit.com/r/iphone/comments/1pdsqbm/vapor_chamber_sizzle/
1pd5awz,Gaming,KingArthur4536,2025-12-03T14:15:22,6,0.76,iphone,https://www.reddit.com/r/iphone/comments/1pd5awz/gaming/,https://www.reddit.com/r/iphone/comments/1pd5awz/gaming/
1pcx9ix,5G Constantly Disconnecting,parkerthebirdparrett,2025-12-03T06:49:42,1,0.67,iphone,https://www.reddit.com/r/iphone/comments/1pcx9ix/5g_constantly_disconnecting/,https://www.reddit.com/r/iphone/comments/1pcx9ix/5g_constantly_disconnecting/
1pcqyni,New iPhone 17 pro max,XenomystusNigri,2025-12-03T01:33:19,1,0.6,iphone,https://www.reddit.com/r/iphone/comments/1pcqyni/new_iphone_17_pro_max/,https://www.reddit.com/r/iphone/comments/1pcqyni/new_iphone_17_pro_max/
1pcnvli,Did Apple originally made a black and a grey colour for iPhone 17 Pro and Pro Max?,JailbreakHat,2025-12-02T23:18:03,184,0.93,iphone,https://www.reddit.com/r/iphone/comments/1pcnvli/did_apple_originally_made_a_black_and_a_grey/,https://9to5mac.com/2025/07/14/iphone-17-pro-leak-reveals-brand-new-colors-that-could-be-coming/
1pccm1r,Bug: big white box covers screen,Suspicious_Mud_7626,2025-12-02T16:16:28,0,0.33,iphone,https://www.reddit.com/r/iphone/comments/1pccm1r/bug_big_white_box_covers_screen/,https://www.reddit.com/r/iphone/comments/1pccm1r/bug_big_white_box_covers_screen/
1pcaaez,Is this normal for a screen protector?,Lasscrow,2025-12-02T14:46:30,0,0.35,iphone,https://www.reddit.com/r/iphone/comments/1pcaaez/is_this_normal_for_a_screen_protector/,https://i.redd.it/q5ynz0cuzs4g1.jpeg
1pbxijo,iOS 26.1 passcode reset on me,thechrisroberts,2025-12-02T03:12:40,1,1,iphone,https://www.reddit.com/r/iphone/comments/1pbxijo/ios_261_passcode_reset_on_me/,https://www.reddit.com/r/iphone/comments/1pbxijo/ios_261_passcode_reset_on_me/
1pbt542,Help with new iPhone 17,Ba4ever13,2025-12-01T23:58:19,0,0.5,iphone,https://www.reddit.com/r/iphone/comments/1pbt542/help_with_new_iphone_17/,https://www.reddit.com/r/iphone/comments/1pbt542/help_with_new_iphone_17/
1pbjq6l,Is the ESR cloud soft series good for iPhone 17 pro max?,Livid-Nebula-8423,2025-12-01T17:57:37,3,0.67,iphone,https://www.reddit.com/r/iphone/comments/1pbjq6l/is_the_esr_cloud_soft_series_good_for_iphone_17/,https://i.redd.it/fb8ol751tm4g1.jpeg
1pb83mu,Tech woven iPhone 17 ProMax random bubble?,RunObiRun,2025-12-01T09:06:43,112,0.83,iphone,https://www.reddit.com/r/iphone/comments/1pb83mu/tech_woven_iphone_17_promax_random_bubble/,https://www.reddit.com/gallery/1pb83mu
1pb6fmi,iPhone 17 Pro sudden USB-C charging issues,anarchyx34,2025-12-01T07:20:08,0,0.5,iphone,https://www.reddit.com/r/iphone/comments/1pb6fmi/iphone_17_pro_sudden_usbc_charging_issues/,https://www.reddit.com/r/iphone/comments/1pb6fmi/iphone_17_pro_sudden_usbc_charging_issues/
1paxl5r,iPhone 17 Pro Max Japan Model Geekbench and Antutu Score,ActicGER,2025-11-30T23:59:45,0,0.29,iphone,https://www.reddit.com/r/iphone/comments/1paxl5r/iphone_17_pro_max_japan_model_geekbench_and/,https://www.reddit.com/gallery/1paxl5r
1pasj7p,Need working FREE way to move full WhatsApp (chats + photos + videos) from Samsung S24 → iPhone 17 Pro Max (iOS 26) in Dec 2025,LionWednesday,2025-11-30T20:28:08,0,0.33,iphone,https://www.reddit.com/r/iphone/comments/1pasj7p/need_working_free_way_to_move_full_whatsapp_chats/,https://www.reddit.com/r/iphone/comments/1pasj7p/need_working_free_way_to_move_full_whatsapp_chats/
1p9xiwd,Guys im just upgraded to iPhone 17 pro max but i have issues,Late-Solution-8695,2025-11-29T19:29:27,0,0.33,iphone,https://www.reddit.com/r/iphone/comments/1p9xiwd/guys_im_just_upgraded_to_iphone_17_pro_max_but_i/,https://www.reddit.com/r/iphone/comments/1p9xiwd/guys_im_just_upgraded_to_iphone_17_pro_max_but_i/
1p9va73,"iPhone 17 Pro Max has slower data speed that 15 Pro Max, why?",Special_Fuel,2025-11-29T17:58:31,4,0.75,iphone,https://www.reddit.com/r/iphone/comments/1p9va73/iphone_17_pro_max_has_slower_data_speed_that_15/,https://www.reddit.com/r/iphone/comments/1p9va73/iphone_17_pro_max_has_slower_data_speed_that_15/
1p9m7jl,2 Months after moving from Android to iPhone 17 Pro Max,RainFR98,2025-11-29T10:57:19,116,0.85,iphone,https://www.reddit.com/r/iphone/comments/1p9m7jl/2_months_after_moving_from_android_to_iphone_17/,https://www.reddit.com/r/iphone/comments/1p9m7jl/2_months_after_moving_from_android_to_iphone_17/
1p9lic7,Charging Guide,Ardaerenn,2025-11-29T10:13:51,2,0.6,iphone,https://www.reddit.com/r/iphone/comments/1p9lic7/charging_guide/,https://www.reddit.com/r/iphone/comments/1p9lic7/charging_guide/
1p8zc3k,Another person whose new iPhone does not have any of my call logs.,TrifleBig5346,2025-11-28T16:36:18,0,0.5,iphone,https://www.reddit.com/r/iphone/comments/1p8zc3k/another_person_whose_new_iphone_does_not_have_any/,https://www.reddit.com/r/iphone/comments/1p8zc3k/another_person_whose_new_iphone_does_not_have_any/
1p7ny10,iPhone 17 call failed issue,n00tfawn,2025-11-27T00:14:29,4,0.83,iphone,https://www.reddit.com/r/iphone/comments/1p7ny10/iphone_17_call_failed_issue/,https://www.reddit.com/r/iphone/comments/1p7ny10/iphone_17_call_failed_issue/
1p7ffbg,New iPhone 17 Pro Max,No-Customer2795,2025-11-26T18:28:38,0,0.46,iphone,https://www.reddit.com/r/iphone/comments/1p7ffbg/new_iphone_17_pro_max/,https://www.reddit.com/r/iphone/comments/1p7ffbg/new_iphone_17_pro_max/
1p793dd,iPhone 17 Pro Max/iOS 26.1 bug??,Vegetable_Guava_7323,2025-11-26T14:27:21,1,0.6,iphone,https://www.reddit.com/r/iphone/comments/1p793dd/iphone_17_pro_maxios_261_bug/,https://www.reddit.com/r/iphone/comments/1p793dd/iphone_17_pro_maxios_261_bug/
1p6mjjv,Bluetooth Question on iPhone 17 pro max,Ed-in-the-Mountains,2025-11-25T19:52:05,0,0.5,iphone,https://www.reddit.com/r/iphone/comments/1p6mjjv/bluetooth_question_on_iphone_17_pro_max/,https://www.reddit.com/r/iphone/comments/1p6mjjv/bluetooth_question_on_iphone_17_pro_max/
1p6b48a,iPhone 17 Pro Max Case,Formal-Marsupial3690,2025-11-25T12:25:21,0,0.4,iphone,https://www.reddit.com/r/iphone/comments/1p6b48a/iphone_17_pro_max_case/,https://www.reddit.com/r/iphone/comments/1p6b48a/iphone_17_pro_max_case/
1p63wcv,Always on display burn in?,OkRepresentative9939,2025-11-25T05:06:38,5,0.63,iphone,https://www.reddit.com/r/iphone/comments/1p63wcv/always_on_display_burn_in/,https://www.reddit.com/r/iphone/comments/1p63wcv/always_on_display_burn_in/
1p61pdb,My iPhone 17 pro max phone audio is muffled on phone calls,Sudden_Middle_9815,2025-11-25T03:13:51,0,0.33,iphone,https://www.reddit.com/r/iphone/comments/1p61pdb/my_iphone_17_pro_max_phone_audio_is_muffled_on/,https://www.reddit.com/r/iphone/comments/1p61pdb/my_iphone_17_pro_max_phone_audio_is_muffled_on/
1p5slja,Static noise when charged? iPhone 17 Pro Max,true-dci-john-luther,2025-11-24T20:44:07,1,0.67,iphone,https://www.reddit.com/r/iphone/comments/1p5slja/static_noise_when_charged_iphone_17_pro_max/,https://www.reddit.com/r/iphone/comments/1p5slja/static_noise_when_charged_iphone_17_pro_max/
1p5l1ca,Help! iPhone 17 Pro Max won’t connect to airplane WiFi.,charliebrown331,2025-11-24T16:08:41,0,0.4,iphone,https://www.reddit.com/r/iphone/comments/1p5l1ca/help_iphone_17_pro_max_wont_connect_to_airplane/,https://www.reddit.com/r/iphone/comments/1p5l1ca/help_iphone_17_pro_max_wont_connect_to_airplane/
1p5i2c8,walmart iphone black friday and cyber monday deals,suprablissqu,2025-11-24T14:11:58,35,0.93,iphone,https://www.reddit.com/r/iphone/comments/1p5i2c8/walmart_iphone_black_friday_and_cyber_monday_deals/,https://www.reddit.com/r/iphone/comments/1p5i2c8/walmart_iphone_black_friday_and_cyber_monday_deals/
1p56w8l,Has anyone used this camera protector?,Open_Suggestion_6188,2025-11-24T03:48:48,0,0.33,iphone,https://www.reddit.com/r/iphone/comments/1p56w8l/has_anyone_used_this_camera_protector/,https://i.redd.it/1f5ibhm7n43g1.jpeg
1p4y0ai,Best iPhone 17 Pro Max - microfiber lined case,WWRaverTourist,2025-11-23T21:07:51,0,0.5,iphone,https://www.reddit.com/r/iphone/comments/1p4y0ai/best_iphone_17_pro_max_microfiber_lined_case/,https://www.reddit.com/r/iphone/comments/1p4y0ai/best_iphone_17_pro_max_microfiber_lined_case/
1p4xjru,My iPhone 17 Pro Max review moving from android (Samsung and google pixel),Willing-Ad6107,2025-11-23T20:49:07,8,0.62,iphone,https://www.reddit.com/r/iphone/comments/1p4xjru/my_iphone_17_pro_max_review_moving_from_android/,https://www.reddit.com/r/iphone/comments/1p4xjru/my_iphone_17_pro_max_review_moving_from_android/
1p4mmgw,"Spigen Glas.tR EZ Screen Protector iPhone 17 Pro Max, questions about",Squall_j1,2025-11-23T13:23:49,0,0.33,iphone,https://www.reddit.com/r/iphone/comments/1p4mmgw/spigen_glastr_ez_screen_protector_iphone_17_pro/,/r/Spigen/comments/1p4mm2p/spigen_glastr_ez_screen_protector_iphone_17_pro/
1p4fehw,Transferring data from old iPhone to new iPhone,Slatt_Businesss,2025-11-23T06:12:46,0,0.5,iphone,https://www.reddit.com/r/iphone/comments/1p4fehw/transferring_data_from_old_iphone_to_new_iphone/,https://www.reddit.com/r/iphone/comments/1p4fehw/transferring_data_from_old_iphone_to_new_iphone/
1p44sck,Siri not working iPhone 17 Pro Max / iOS 26.1,Gold_Abecedarian__,2025-11-22T21:30:23,1,0.6,iphone,https://www.reddit.com/r/iphone/comments/1p44sck/siri_not_working_iphone_17_pro_max_ios_261/,https://i.redd.it/3f2dfqbsmv2g1.jpeg
1p3x8ts,iPhone 17 Pro Max - Best “Invisible” Screen Protectors?,hollowviews,2025-11-22T16:21:12,1,0.55,iphone,https://www.reddit.com/r/iphone/comments/1p3x8ts/iphone_17_pro_max_best_invisible_screen_protectors/,https://www.reddit.com/r/iphone/comments/1p3x8ts/iphone_17_pro_max_best_invisible_screen_protectors/
1p3n9wt,Anyone else have trouble with iPhone 17 pro max speeds?,Grillpower69,2025-11-22T07:31:43,0,0.5,iphone,https://www.reddit.com/r/iphone/comments/1p3n9wt/anyone_else_have_trouble_with_iphone_17_pro_max/,https://www.reddit.com/r/iphone/comments/1p3n9wt/anyone_else_have_trouble_with_iphone_17_pro_max/
1p3e2bf,My hacked iPhone running iPadOS! And running a Mac-like experience on the external monitor! It can multitask + run iPad apps. Apple doesn't allow this as it would hurt Mac sales.,TechExpert2910,2025-11-21T23:38:17,3352,0.97,iphone,https://www.reddit.com/r/iphone/comments/1p3e2bf/my_hacked_iphone_running_ipados_and_running_a/,https://i.redd.it/9jq9ejf64p2g1.jpeg
1p34lj4,NattaWoz,Head-Engineer-636,2025-11-21T17:23:25,0,0.4,iphone,https://www.reddit.com/r/iphone/comments/1p34lj4/nattawoz/,https://www.reddit.com/r/iphone/comments/1p34lj4/nattawoz/
1p2orrg,iPhone 17 Pro Max user experience? How does it compare to older models?,Affectionate_News245,2025-11-21T04:01:53,0,0.42,iphone,https://www.reddit.com/r/iphone/comments/1p2orrg/iphone_17_pro_max_user_experience_how_does_it/,https://www.reddit.com/r/iphone/comments/1p2orrg/iphone_17_pro_max_user_experience_how_does_it/
1p2mrjh,Transferred to new phone from nearby phone but nothing moved over?,newenglandowner,2025-11-21T02:29:52,3,0.8,iphone,https://www.reddit.com/r/iphone/comments/1p2mrjh/transferred_to_new_phone_from_nearby_phone_but/,https://www.reddit.com/r/iphone/comments/1p2mrjh/transferred_to_new_phone_from_nearby_phone_but/
1p20icv,"Phone app not loading Recent call list (Call log) - iPhone 17 pro max, iOS 26.1",subtle_bro,2025-11-20T11:13:30,11,0.92,iphone,https://www.reddit.com/r/iphone/comments/1p20icv/phone_app_not_loading_recent_call_list_call_log/,https://www.reddit.com/gallery/1p20icv
1p1zamh,I returned my iPhone 17 Pro for the third time!,CapitalWide4484,2025-11-20T09:58:23,0,0.47,iphone,https://www.reddit.com/r/iphone/comments/1p1zamh/i_returned_my_iphone_17_pro_for_the_third_time/,https://www.reddit.com/r/iphone/comments/1p1zamh/i_returned_my_iphone_17_pro_for_the_third_time/
1p1rf28,Is it just me or does the aluminum of the iPhone 17 Pro Max make it feel very comfortable?,Seven1s,2025-11-20T02:26:37,5,0.69,iphone,https://www.reddit.com/r/iphone/comments/1p1rf28/is_it_just_me_or_does_the_aluminum_of_the_iphone/,https://www.reddit.com/r/iphone/comments/1p1rf28/is_it_just_me_or_does_the_aluminum_of_the_iphone/
1p1d30r,Best iPhone Camera Setting for Image,Key_Appointment9196,2025-11-19T16:58:16,1,0.57,iphone,https://www.reddit.com/r/iphone/comments/1p1d30r/best_iphone_camera_setting_for_image/,https://www.reddit.com/r/iphone/comments/1p1d30r/best_iphone_camera_setting_for_image/
1p1bx9u,Does anyone have the same problem with a glitchy keyboard? It all started on iOS 26 on the iPhone 15 Pro Max and now it has carried over to the iPhone 17 Pro Max too. A video is attached so you can see the right side glitching.,Lanky-Top-1861,2025-11-19T16:15:45,1,1,iphone,https://www.reddit.com/r/iphone/comments/1p1bx9u/does_anyone_have_the_same_problem_with_a_glitchy/,https://streamable.com/i2yux0
1p0xqob,OtterBox iPhone 17 Pro Max Symmetry Series Clear Case Review. Share your thoughts,CoverBaseCases,2025-11-19T04:13:39,0,0.29,iphone,https://www.reddit.com/r/iphone/comments/1p0xqob/otterbox_iphone_17_pro_max_symmetry_series_clear/,https://www.reddit.com/gallery/1p0xp0d
1ozhzo8,iPhone 17 Pro Max - Bluetooth Issues,anon167167,2025-11-17T14:40:08,2,0.63,iphone,https://www.reddit.com/r/iphone/comments/1ozhzo8/iphone_17_pro_max_bluetooth_issues/,https://www.reddit.com/r/iphone/comments/1ozhzo8/iphone_17_pro_max_bluetooth_issues/
1ozeymt,Over the ear wired headphones for iPhone 17 pro max,WraithFodder,2025-11-17T12:28:00,1,0.67,iphone,https://www.reddit.com/r/iphone/comments/1ozeymt/over_the_ear_wired_headphones_for_iphone_17_pro/,https://www.reddit.com/r/iphone/comments/1ozeymt/over_the_ear_wired_headphones_for_iphone_17_pro/
1ozenb6,What else to do to sign out Apple ID,Motor_Oil_8864,2025-11-17T12:12:05,0,0.5,iphone,https://www.reddit.com/r/iphone/comments/1ozenb6/what_else_to_do_to_sign_out_apple_id/,https://i.redd.it/jkj6dd8m6t1g1.jpeg
1ozb83e,Oneplus 8t to iPhone 17 Pro Max,Financial-Try-9760,2025-11-17T08:42:46,0,0.38,iphone,https://www.reddit.com/r/iphone/comments/1ozb83e/oneplus_8t_to_iphone_17_pro_max/,https://www.reddit.com/r/iphone/comments/1ozb83e/oneplus_8t_to_iphone_17_pro_max/
1oz3roz,A handful of tips/question regarding my new iPhone 17 Pro Max,JeanMorel,2025-11-17T01:52:20,0,0.5,iphone,https://www.reddit.com/r/iphone/comments/1oz3roz/a_handful_of_tipsquestion_regarding_my_new_iphone/,https://www.reddit.com/r/iphone/comments/1oz3roz/a_handful_of_tipsquestion_regarding_my_new_iphone/
1oyyu2a,Best thin cases for iPhone 17 Pro Max?,Opposite_Screen_7783,2025-11-16T22:13:36,4,0.7,iphone,https://www.reddit.com/r/iphone/comments/1oyyu2a/best_thin_cases_for_iphone_17_pro_max/,https://www.reddit.com/r/iphone/comments/1oyyu2a/best_thin_cases_for_iphone_17_pro_max/
1oyxeie,iCloud Messages Not Fully Synced to new iPhone,6thDAY,2025-11-16T21:15:21,2,1,iphone,https://www.reddit.com/r/iphone/comments/1oyxeie/icloud_messages_not_fully_synced_to_new_iphone/,https://i.redd.it/e3dwb3tmqo1g1.jpeg
1oyqj0g,Static noise when recording video on iPhone 17 Pro Max,analimalimon,2025-11-16T16:47:10,0,0.5,iphone,https://www.reddit.com/r/iphone/comments/1oyqj0g/static_noise_when_recording_video_on_iphone_17/,https://www.reddit.com/r/iphone/comments/1oyqj0g/static_noise_when_recording_video_on_iphone_17/
1oyo79w,"iPhone 17 Pro Max owner, opinion after 2 months?",Quenelle44,2025-11-16T15:14:22,62,0.93,iphone,https://www.reddit.com/r/iphone/comments/1oyo79w/iphone_17_pro_max_owner_opinion_after_2_months/,https://www.reddit.com/r/iphone/comments/1oyo79w/iphone_17_pro_max_owner_opinion_after_2_months/
1oyg2i7,iPhone 17 Pro Max speakers like a Temu device,Plastic-Fudge-395,2025-11-16T08:03:12,0,0.33,iphone,https://www.reddit.com/r/iphone/comments/1oyg2i7/iphone_17_pro_max_speakers_like_a_temu_device/,https://www.reddit.com/r/iphone/comments/1oyg2i7/iphone_17_pro_max_speakers_like_a_temu_device/
1oycn8w,iPhone 17 pro max camera issue,gnahceinnay,2025-11-16T04:42:07,0,0.5,iphone,https://www.reddit.com/r/iphone/comments/1oycn8w/iphone_17_pro_max_camera_issue/,https://www.reddit.com/r/iphone/comments/1oycn8w/iphone_17_pro_max_camera_issue/
1oybwby,iPhone 17 not working with Carplay,Comfortable_Cat9738,2025-11-16T04:02:22,0,0.5,iphone,https://www.reddit.com/r/iphone/comments/1oybwby/iphone_17_not_working_with_carplay/,https://www.reddit.com/r/iphone/comments/1oybwby/iphone_17_not_working_with_carplay/
1oy7vvw,Apple iPhone 17 pro max express replacement,huyt01,2025-11-16T00:44:43,0,0.4,iphone,https://www.reddit.com/r/iphone/comments/1oy7vvw/apple_iphone_17_pro_max_express_replacement/,https://www.reddit.com/r/iphone/comments/1oy7vvw/apple_iphone_17_pro_max_express_replacement/
1ox6ivb,What are these circles on iPhone 17 Pro Max backplate?,darkieeecsgo,2025-11-14T19:47:31,1641,0.95,iphone,https://www.reddit.com/r/iphone/comments/1ox6ivb/what_are_these_circles_on_iphone_17_pro_max/,https://www.reddit.com/gallery/1ox6ivb
1owz0y9,Attention Aware Features on my iPhone 17 pro max 26.1,This-Influence-5317,2025-11-14T15:09:47,1,0.6,iphone,https://www.reddit.com/r/iphone/comments/1owz0y9/attention_aware_features_on_my_iphone_17_pro_max/,https://www.reddit.com/r/iphone/comments/1owz0y9/attention_aware_features_on_my_iphone_17_pro_max/
1owwvy5,Why does Ultra wide macro shoots in 12 MP?,rehmatelahi,2025-11-14T13:45:27,2,0.6,iphone,https://www.reddit.com/r/iphone/comments/1owwvy5/why_does_ultra_wide_macro_shoots_in_12_mp/,https://i.redd.it/1t6twcmj881g1.jpeg
1ow165j,Issues with my Apple TV App,CruddiestSpark,2025-11-13T13:32:53,3,1,iphone,https://www.reddit.com/r/iphone/comments/1ow165j/issues_with_my_apple_tv_app/,https://i.redd.it/ovezdy0e111g1.jpeg
1ovv3vc,Why is my iPhone doing this?,CrbRang00n,2025-11-13T07:42:03,0,0.33,iphone,https://www.reddit.com/r/iphone/comments/1ovv3vc/why_is_my_iphone_doing_this/,https://i.redd.it/ugsjf8rsaz0g1.jpeg
1ovrwtz,iPhone 17 Pro Max - iMessage Activation Unsuccessful,DifferentTrouble4700,2025-11-13T04:36:07,0,0.33,iphone,https://www.reddit.com/r/iphone/comments/1ovrwtz/iphone_17_pro_max_imessage_activation_unsuccessful/,https://www.reddit.com/r/iphone/comments/1ovrwtz/iphone_17_pro_max_imessage_activation_unsuccessful/
1ovmrz8,Screen protector help,Joe2822,2025-11-13T00:35:52,0,0.33,iphone,https://www.reddit.com/r/iphone/comments/1ovmrz8/screen_protector_help/,https://www.reddit.com/r/iphone/comments/1ovmrz8/screen_protector_help/
1oviqi1,Syncing new iPhone 17 pro Max Issues,AccomplishedOne4795,2025-11-12T21:52:53,4,1,iphone,https://www.reddit.com/r/iphone/comments/1oviqi1/syncing_new_iphone_17_pro_max_issues/,https://www.reddit.com/r/iphone/comments/1oviqi1/syncing_new_iphone_17_pro_max_issues/
1ov95o4,Returning iPhone 17 Pro Max,Dan_tha_man500,2025-11-12T16:04:28,0,0.25,iphone,https://www.reddit.com/r/iphone/comments/1ov95o4/returning_iphone_17_pro_max/,https://www.reddit.com/r/iphone/comments/1ov95o4/returning_iphone_17_pro_max/
1ov2u9h,Best clear case for the iPhone 17 Pro Max?,Adorable-Bluebird368,2025-11-12T11:37:47,0,0.33,iphone,https://www.reddit.com/r/iphone/comments/1ov2u9h/best_clear_case_for_the_iphone_17_pro_max/,https://www.reddit.com/r/iphone/comments/1ov2u9h/best_clear_case_for_the_iphone_17_pro_max/
1ouykbj,TIL definitive Dual nano-SIM iPhones stopped at iPhone 17,caineshiokaze,2025-11-12T07:10:42,0,0.27,iphone,https://www.reddit.com/r/iphone/comments/1ouykbj/til_definitive_dual_nanosim_iphones_stopped_at/,https://www.reddit.com/r/iphone/comments/1ouykbj/til_definitive_dual_nanosim_iphones_stopped_at/
1ouxsza,About iPhone 17 Charger,Ardaerenn,2025-11-12T06:25:07,0,0.4,iphone,https://www.reddit.com/r/iphone/comments/1ouxsza/about_iphone_17_charger/,https://www.reddit.com/r/iphone/comments/1ouxsza/about_iphone_17_charger/
1ouvkkd,Could this be an Apple iPhone case manufacturing defect?,lucas_woodworking,2025-11-12T04:22:20,0,0.27,iphone,https://www.reddit.com/r/iphone/comments/1ouvkkd/could_this_be_an_apple_iphone_case_manufacturing/,https://www.reddit.com/gallery/1ouvkkd
1ouq686,Can’t transfer my old iphone HELP!,Confident-End2295,2025-11-12T00:11:39,0,0.5,iphone,https://www.reddit.com/r/iphone/comments/1ouq686/cant_transfer_my_old_iphone_help/,https://www.reddit.com/r/iphone/comments/1ouq686/cant_transfer_my_old_iphone_help/
1oupr2z,“Liquid detected in connector.”,milezero13,2025-11-11T23:54:02,1,0.6,iphone,https://www.reddit.com/r/iphone/comments/1oupr2z/liquid_detected_in_connector/,https://www.reddit.com/r/iphone/comments/1oupr2z/liquid_detected_in_connector/
1ouoap0,Why is it that PRO MAX camera quality is lower than base models,Sam9865,2025-11-11T22:53:53,0,0.17,iphone,https://www.reddit.com/r/iphone/comments/1ouoap0/why_is_it_that_pro_max_camera_quality_is_lower/,https://www.reddit.com/r/iphone/comments/1ouoap0/why_is_it_that_pro_max_camera_quality_is_lower/
1oulxjj,iPhone 17 Pro Max camera overexposes when launched from dark to bright environments,Mr_Cozmic,2025-11-11T21:21:20,0,0.4,iphone,https://www.reddit.com/r/iphone/comments/1oulxjj/iphone_17_pro_max_camera_overexposes_when/,https://www.reddit.com/r/iphone/comments/1oulxjj/iphone_17_pro_max_camera_overexposes_when/
1ouksjv,Any Long-term users of Supcase Beetle Grip?,NectarineSame8642,2025-11-11T20:38:52,10,0.68,iphone,https://www.reddit.com/r/iphone/comments/1ouksjv/any_longterm_users_of_supcase_beetle_grip/,https://i.redd.it/aihanyckvo0g1.jpeg
1oucc1i,Advice wanted: Xclio 25 W Qi2.2 power bank vs Kuxiu K1 Ultra vs Kuxiu S3 – which do you pick?,Vegetable-Art4358,2025-11-11T15:27:38,1,0.67,iphone,https://www.reddit.com/r/iphone/comments/1oucc1i/advice_wanted_xclio_25_w_qi22_power_bank_vs_kuxiu/,https://www.reddit.com/r/iphone/comments/1oucc1i/advice_wanted_xclio_25_w_qi22_power_bank_vs_kuxiu/
1ou00b0,Transferring phones,Feisty_Newspaper1436,2025-11-11T04:21:46,2,1,iphone,https://www.reddit.com/r/iphone/comments/1ou00b0/transferring_phones/,https://www.reddit.com/r/iphone/comments/1ou00b0/transferring_phones/
1otz1si,iPhone 17 Pro Max Cellular Connectivity Issues,teedudu,2025-11-11T03:33:58,2,0.67,iphone,https://www.reddit.com/r/iphone/comments/1otz1si/iphone_17_pro_max_cellular_connectivity_issues/,https://www.reddit.com/r/iphone/comments/1otz1si/iphone_17_pro_max_cellular_connectivity_issues/
1otwxzn,Found a potential fix for 17 Pro Max WiFi issues,Ok-Instruction830,2025-11-11T01:54:26,1,0.57,iphone,https://www.reddit.com/r/iphone/comments/1otwxzn/found_a_potential_fix_for_17_pro_max_wifi_issues/,https://www.reddit.com/r/iphone/comments/1otwxzn/found_a_potential_fix_for_17_pro_max_wifi_issues/
1otrf0i,2FA SMS messages delayed for hours in 26.1,Tangential1956,2025-11-10T22:00:39,0,0.25,iphone,https://www.reddit.com/r/iphone/comments/1otrf0i/2fa_sms_messages_delayed_for_hours_in_261/,https://i.redd.it/fxshu8z85i0g1.jpeg
1otn2kq,What’s with all the glitches in IOS26 / Iphone17 ?,Ok_Judge1484,2025-11-10T19:17:42,0,0.5,iphone,https://www.reddit.com/r/iphone/comments/1otn2kq/whats_with_all_the_glitches_in_ios26_iphone17/,https://www.reddit.com/r/iphone/comments/1otn2kq/whats_with_all_the_glitches_in_ios26_iphone17/
1otmv0e,iPhone 17 Pro Max QI 2.2 Cases,N4_Ninja,2025-11-10T19:09:55,0,0.4,iphone,https://www.reddit.com/r/iphone/comments/1otmv0e/iphone_17_pro_max_qi_22_cases/,/r/MagSafe/comments/1otmtuj/iphone_17_pro_max_qi_22_cases/
1osvy48,I need the strongest phone case possible for iPhone 17 pro max,Dismal_Garden7156,2025-11-09T21:52:52,0,0.5,iphone,https://www.reddit.com/r/iphone/comments/1osvy48/i_need_the_strongest_phone_case_possible_for/,https://www.reddit.com/r/iphone/comments/1osvy48/i_need_the_strongest_phone_case_possible_for/
1osv8ye,iPhone 17 PRO MAX Camera in night,SkillSlick,2025-11-09T21:25:02,43,0.83,iphone,https://www.reddit.com/r/iphone/comments/1osv8ye/iphone_17_pro_max_camera_in_night/,https://i.redd.it/pmz3hjdzta0g1.jpeg
1osrcfj,Problema con iPhone 17 pro max,Wise_Aerie_5850,2025-11-09T18:52:05,0,0.4,iphone,https://www.reddit.com/r/iphone/comments/1osrcfj/problema_con_iphone_17_pro_max/,https://www.reddit.com/r/iphone/comments/1osrcfj/problema_con_iphone_17_pro_max/
1os148k,I put my 17PM in the freezer.,Edge_Slade,2025-11-08T21:31:10,61,0.76,iphone,https://www.reddit.com/r/iphone/comments/1os148k/i_put_my_17pm_in_the_freezer/,https://www.reddit.com/gallery/1os148k
1os0lt9,Location Problem with Find MY — iPhone 17 Pro Max,jackthecat123,2025-11-08T21:09:24,0,0.5,iphone,https://www.reddit.com/r/iphone/comments/1os0lt9/location_problem_with_find_my_iphone_17_pro_max/,https://www.reddit.com/r/iphone/comments/1os0lt9/location_problem_with_find_my_iphone_17_pro_max/
1ortm79,Copying text issue,johnny-two-giraffes,2025-11-08T16:25:28,1,0.67,iphone,https://www.reddit.com/r/iphone/comments/1ortm79/copying_text_issue/,https://www.reddit.com/r/iphone/comments/1ortm79/copying_text_issue/
1or8q5w,iPhone 17 pro max camera struggle to focus,Neat-Maintenance-375,2025-11-07T22:43:40,0,0.5,iphone,https://www.reddit.com/r/iphone/comments/1or8q5w/iphone_17_pro_max_camera_struggle_to_focus/,https://youtube.com/shorts/S01XYFVqfDs?si=trwhHR4V3z16JAxU
1oqyf7q,IOS 26.1 keyboard issue nightmare,JankyDonkey,2025-11-07T16:07:27,1,1,iphone,https://www.reddit.com/r/iphone/comments/1oqyf7q/ios_261_keyboard_issue_nightmare/,https://www.reddit.com/r/iphone/comments/1oqyf7q/ios_261_keyboard_issue_nightmare/
1oqqejz,Looking for a really sturdy case,SupertrampDFenx,2025-11-07T09:57:45,0,0.33,iphone,https://www.reddit.com/r/iphone/comments/1oqqejz/looking_for_a_really_sturdy_case/,https://www.reddit.com/r/iphone/comments/1oqqejz/looking_for_a_really_sturdy_case/
1oqltxx,Will Apple replace my phone with the same physical SIM model under AppleCare+?,Agreeable-Map1709,2025-11-07T05:15:04,0,0.5,iphone,https://www.reddit.com/r/iphone/comments/1oqltxx/will_apple_replace_my_phone_with_the_same/,https://www.reddit.com/r/iphone/comments/1oqltxx/will_apple_replace_my_phone_with_the_same/
1oqf1r3,Is there any way to transfer RCS messages from Samsung to the iPhone?,Lukas5512,2025-11-06T23:50:38,0,0.5,iphone,https://www.reddit.com/r/iphone/comments/1oqf1r3/is_there_any_way_to_transfer_rcs_messages_from/,https://www.reddit.com/r/iphone/comments/1oqf1r3/is_there_any_way_to_transfer_rcs_messages_from/
1oqd2jd,iOS 26,Dyl_Dough35,2025-11-06T22:28:52,0,0.29,iphone,https://www.reddit.com/r/iphone/comments/1oqd2jd/ios_26/,https://www.reddit.com/r/iphone/comments/1oqd2jd/ios_26/
1oqb9la,Is iPhone 17 Pro’s “Fast Charging” a Lie?,Dizzy-Artichoke4945,2025-11-06T21:18:13,0,0.17,iphone,https://www.reddit.com/r/iphone/comments/1oqb9la/is_iphone_17_pros_fast_charging_a_lie/,https://www.reddit.com/r/iphone/comments/1oqb9la/is_iphone_17_pros_fast_charging_a_lie/
1oq9gcf,iPhone 17 Pro Max issue with fluctuating volume of phone speakers,Old_Contribution_737,2025-11-06T20:08:51,6,0.72,iphone,https://www.reddit.com/r/iphone/comments/1oq9gcf/iphone_17_pro_max_issue_with_fluctuating_volume/,https://i.redd.it/nby9x93z0pzf1.jpeg
1oq6z9a,Case recommendation for 17PM like this?,Vegetable_Guava_7323,2025-11-06T18:35:34,0,0.4,iphone,https://www.reddit.com/r/iphone/comments/1oq6z9a/case_recommendation_for_17pm_like_this/,https://i.redd.it/om5vnsh0lozf1.jpeg
1oq3hir,Covering the Plateau on iPhone 17 Pro Max?,rbyrnes15,2025-11-06T16:26:33,0,0.5,iphone,https://www.reddit.com/r/iphone/comments/1oq3hir/covering_the_plateau_on_iphone_17_pro_max/,https://www.reddit.com/r/iphone/comments/1oq3hir/covering_the_plateau_on_iphone_17_pro_max/
1opvyqs,iPhone 17 Pro Max - HEIF 24MP photos play video shutter sound instead of photo sound,KeyPlayer1500,2025-11-06T11:01:18,0,0.5,iphone,https://www.reddit.com/r/iphone/comments/1opvyqs/iphone_17_pro_max_heif_24mp_photos_play_video/,https://www.reddit.com/r/iphone/comments/1opvyqs/iphone_17_pro_max_heif_24mp_photos_play_video/
1oprj8a,iPhone 17 Pro Max OtterBox Cases?,TheMickeyMoose,2025-11-06T06:22:54,1,0.6,iphone,https://www.reddit.com/r/iphone/comments/1oprj8a/iphone_17_pro_max_otterbox_cases/,https://www.reddit.com/r/iphone/comments/1oprj8a/iphone_17_pro_max_otterbox_cases/
1opo6vp,Depth Effect not working consistently on iPhone 15 Pro lock screen,iamkanav,2025-11-06T03:24:49,7,0.82,iphone,https://www.reddit.com/r/iphone/comments/1opo6vp/depth_effect_not_working_consistently_on_iphone/,https://www.reddit.com/gallery/1opo6vp
1opjc0u,Are there any iPhone 17 Pro Max cases you would recommend?,rbyrnes15,2025-11-05T23:46:14,0,0.5,iphone,https://www.reddit.com/r/iphone/comments/1opjc0u/are_there_any_iphone_17_pro_max_cases_you_would/,https://www.reddit.com/r/iphone/comments/1opjc0u/are_there_any_iphone_17_pro_max_cases_you_would/
1ophxs4,Express Replacement Cancelled AppleCare One,kendall327,2025-11-05T22:49:05,2,0.58,iphone,https://www.reddit.com/r/iphone/comments/1ophxs4/express_replacement_cancelled_applecare_one/,https://www.reddit.com/r/iphone/comments/1ophxs4/express_replacement_cancelled_applecare_one/
1op7ab6,Looking for a specific type of iPhone 17 Pro Max Case,HighlanderNation,2025-11-05T16:20:28,1,0.57,iphone,https://www.reddit.com/r/iphone/comments/1op7ab6/looking_for_a_specific_type_of_iphone_17_pro_max/,https://i.redd.it/wej4hwvzrgzf1.jpeg
1op49bb,Screen Protector,Cpt-Hook,2025-11-05T14:25:25,2,1,iphone,https://www.reddit.com/r/iphone/comments/1op49bb/screen_protector/,https://www.reddit.com/r/iphone/comments/1op49bb/screen_protector/
1oorv8n,Weird iPhone 17 Pro Max Cellular Data,SadTruthHurts,2025-11-05T03:08:03,2,0.63,iphone,https://www.reddit.com/r/iphone/comments/1oorv8n/weird_iphone_17_pro_max_cellular_data/,https://www.reddit.com/gallery/1oorv8n
1oora26,iPhone 17 location services,hnnuhclr,2025-11-05T02:40:10,1,0.6,iphone,https://www.reddit.com/r/iphone/comments/1oora26/iphone_17_location_services/,https://www.reddit.com/r/iphone/comments/1oora26/iphone_17_location_services/
1ooqbdq,Mageasy Odyssey Ultra M iPhone Case’s modular hooks actually make sense tbh. Like adult LEGO lol,weroxizefu2642,2025-11-05T01:55:47,0,0.43,iphone,https://www.reddit.com/r/iphone/comments/1ooqbdq/mageasy_odyssey_ultra_m_iphone_cases_modular/,https://www.reddit.com/r/iphone/comments/1ooqbdq/mageasy_odyssey_ultra_m_iphone_cases_modular/
1ooosgt,iPhone 17 Pro Max keeps setting the brightness to random levels and it drives me nuts,quitebuttery,2025-11-05T00:47:00,0,0.43,iphone,https://www.reddit.com/r/iphone/comments/1ooosgt/iphone_17_pro_max_keeps_setting_the_brightness_to/,https://www.reddit.com/r/iphone/comments/1ooosgt/iphone_17_pro_max_keeps_setting_the_brightness_to/
1ooacw4,iPhone 13 Pro -> iPhone 17 Pro Max | Thoughts after a week,LivingForever3,2025-11-04T15:36:42,24,0.76,iphone,https://www.reddit.com/r/iphone/comments/1ooacw4/iphone_13_pro_iphone_17_pro_max_thoughts_after_a/,https://www.reddit.com/r/iphone/comments/1ooacw4/iphone_13_pro_iphone_17_pro_max_thoughts_after_a/
1oo3fvs,iPhone 17 Pro Max camera not working after I dropped it.,MarcAravindth,2025-11-04T09:56:48,0,0.5,iphone,https://www.reddit.com/r/iphone/comments/1oo3fvs/iphone_17_pro_max_camera_not_working_after_i/,https://www.reddit.com/r/iphone/comments/1oo3fvs/iphone_17_pro_max_camera_not_working_after_i/
1oo3d8r,iPhone 17 Pro Max Stuttering,Zatkrisp,2025-11-04T09:52:02,1,0.6,iphone,https://www.reddit.com/r/iphone/comments/1oo3d8r/iphone_17_pro_max_stuttering/,https://www.reddit.com/r/iphone/comments/1oo3d8r/iphone_17_pro_max_stuttering/
1oo1spx,"iPhone 17 Pro Max — top speaker crackling at high volume, even after iOS 20.1 update. Anyone else?",Longjumping-Serve-86,2025-11-04T08:06:02,0,0.25,iphone,https://www.reddit.com/r/iphone/comments/1oo1spx/iphone_17_pro_max_top_speaker_crackling_at_high/,/r/iPhone17Pro/comments/1oo1s8r/iphone_17_pro_max_top_speaker_crackling_at_high/
1oo1gu4,I’m a little upset. It’s not just me,SwiftSnorlax,2025-11-04T07:44:28,1211,0.86,iphone,https://www.reddit.com/r/iphone/comments/1oo1gu4/im_a_little_upset_its_not_just_me/,https://i.redd.it/gx4q20u037zf1.jpeg
1onvof1,What is the best case for comfort and protection 2025 ?,NoozPrime,2025-11-04T02:26:05,0,0.29,iphone,https://www.reddit.com/r/iphone/comments/1onvof1/what_is_the_best_case_for_comfort_and_protection/,https://www.reddit.com/r/iphone/comments/1onvof1/what_is_the_best_case_for_comfort_and_protection/
1onvi2m,iPhone 16/17 Pro Max Lagging Between Menus? Disabling Apple AI Fixed It Completely!,Next_Gur_1542,2025-11-04T02:17:54,0,0.33,iphone,https://www.reddit.com/r/iphone/comments/1onvi2m/iphone_1617_pro_max_lagging_between_menus/,https://www.reddit.com/r/iphone/comments/1onvi2m/iphone_1617_pro_max_lagging_between_menus/
1onu812,Can't find a clear case with built-in glass screen protector for iPhone 17 pro max without a magnetic ring.,Puzzleheaded-War4385,2025-11-04T01:19:02,0,0.25,iphone,https://www.reddit.com/r/iphone/comments/1onu812/cant_find_a_clear_case_with_builtin_glass_screen/,https://www.reddit.com/r/iphone/comments/1onu812/cant_find_a_clear_case_with_builtin_glass_screen/
1ons6xu,Please help a iPhoneography novice prepare for their first concert,btgio,2025-11-03T23:50:10,2,0.67,iphone,https://www.reddit.com/r/iphone/comments/1ons6xu/please_help_a_iphoneography_novice_prepare_for/,https://www.reddit.com/r/iphone/comments/1ons6xu/please_help_a_iphoneography_novice_prepare_for/
1onpe4u,Use my iPhone 17 pm right away or wait for the screen protector? Need your thoughts,ApprehensiveEbb3955,2025-11-03T21:57:47,0,0.14,iphone,https://www.reddit.com/r/iphone/comments/1onpe4u/use_my_iphone_17_pm_right_away_or_wait_for_the/,https://www.reddit.com/r/iphone/comments/1onpe4u/use_my_iphone_17_pm_right_away_or_wait_for_the/
1onp4mf,How come I’m not getting the IOS 26.1 update? (iPhone 17 Pro Max),HurtCell1421,2025-11-03T21:47:27,0,0.13,iphone,https://www.reddit.com/r/iphone/comments/1onp4mf/how_come_im_not_getting_the_ios_261_update_iphone/,https://www.reddit.com/gallery/1onp4mf
1onk5y6,How many approx. photos can iPhone 17 Pro Max 256GB or 512GB hold?,Feisty_Standard_2360,2025-11-03T18:44:16,0,0.5,iphone,https://www.reddit.com/r/iphone/comments/1onk5y6/how_many_approx_photos_can_iphone_17_pro_max/,https://www.reddit.com/r/iphone/comments/1onk5y6/how_many_approx_photos_can_iphone_17_pro_max/
1onci9u,Flickering issue on iPhone 17 pro max,SnozZyLozZy,2025-11-03T14:00:37,4,0.7,iphone,https://www.reddit.com/r/iphone/comments/1onci9u/flickering_issue_on_iphone_17_pro_max/,https://www.reddit.com/gallery/1onci9u
1on7al5,My iPhone 17 Pro Max has very disappointing video quality — is it defective?,WaverBoy87,2025-11-03T09:27:05,0,0.31,iphone,https://www.reddit.com/r/iphone/comments/1on7al5/my_iphone_17_pro_max_has_very_disappointing_video/,https://www.reddit.com/r/iphone/comments/1on7al5/my_iphone_17_pro_max_has_very_disappointing_video/
1ompf4u,More iPhone 18 leaks needs who know it?,GlorWT,2025-11-02T18:50:17,0,0.14,iphone,https://www.reddit.com/r/iphone/comments/1ompf4u/more_iphone_18_leaks_needs_who_know_it/,https://www.reddit.com/r/iphone/comments/1ompf4u/more_iphone_18_leaks_needs_who_know_it/
1omoep2,Need help with picking a mask for iPhone 17 pro max.,stormine_dragon,2025-11-02T18:10:47,5,0.78,iphone,https://www.reddit.com/r/iphone/comments/1omoep2/need_help_with_picking_a_mask_for_iphone_17_pro/,https://www.reddit.com/gallery/1omoep2
1omnwhb,Why is the photo only 36 MP?,GuntherOfGunth,2025-11-02T17:50:57,3,0.62,iphone,https://www.reddit.com/r/iphone/comments/1omnwhb/why_is_the_photo_only_36_mp/,https://i.redd.it/9557amnetvyf1.jpeg
1ommjkp,iPhone 17 Pro Max Stuck on Wi-Fi Setup After iOS 26.0.1 Update,ideal89,2025-11-02T16:58:45,2,0.75,iphone,https://www.reddit.com/r/iphone/comments/1ommjkp/iphone_17_pro_max_stuck_on_wifi_setup_after_ios/,/r/ios/comments/1omedpq/iphone_17_pro_max_stuck_on_wifi_setup_after_ios/
1omj6qt,Otterbox Defender Pro for iPhone 17 Pro Max review,MagnusAlbusPater,2025-11-02T14:48:57,5,0.78,iphone,https://www.reddit.com/r/iphone/comments/1omj6qt/otterbox_defender_pro_for_iphone_17_pro_max_review/,https://www.reddit.com/r/iphone/comments/1omj6qt/otterbox_defender_pro_for_iphone_17_pro_max_review/
1omb7k5,Does iPhone 17 Pro Max supports 8K recording?,Questrade-Offers,2025-11-02T07:28:57,0,0.2,iphone,https://www.reddit.com/r/iphone/comments/1omb7k5/does_iphone_17_pro_max_supports_8k_recording/,https://www.reddit.com/r/iphone/comments/1omb7k5/does_iphone_17_pro_max_supports_8k_recording/
1om9d21,iPhone charging while connected to a USB-C hub,InTheEndLP,2025-11-02T05:31:40,0,0.33,iphone,https://www.reddit.com/r/iphone/comments/1om9d21/iphone_charging_while_connected_to_a_usbc_hub/,https://www.reddit.com/r/iphone/comments/1om9d21/iphone_charging_while_connected_to_a_usbc_hub/
1png06u,Touch up marker for iPhone 17 Pro cosmic orange?,erack,2025-12-15T19:06:48,760,0.91,iphone,https://www.reddit.com/r/iphone/comments/1png06u/touch_up_marker_for_iphone_17_pro_cosmic_orange/,https://i.redd.it/v72tfaw42f7g1.jpeg
1pnfqsz,iPhone 17 Upgrade,wzrdnathan,2025-12-15T18:57:26,1,1,iphone,https://www.reddit.com/r/iphone/comments/1pnfqsz/iphone_17_upgrade/,https://www.reddit.com/r/iphone/comments/1pnfqsz/iphone_17_upgrade/
1pnfinb,iPhone 17 pro haptic and keyboard clicks too low,Hour_Box_7879,2025-12-15T18:49:04,0,0.33,iphone,https://www.reddit.com/r/iphone/comments/1pnfinb/iphone_17_pro_haptic_and_keyboard_clicks_too_low/,https://www.reddit.com/r/iphone/comments/1pnfinb/iphone_17_pro_haptic_and_keyboard_clicks_too_low/
1pn86tj,iPhone 17 pro weird camera bug,Liavskii,2025-12-15T14:06:15,0,0.5,iphone,https://www.reddit.com/r/iphone/comments/1pn86tj/iphone_17_pro_weird_camera_bug/,https://www.reddit.com/r/iphone/comments/1pn86tj/iphone_17_pro_weird_camera_bug/
1pn6vd7,Adaptive Power,_anupamroy,2025-12-15T13:05:53,9,0.86,iphone,https://www.reddit.com/r/iphone/comments/1pn6vd7/adaptive_power/,https://www.reddit.com/r/iphone/comments/1pn6vd7/adaptive_power/
1pn286e,Apple Intelligence size,Wolf_Particular,2025-12-15T08:17:26,427,0.98,iphone,https://www.reddit.com/r/iphone/comments/1pn286e/apple_intelligence_size/,https://i.redd.it/erhq0p1aub7g1.jpeg
1pmvpme,Animation Speed on iPhones in 2025 is just TOO DARN SLOW!,bomzisss,2025-12-15T02:10:09,0,0.4,iphone,https://www.reddit.com/r/iphone/comments/1pmvpme/animation_speed_on_iphones_in_2025_is_just_too/,https://www.reddit.com/r/iphone/comments/1pmvpme/animation_speed_on_iphones_in_2025_is_just_too/
1pmv91z,Just got the iPhone 17 pro any thing I should do first?,RoyalVacation8067,2025-12-15T01:48:11,18,0.7,iphone,https://www.reddit.com/r/iphone/comments/1pmv91z/just_got_the_iphone_17_pro_any_thing_i_should_do/,https://www.reddit.com/r/iphone/comments/1pmv91z/just_got_the_iphone_17_pro_any_thing_i_should_do/
1pmqg09,iPhone 17 Camera flipping,Durr-e-Shehwar,2025-12-14T22:06:08,1,0.67,iphone,https://www.reddit.com/r/iphone/comments/1pmqg09/iphone_17_camera_flipping/,https://www.reddit.com/r/iphone/comments/1pmqg09/iphone_17_camera_flipping/
1pmlbdl,Anyone know why my phone does this?,CheesecakeNew8612,2025-12-14T18:35:17,0,0.5,iphone,https://www.reddit.com/r/iphone/comments/1pmlbdl/anyone_know_why_my_phone_does_this/,https://i.redd.it/1t3g48elr77g1.jpeg
1pmdgu5,Is anyone experiencing like this too??,minkyu1u,2025-12-14T12:58:20,5,0.78,iphone,https://www.reddit.com/r/iphone/comments/1pmdgu5/is_anyone_experiencing_like_this_too/,https://i.redd.it/9r97y3ch367g1.jpeg
1pmcckz,Transparent white iPhone case,IntrepidAstronomer30,2025-12-14T11:54:32,0,0.2,iphone,https://www.reddit.com/r/iphone/comments/1pmcckz/transparent_white_iphone_case/,https://www.reddit.com/r/iphone/comments/1pmcckz/transparent_white_iphone_case/
1pm0h86,iOS 26.2 still has not fixed iPhone 17 Pro WiFi problems,NotOptimal8733,2025-12-14T00:29:01,0,0.5,iphone,https://www.reddit.com/r/iphone/comments/1pm0h86/ios_262_still_has_not_fixed_iphone_17_pro_wifi/,https://www.reddit.com/r/iphone/comments/1pm0h86/ios_262_still_has_not_fixed_iphone_17_pro_wifi/
1pm0bxg,Looking for sticky/grippy case for iPhone 17(like the old Speck Grip),momtocando,2025-12-14T00:22:06,0,0.4,iphone,https://www.reddit.com/r/iphone/comments/1pm0bxg/looking_for_stickygrippy_case_for_iphone_17like/,https://www.reddit.com/r/iphone/comments/1pm0bxg/looking_for_stickygrippy_case_for_iphone_17like/
1plx7b6,"iPhone 17 ProMotion (120 Hz), but limited to 80 Hz while scrolling?",Overall_Dealer4630,2025-12-13T21:57:51,80,0.82,iphone,https://www.reddit.com/r/iphone/comments/1plx7b6/iphone_17_promotion_120_hz_but_limited_to_80_hz/,https://www.reddit.com/r/iphone/comments/1plx7b6/iphone_17_promotion_120_hz_but_limited_to_80_hz/
1plx27s,Does the clear Apple case even have good protection?,Ferocious_Cat23,2025-12-13T21:51:50,0,0.5,iphone,https://www.reddit.com/r/iphone/comments/1plx27s/does_the_clear_apple_case_even_have_good/,https://www.reddit.com/r/iphone/comments/1plx27s/does_the_clear_apple_case_even_have_good/
1pltht2,iPhone 17 problems,Icy_Put5599,2025-12-13T19:16:50,1,0.67,iphone,https://www.reddit.com/r/iphone/comments/1pltht2/iphone_17_problems/,https://www.reddit.com/r/iphone/comments/1pltht2/iphone_17_problems/
1ploixh,Do you also Often Get ''Trapped'' into random apps/menus without understanding how to go Back?,bomzisss,2025-12-13T15:51:17,0,0.2,iphone,https://www.reddit.com/r/iphone/comments/1ploixh/do_you_also_often_get_trapped_into_random/,https://www.reddit.com/r/iphone/comments/1ploixh/do_you_also_often_get_trapped_into_random/
1plmawu,"iOS 26.2 on iPhone 17 , 3 hours after an update",French______Fries,2025-12-13T14:12:29,35,0.86,iphone,https://www.reddit.com/r/iphone/comments/1plmawu/ios_262_on_iphone_17_3_hours_after_an_update/,https://www.reddit.com/r/iphone/comments/1plmawu/ios_262_on_iphone_17_3_hours_after_an_update/
1plk9rl,Is This a good acessory?,googol_r,2025-12-13T12:29:16,5,0.86,iphone,https://www.reddit.com/r/iphone/comments/1plk9rl/is_this_a_good_acessory/,https://www.reddit.com/r/iphone/comments/1plk9rl/is_this_a_good_acessory/
1plinya,Debating returning my 17 and returning to my SE,Minimum-Brilliant,2025-12-13T10:49:38,0,0.27,iphone,https://www.reddit.com/r/iphone/comments/1plinya/debating_returning_my_17_and_returning_to_my_se/,https://www.reddit.com/r/iphone/comments/1plinya/debating_returning_my_17_and_returning_to_my_se/
1plhzmq,"I can’t stop thinking—did I make the right decision choosing the iPhone 17 (base) over the iPhone 16 Pro? The price difference between them is $230, with the 16 Pro being more expensive.",thefreshprinceof1,2025-12-13T10:04:54,0,0.11,iphone,https://www.reddit.com/r/iphone/comments/1plhzmq/i_cant_stop_thinkingdid_i_make_the_right_decision/,https://www.reddit.com/r/iphone/comments/1plhzmq/i_cant_stop_thinkingdid_i_make_the_right_decision/
1plho9y,That pastel green Apple case looked cute… until hiking ruined it. Any rugged case recs?,Parking_Writer6719,2025-12-13T09:43:51,1,0.67,iphone,https://www.reddit.com/r/iphone/comments/1plho9y/that_pastel_green_apple_case_looked_cute_until/,https://www.reddit.com/r/iphone/comments/1plho9y/that_pastel_green_apple_case_looked_cute_until/
1plhbsf,iPhone 17 issues,Gold_Ad9639,2025-12-13T09:20:34,0,0.5,iphone,https://www.reddit.com/r/iphone/comments/1plhbsf/iphone_17_issues/,https://www.reddit.com/r/iphone/comments/1plhbsf/iphone_17_issues/
1plg3ku,My SIM won’t recognize on my iPhone 17,Xaviorrlmao,2025-12-13T07:58:00,12,0.88,iphone,https://www.reddit.com/r/iphone/comments/1plg3ku/my_sim_wont_recognize_on_my_iphone_17/,https://i.redd.it/i0yh6fmzgx6g1.jpeg
1pl7j0y,iPhone 17 Pro camera doesn’t play around,SkirtNo5644,2025-12-13T00:16:10,24,0.9,iphone,https://www.reddit.com/r/iphone/comments/1pl7j0y/iphone_17_pro_camera_doesnt_play_around/,https://i.redd.it/6n5fx8dl6v6g1.jpeg
1pl775o,imperfection,Chanti36,2025-12-13T00:00:48,0,0.21,iphone,https://www.reddit.com/r/iphone/comments/1pl775o/imperfection/,https://i.redd.it/hlml4blu3v6g1.jpeg
1pkz8w1,Bad iPhone 17 Beats MagSafe Case coating,Ok_Prompt_6692,2025-12-12T18:25:50,2,0.67,iphone,https://www.reddit.com/r/iphone/comments/1pkz8w1/bad_iphone_17_beats_magsafe_case_coating/,https://www.reddit.com/gallery/1pkz8w1
1pkx8mv,iPhone 17 pro 2 esims (LL/A) : strange eids,hoaknoppix,2025-12-12T17:07:30,0,0.5,iphone,https://www.reddit.com/r/iphone/comments/1pkx8mv/iphone_17_pro_2_esims_lla_strange_eids/,https://www.reddit.com/r/iphone/comments/1pkx8mv/iphone_17_pro_2_esims_lla_strange_eids/
1pkv40n,I downgraded from a 17PM to a base 17,OtterlyDeplorable,2025-12-12T15:44:02,0,0.46,iphone,https://www.reddit.com/r/iphone/comments/1pkv40n/i_downgraded_from_a_17pm_to_a_base_17/,https://www.reddit.com/r/iphone/comments/1pkv40n/i_downgraded_from_a_17pm_to_a_base_17/
1pkrrwm,Can i get a screen protector compatible with 17 Pro for my 17?,Byneee,2025-12-12T13:23:45,0,0.25,iphone,https://www.reddit.com/r/iphone/comments/1pkrrwm/can_i_get_a_screen_protector_compatible_with_17/,https://www.reddit.com/r/iphone/comments/1pkrrwm/can_i_get_a_screen_protector_compatible_with_17/
1pkpvat,WhatsApp lagging on iPhone after iOS ↔ Android transfer using Tenorshare (persists across new iPhones),OmarJr7,2025-12-12T11:44:59,1,0.67,iphone,https://www.reddit.com/r/iphone/comments/1pkpvat/whatsapp_lagging_on_iphone_after_ios_android/,https://www.reddit.com/r/iphone/comments/1pkpvat/whatsapp_lagging_on_iphone_after_ios_android/
1pkkh1l,iPhone 17 pro DAC issues,Despisethesun666,2025-12-12T06:00:15,0,0.33,iphone,https://www.reddit.com/r/iphone/comments/1pkkh1l/iphone_17_pro_dac_issues/,https://www.reddit.com/r/iphone/comments/1pkkh1l/iphone_17_pro_dac_issues/
1pkddr3,"New phone, but there's 2,844 photos/videos on Windows PC that needs transferred to iPhone 17",Maximum-Daikon1607,2025-12-12T00:13:32,0,0.33,iphone,https://www.reddit.com/r/iphone/comments/1pkddr3/new_phone_but_theres_2844_photosvideos_on_windows/,/r/ios/comments/1pkddbs/new_phone_but_theres_2844_photosvideos_on_windows/
1pk6kbn,Seeking video format recommendations for recording wife's concert,SirKronan,2025-12-11T19:29:33,1,0.6,iphone,https://www.reddit.com/r/iphone/comments/1pk6kbn/seeking_video_format_recommendations_for/,https://www.reddit.com/r/iphone/comments/1pk6kbn/seeking_video_format_recommendations_for/
1pk201d,Looking for easy on/off filter holder for iPhone 17 Pro which doesn't need dedicated case,srm39,2025-12-11T16:33:39,1,0.67,iphone,https://www.reddit.com/r/iphone/comments/1pk201d/looking_for_easy_onoff_filter_holder_for_iphone/,https://www.reddit.com/r/iphone/comments/1pk201d/looking_for_easy_onoff_filter_holder_for_iphone/
1pjxd23,Is this normal? (iPhone 17),ibloodylovecider,2025-12-11T13:21:11,0,0.5,iphone,https://www.reddit.com/r/iphone/comments/1pjxd23/is_this_normal_iphone_17/,https://www.reddit.com/r/iphone/comments/1pjxd23/is_this_normal_iphone_17/
1pjpdi7,iPhone 17 Pro - Camera glitch?,CompetitionNarrow924,2025-12-11T05:17:46,1,0.6,iphone,https://www.reddit.com/r/iphone/comments/1pjpdi7/iphone_17_pro_camera_glitch/,https://www.reddit.com/r/iphone/comments/1pjpdi7/iphone_17_pro_camera_glitch/
1pjn8ke,iPhone 17 Pro - Multiple Display Manufacturers?,aholeinthewor1d,2025-12-11T03:26:50,0,0.25,iphone,https://www.reddit.com/r/iphone/comments/1pjn8ke/iphone_17_pro_multiple_display_manufacturers/,https://www.reddit.com/r/iphone/comments/1pjn8ke/iphone_17_pro_multiple_display_manufacturers/
1pjn529,Weird iPhone 17 Glitch,WhyYuSoFat,2025-12-11T03:22:01,0,0.4,iphone,https://www.reddit.com/r/iphone/comments/1pjn529/weird_iphone_17_glitch/,https://i.redd.it/j0n7kojxth6g1.jpeg
1pjldwb,Phone shuts off completely when on FaceTime,ranpuppy,2025-12-11T01:58:45,3,0.67,iphone,https://www.reddit.com/r/iphone/comments/1pjldwb/phone_shuts_off_completely_when_on_facetime/,https://www.reddit.com/r/iphone/comments/1pjldwb/phone_shuts_off_completely_when_on_facetime/
1pjk9r5,Why does this keep happening when I try to search for things using the google search app on my iPhone 17?,Sea_Particular_2503,2025-12-11T01:06:36,0,0.4,iphone,https://www.reddit.com/r/iphone/comments/1pjk9r5/why_does_this_keep_happening_when_i_try_to_search/,https://i.redd.it/shr8gy75tg6g1.jpeg
1pjj0li,How do you use DNS services like adguard and nextdns,Nascarthemaster12,2025-12-11T00:09:30,0,0.5,iphone,https://www.reddit.com/r/iphone/comments/1pjj0li/how_do_you_use_dns_services_like_adguard_and/,https://www.reddit.com/r/iphone/comments/1pjj0li/how_do_you_use_dns_services_like_adguard_and/
1pj6xvx,"Why Can My Mac Make Calls Through My iPhone, but My Other iPhone Can’t?",hpapagaj,2025-12-10T16:25:23,0,0.5,iphone,https://www.reddit.com/r/iphone/comments/1pj6xvx/why_can_my_mac_make_calls_through_my_iphone_but/,https://www.reddit.com/r/iphone/comments/1pj6xvx/why_can_my_mac_make_calls_through_my_iphone_but/
1pj57c3,Should I get apple care?,Key_Past_5864,2025-12-10T15:18:48,1,0.6,iphone,https://www.reddit.com/r/iphone/comments/1pj57c3/should_i_get_apple_care/,https://www.reddit.com/r/iphone/comments/1pj57c3/should_i_get_apple_care/
1pixjhc,Contacts,Tacopromqueen,2025-12-10T08:34:37,1,0.67,iphone,https://www.reddit.com/r/iphone/comments/1pixjhc/contacts/,https://www.reddit.com/r/iphone/comments/1pixjhc/contacts/
1piofa4,Do you put ' camera lens frame glass' on your iPhone 17 Pro back cameras?,Squall_j1,2025-12-10T00:38:07,0,0.2,iphone,https://www.reddit.com/r/iphone/comments/1piofa4/do_you_put_camera_lens_frame_glass_on_your_iphone/,https://www.reddit.com/r/iphone/comments/1piofa4/do_you_put_camera_lens_frame_glass_on_your_iphone/
1pinh9t,My Issue stumped my local Genius Bar,thesk8rguitarist,2025-12-09T23:57:16,13,0.93,iphone,https://www.reddit.com/r/iphone/comments/1pinh9t/my_issue_stumped_my_local_genius_bar/,https://www.reddit.com/r/iphone/comments/1pinh9t/my_issue_stumped_my_local_genius_bar/
1pijfd1,New iPhone and new provider-iMessage issues,Extension-Fault8912,2025-12-09T21:11:34,0,0.5,iphone,https://www.reddit.com/r/iphone/comments/1pijfd1/new_iphone_and_new_providerimessage_issues/,https://www.reddit.com/r/iphone/comments/1pijfd1/new_iphone_and_new_providerimessage_issues/
1pi995i,Does the iPhone 17 Pro & iPhone 17 have long-exposure camera feature this late 2025?,Josephjoker,2025-12-09T14:46:56,1,0.67,iphone,https://www.reddit.com/r/iphone/comments/1pi995i/does_the_iphone_17_pro_iphone_17_have/,https://www.reddit.com/r/iphone/comments/1pi995i/does_the_iphone_17_pro_iphone_17_have/
1pi8hz6,Echo while listening to podcasts and audiobooks on iPhone 17 via Bluetooth,Salty-Bodybuilder-62,2025-12-09T14:15:26,2,1,iphone,https://www.reddit.com/r/iphone/comments/1pi8hz6/echo_while_listening_to_podcasts_and_audiobooks/,https://www.reddit.com/r/iphone/comments/1pi8hz6/echo_while_listening_to_podcasts_and_audiobooks/
1pi7wo1,Has anybody ever had this blinking blue speck of light suddenly appear on their iPhone 17 base model?,Dizzy-Seaweed5067,2025-12-09T13:50:13,0,0.5,iphone,https://www.reddit.com/r/iphone/comments/1pi7wo1/has_anybody_ever_had_this_blinking_blue_speck_of/,https://i.redd.it/l2ipwoj6o66g1.jpeg
1pi7dcw,How do you clean iPhone 17 silicone case?,JustCan6425,2025-12-09T13:26:42,0,0.5,iphone,https://www.reddit.com/r/iphone/comments/1pi7dcw/how_do_you_clean_iphone_17_silicone_case/,https://www.reddit.com/r/iphone/comments/1pi7dcw/how_do_you_clean_iphone_17_silicone_case/
1pi3pgo,Typing on iPhone 17 Pro Causes Screen to Jump to the Top of the Text Instead of What I’m Typing. Help!,ICommited50WarCrimes,2025-12-09T10:03:45,3,1,iphone,https://www.reddit.com/r/iphone/comments/1pi3pgo/typing_on_iphone_17_pro_causes_screen_to_jump_to/,https://www.reddit.com/r/iphone/comments/1pi3pgo/typing_on_iphone_17_pro_causes_screen_to_jump_to/
1pi31ul,iPhone 17 compatibility with usbc dac,Ster_Wers12,2025-12-09T09:20:46,2,1,iphone,https://www.reddit.com/r/iphone/comments/1pi31ul/iphone_17_compatibility_with_usbc_dac/,https://www.reddit.com/r/iphone/comments/1pi31ul/iphone_17_compatibility_with_usbc_dac/
1pi0rjx,Do you think launching the plus model for the iPhone 17 would’ve been better than the Air ?,IntelligentMany7049,2025-12-09T06:48:28,6,0.8,iphone,https://www.reddit.com/r/iphone/comments/1pi0rjx/do_you_think_launching_the_plus_model_for_the/,https://www.reddit.com/r/iphone/comments/1pi0rjx/do_you_think_launching_the_plus_model_for_the/
1phywip,Shazam not leaving dynamic island?,Frequent_Fig602,2025-12-09T04:59:50,2,0.75,iphone,https://www.reddit.com/r/iphone/comments/1phywip/shazam_not_leaving_dynamic_island/,https://www.reddit.com/gallery/1phywip
1phwo1s,"PSA: If your iPhone 17 / 17 Pro / 17 Pro Max screen protectors won’t stick on the edges, PLEASE report it to Apple.",spritznspaghetti,2025-12-09T03:03:50,183,0.8,iphone,https://www.reddit.com/r/iphone/comments/1phwo1s/psa_if_your_iphone_17_17_pro_17_pro_max_screen/,https://www.reddit.com/r/iphone/comments/1phwo1s/psa_if_your_iphone_17_17_pro_17_pro_max_screen/
1phros9,"iPhone won’t turn back on — no charging icon, forced restart didn’t work. Any solutions?",More_Dot_2913,2025-12-08T23:19:18,0,0.5,iphone,https://www.reddit.com/r/iphone/comments/1phros9/iphone_wont_turn_back_on_no_charging_icon_forced/,https://www.reddit.com/r/iphone/comments/1phros9/iphone_wont_turn_back_on_no_charging_icon_forced/
1phq1uw,How to see which number sent a text,L0LTHED0G,2025-12-08T22:12:48,0,0.5,iphone,https://www.reddit.com/r/iphone/comments/1phq1uw/how_to_see_which_number_sent_a_text/,https://www.reddit.com/r/iphone/comments/1phq1uw/how_to_see_which_number_sent_a_text/
1phg8lh,Did I make the wrong choice between the iPhone Pro and Pro Max?,0120192,2025-12-08T16:04:15,0,0.4,iphone,https://www.reddit.com/r/iphone/comments/1phg8lh/did_i_make_the_wrong_choice_between_the_iphone/,https://www.reddit.com/r/iphone/comments/1phg8lh/did_i_make_the_wrong_choice_between_the_iphone/
1phftd8,How to remove iPad as an option for speaker phone???,Fizzmynizz,2025-12-08T15:48:39,3,0.8,iphone,https://www.reddit.com/r/iphone/comments/1phftd8/how_to_remove_ipad_as_an_option_for_speaker_phone/,https://www.reddit.com/r/iphone/comments/1phftd8/how_to_remove_ipad_as_an_option_for_speaker_phone/
1phdarx,Video recorded in 60 fps plays at 30 fps,pawel9414,2025-12-08T14:08:28,0,0.5,iphone,https://www.reddit.com/r/iphone/comments/1phdarx/video_recorded_in_60_fps_plays_at_30_fps/,https://www.reddit.com/r/iphone/comments/1phdarx/video_recorded_in_60_fps_plays_at_30_fps/
1pgz8zf,Looking for a new iPhone 17 Pro case,Luthfur93,2025-12-08T01:13:39,0,0.25,iphone,https://www.reddit.com/r/iphone/comments/1pgz8zf/looking_for_a_new_iphone_17_pro_case/,https://www.reddit.com/r/iphone/comments/1pgz8zf/looking_for_a_new_iphone_17_pro_case/
1pgtjpl,iPhone 16 Pro Max or iPhone 17 (base)? Similar price — which one is more worth it?,Hot_Summer_1581,2025-12-07T21:03:49,1,0.57,iphone,https://www.reddit.com/r/iphone/comments/1pgtjpl/iphone_16_pro_max_or_iphone_17_base_similar_price/,https://www.reddit.com/r/iphone/comments/1pgtjpl/iphone_16_pro_max_or_iphone_17_base_similar_price/
1pgtdk0,Phone case for iPhone 17 not pro for someone who destroys phones,Due_Vegetable_2023,2025-12-07T20:57:02,0,0.4,iphone,https://www.reddit.com/r/iphone/comments/1pgtdk0/phone_case_for_iphone_17_not_pro_for_someone_who/,https://www.reddit.com/r/iphone/comments/1pgtdk0/phone_case_for_iphone_17_not_pro_for_someone_who/
1pgos1k,"got into an accident on the road today, will AppleCare fix my screen and frame? (iPhone 17 Pro)",theactualsettingsapp,2025-12-07T17:58:03,0,0.35,iphone,https://www.reddit.com/r/iphone/comments/1pgos1k/got_into_an_accident_on_the_road_today_will/,https://www.reddit.com/gallery/1pgos1k
1pglvc4,iPhone 17 pro condensation in camera (Mind you this was brand new?!?),Professional_Air3892,2025-12-07T16:01:01,0,0.25,iphone,https://www.reddit.com/r/iphone/comments/1pglvc4/iphone_17_pro_condensation_in_camera_mind_you/,https://i.redd.it/d7ypl36p1t5g1.jpeg
1pgkuy8,iPhone 17 pro 1TB and I am somehow not enjoying the post processing of photos? Somehow the quality seems to drop drastically after it has been processed,Maleficent-Will7614,2025-12-07T15:20:10,0,0.33,iphone,https://www.reddit.com/r/iphone/comments/1pgkuy8/iphone_17_pro_1tb_and_i_am_somehow_not_enjoying/,https://www.reddit.com/r/iphone/comments/1pgkuy8/iphone_17_pro_1tb_and_i_am_somehow_not_enjoying/
1pgg4lr,Is this going to be a problem?,Sararvey,2025-12-07T11:24:11,0,0.29,iphone,https://www.reddit.com/r/iphone/comments/1pgg4lr/is_this_going_to_be_a_problem/,https://www.reddit.com/gallery/1pgg4lr
1pgg05f,Just switched to iPhone 17 after 12 years on Nexus and Pixel phones; here’s what I think!,Diakia,2025-12-07T11:16:12,120,0.85,iphone,https://www.reddit.com/r/iphone/comments/1pgg05f/just_switched_to_iphone_17_after_12_years_on/,https://www.reddit.com/r/iphone/comments/1pgg05f/just_switched_to_iphone_17_after_12_years_on/
1pg708o,Thoughts on iPhone 17 pro/pro max?,ccallisonn,2025-12-07T02:30:18,2,0.57,iphone,https://www.reddit.com/r/iphone/comments/1pg708o/thoughts_on_iphone_17_propro_max/,https://www.reddit.com/r/iphone/comments/1pg708o/thoughts_on_iphone_17_propro_max/
1pg3aq6,Is My iPhone 17 Defective or Is This Normal?,daMMiT_cArl_,2025-12-06T23:31:10,0,0.25,iphone,https://www.reddit.com/r/iphone/comments/1pg3aq6/is_my_iphone_17_defective_or_is_this_normal/,https://www.reddit.com/r/iphone/comments/1pg3aq6/is_my_iphone_17_defective_or_is_this_normal/
1pg1onq,Is this a problem with my phone or is this normal? (iPhone 17 pro),dannn02,2025-12-06T22:18:46,0,0.5,iphone,https://www.reddit.com/r/iphone/comments/1pg1onq/is_this_a_problem_with_my_phone_or_is_this_normal/,/r/iPhone17Pro/comments/1pg1oej/is_this_a_problem_with_my_phone_or_is_this_normal/
1pg0rff,Looking for a phone case like this $30 is too much. 😅,ProfessionalPack2052,2025-12-06T21:38:37,0,0.25,iphone,https://www.reddit.com/r/iphone/comments/1pg0rff/looking_for_a_phone_case_like_this_30_is_too_much/,https://i.redd.it/oc4rn2h0ln5g1.jpeg
1pfwp58,iPhone has issues with AirPods,phruty,2025-12-06T18:46:26,2,1,iphone,https://www.reddit.com/r/iphone/comments/1pfwp58/iphone_has_issues_with_airpods/,https://www.reddit.com/r/iphone/comments/1pfwp58/iphone_has_issues_with_airpods/
1pfslkd,Lags & stutters on brand new iPhone 17,brijeshgohil,2025-12-06T15:57:53,1,0.67,iphone,https://www.reddit.com/r/iphone/comments/1pfslkd/lags_stutters_on_brand_new_iphone_17/,https://www.reddit.com/r/iphone/comments/1pfslkd/lags_stutters_on_brand_new_iphone_17/
1pfrt9z,MagSafe case and wallet,AloneReputation511,2025-12-06T15:23:36,0,0.25,iphone,https://www.reddit.com/r/iphone/comments/1pfrt9z/magsafe_case_and_wallet/,https://www.reddit.com/r/iphone/comments/1pfrt9z/magsafe_case_and_wallet/
1pfrcik,iPhone 17 Zoom Performance?,GC734,2025-12-06T15:02:51,2,0.75,iphone,https://www.reddit.com/r/iphone/comments/1pfrcik/iphone_17_zoom_performance/,https://www.reddit.com/r/iphone/comments/1pfrcik/iphone_17_zoom_performance/
1pfqaky,Need advice,InsideTalk9719,2025-12-06T14:14:46,10,1,iphone,https://www.reddit.com/r/iphone/comments/1pfqaky/need_advice/,https://i.redd.it/3vkonyptdl5g1.jpeg
1pfnh76,iPhone 17 delayed notifications,ordi_nary,2025-12-06T11:48:45,0,0.5,iphone,https://www.reddit.com/r/iphone/comments/1pfnh76/iphone_17_delayed_notifications/,https://www.reddit.com/r/iphone/comments/1pfnh76/iphone_17_delayed_notifications/
1pfiq01,Backup,skkummyy,2025-12-06T06:47:33,1,1,iphone,https://www.reddit.com/r/iphone/comments/1pfiq01/backup/,https://www.reddit.com/r/iphone/comments/1pfiq01/backup/
1pfiphm,iCloud Recovery,skkummyy,2025-12-06T06:46:42,0,0.33,iphone,https://www.reddit.com/r/iphone/comments/1pfiphm/icloud_recovery/,https://www.reddit.com/r/iphone/comments/1pfiphm/icloud_recovery/
1pfag2w,„dark mode“ possible on iOS 26 like it was on iOS 18?,krzfx666,2025-12-05T23:43:27,0,0.43,iphone,https://www.reddit.com/r/iphone/comments/1pfag2w/dark_mode_possible_on_ios_26_like_it_was_on_ios_18/,https://www.reddit.com/gallery/1pfag2w
1pf9a99,If you had only 1 wish for your iPhone Air,Ok_Refrigerator_1908,2025-12-05T22:52:44,294,0.91,iphone,https://www.reddit.com/r/iphone/comments/1pf9a99/if_you_had_only_1_wish_for_your_iphone_air/,https://i.redd.it/2jhsiupbtg5g1.jpeg
1pf4hf8,Apple MFi Certified Lightning Drive,tiagogmc,2025-12-05T19:37:55,3,1,iphone,https://www.reddit.com/r/iphone/comments/1pf4hf8/apple_mfi_certified_lightning_drive/,https://www.reddit.com/r/iphone/comments/1pf4hf8/apple_mfi_certified_lightning_drive/
1pf2avj,I can only add 1 row of widgets on iPhone 17 Pro?,foira,2025-12-05T18:12:59,1,1,iphone,https://www.reddit.com/r/iphone/comments/1pf2avj/i_can_only_add_1_row_of_widgets_on_iphone_17_pro/,https://www.reddit.com/r/iphone/comments/1pf2avj/i_can_only_add_1_row_of_widgets_on_iphone_17_pro/
1pf1c3n,iPhone 17 Dark Text,Middle_Nebula9316,2025-12-05T17:36:40,1,1,iphone,https://www.reddit.com/r/iphone/comments/1pf1c3n/iphone_17_dark_text/,https://www.reddit.com/r/iphone/comments/1pf1c3n/iphone_17_dark_text/
1pexwy1,My first iPhone with 120hz is less smooth than my old OnePlus?,4862skrrt2684,2025-12-05T15:26:07,2,0.53,iphone,https://www.reddit.com/r/iphone/comments/1pexwy1/my_first_iphone_with_120hz_is_less_smooth_than_my/,https://www.reddit.com/r/iphone/comments/1pexwy1/my_first_iphone_with_120hz_is_less_smooth_than_my/
1pexjhq,iOS 26 update experience,According_Ice6515,2025-12-05T15:11:27,3,0.59,iphone,https://www.reddit.com/r/iphone/comments/1pexjhq/ios_26_update_experience/,https://www.reddit.com/r/iphone/comments/1pexjhq/ios_26_update_experience/
1peu0rb,Screen above the notch is unusable?,TranceGrrrl,2025-12-05T12:38:55,0,0.5,iphone,https://www.reddit.com/r/iphone/comments/1peu0rb/screen_above_the_notch_is_unusable/,https://www.reddit.com/r/iphone/comments/1peu0rb/screen_above_the_notch_is_unusable/
1pet2p3,iPhone 17 Pro dando choque,Long_Lingonberry1327,2025-12-05T11:50:00,0,0.25,iphone,https://www.reddit.com/r/iphone/comments/1pet2p3/iphone_17_pro_dando_choque/,https://www.reddit.com/r/iphone/comments/1pet2p3/iphone_17_pro_dando_choque/
1per9fl,iPhone 17 models in Australia,EragusTrenzalore,2025-12-05T10:00:26,2,0.57,iphone,https://www.reddit.com/r/iphone/comments/1per9fl/iphone_17_models_in_australia/,https://www.reddit.com/r/iphone/comments/1per9fl/iphone_17_models_in_australia/
1peoso0,"I have been thinking about which iPhone 17 color to get and I like the black but I noticed that it has way too many scratches in the Apple Store. For the people who purchased it, does the back have any scratches or is it just from the MagSafe charger?",Remote_Discussion251,2025-12-05T07:19:11,0,0.5,iphone,https://www.reddit.com/r/iphone/comments/1peoso0/i_have_been_thinking_about_which_iphone_17_color/,https://www.reddit.com/r/iphone/comments/1peoso0/i_have_been_thinking_about_which_iphone_17_color/
1peia7b,iPhone 17 Camera,Appropriate_Put_4135,2025-12-05T01:39:47,2,0.75,iphone,https://www.reddit.com/r/iphone/comments/1peia7b/iphone_17_camera/,https://www.reddit.com/r/iphone/comments/1peia7b/iphone_17_camera/
1pdm1d8,How to start new phone without transferring ALL DATA,tooatee,2025-12-04T00:53:00,1,0.6,iphone,https://www.reddit.com/r/iphone/comments/1pdm1d8/how_to_start_new_phone_without_transferring_all/,https://www.reddit.com/r/iphone/comments/1pdm1d8/how_to_start_new_phone_without_transferring_all/
1pdknb7,"The iPhone 17 Pro lost a key feature in the Camera app, and users are upset",funlifing,2025-12-03T23:52:30,5,0.61,iphone,https://www.reddit.com/r/iphone/comments/1pdknb7/the_iphone_17_pro_lost_a_key_feature_in_the/,https://www.macworld.com/article/2999198/the-iphone-17-pro-lost-a-key-feature-in-the-camera-app-and-users-are-upset.html
1pdicl6,How can I unblur the top part of my iMessage.,ypath2,2025-12-03T22:17:54,2,0.55,iphone,https://www.reddit.com/r/iphone/comments/1pdicl6/how_can_i_unblur_the_top_part_of_my_imessage/,https://i.redd.it/ovuxhpiad25g1.jpeg
1pdhzye,What’s the best fully enclosed phone case with a built-in screen protector for the iPhone 17?,Funky_Monkey615,2025-12-03T22:04:13,0,0.5,iphone,https://www.reddit.com/r/iphone/comments/1pdhzye/whats_the_best_fully_enclosed_phone_case_with_a/,/r/Smartphones/comments/1pdhz4e/whats_the_best_fully_enclosed_phone_case_with_a/
1pdf3ry,Does the iPhone 17 line have a curved edge screen?,emubilly,2025-12-03T20:13:19,0,0.36,iphone,https://www.reddit.com/r/iphone/comments/1pdf3ry/does_the_iphone_17_line_have_a_curved_edge_screen/,https://i.redd.it/699nnyx1r15g1.jpeg
1pd8hfu,This sounds ridiculous. But I just upgraded from an iPhone 8 to iPhone 17 Pro.,Aggravating_Eye_8324,2025-12-03T16:14:56,65,0.82,iphone,https://www.reddit.com/r/iphone/comments/1pd8hfu/this_sounds_ridiculous_but_i_just_upgraded_from/,https://www.reddit.com/r/iphone/comments/1pd8hfu/this_sounds_ridiculous_but_i_just_upgraded_from/
1pd7bl8,I want to gift an iPhone 17 Pro or Pro Max to my girlfriend. Which one is better for girls?,Desperate_Abalone202,2025-12-03T15:31:50,0,0.13,iphone,https://www.reddit.com/r/iphone/comments/1pd7bl8/i_want_to_gift_an_iphone_17_pro_or_pro_max_to_my/,https://www.reddit.com/r/iphone/comments/1pd7bl8/i_want_to_gift_an_iphone_17_pro_or_pro_max_to_my/
1pd78m2,Camera won’t focus,Due_Mountain6098,2025-12-03T15:28:48,2,1,iphone,https://www.reddit.com/r/iphone/comments/1pd78m2/camera_wont_focus/,https://www.reddit.com/gallery/1pd78m2
1pd6ngn,Whatsapp lagging,blkz-,2025-12-03T15:06:47,0,0.5,iphone,https://www.reddit.com/r/iphone/comments/1pd6ngn/whatsapp_lagging/,https://www.reddit.com/r/iphone/comments/1pd6ngn/whatsapp_lagging/
1pd0cyy,What are new features that exist in the 17 that aren’t in the 11?,Winnie_The_Pooh_7,2025-12-03T10:06:35,29,0.74,iphone,https://www.reddit.com/r/iphone/comments/1pd0cyy/what_are_new_features_that_exist_in_the_17_that/,https://www.reddit.com/r/iphone/comments/1pd0cyy/what_are_new_features_that_exist_in_the_17_that/
1pcyw1g,Please let me express my frustrations on my stolen iPhone 17 pro,charthye,2025-12-03T08:31:37,0,0.31,iphone,https://www.reddit.com/r/iphone/comments/1pcyw1g/please_let_me_express_my_frustrations_on_my/,https://www.reddit.com/r/iphone/comments/1pcyw1g/please_let_me_express_my_frustrations_on_my/
1pcqqwn,iPhone .MOV files vs. .MP4 playback on PC differences...,HelionPrime16,2025-12-03T01:23:26,0,0.5,iphone,https://www.reddit.com/r/iphone/comments/1pcqqwn/iphone_mov_files_vs_mp4_playback_on_pc_differences/,https://www.reddit.com/r/iphone/comments/1pcqqwn/iphone_mov_files_vs_mp4_playback_on_pc_differences/
1pcp3ws,New iPhone transfer,Mobile_Champion1636,2025-12-03T00:10:40,6,1,iphone,https://www.reddit.com/r/iphone/comments/1pcp3ws/new_iphone_transfer/,https://www.reddit.com/r/iphone/comments/1pcp3ws/new_iphone_transfer/
1pcntt8,The Level feature in iPhone 17 Pro,trjcqs,2025-12-02T23:15:59,3,0.8,iphone,https://www.reddit.com/r/iphone/comments/1pcntt8/the_level_feature_in_iphone_17_pro/,https://www.reddit.com/r/iphone/comments/1pcntt8/the_level_feature_in_iphone_17_pro/
1pclucx,Novelty cases,fairycertain,2025-12-02T21:56:34,4,0.84,iphone,https://www.reddit.com/r/iphone/comments/1pclucx/novelty_cases/,https://www.reddit.com/r/iphone/comments/1pclucx/novelty_cases/
1pcglwr,Time limit and app limit not working simultaneously?,Jo3DP,2025-12-02T18:41:00,1,1,iphone,https://www.reddit.com/r/iphone/comments/1pcglwr/time_limit_and_app_limit_not_working/,https://www.reddit.com/r/iphone/comments/1pcglwr/time_limit_and_app_limit_not_working/
1pcfqxr,iPhone 17 service drops when I make a call,noname422,2025-12-02T18:09:55,1,0.67,iphone,https://www.reddit.com/r/iphone/comments/1pcfqxr/iphone_17_service_drops_when_i_make_a_call/,https://www.reddit.com/gallery/1pcfqxr
1pcfnjo,Has anyone tried an external zoom lens on the iPhone 17 Pro?,Own_Load_3931,2025-12-02T18:06:35,1,1,iphone,https://www.reddit.com/r/iphone/comments/1pcfnjo/has_anyone_tried_an_external_zoom_lens_on_the/,https://www.reddit.com/r/iphone/comments/1pcfnjo/has_anyone_tried_an_external_zoom_lens_on_the/
1pcee8l,iMessage Photo Attachments,Pradbitt7,2025-12-02T17:21:48,1,1,iphone,https://www.reddit.com/r/iphone/comments/1pcee8l/imessage_photo_attachments/,https://www.reddit.com/r/iphone/comments/1pcee8l/imessage_photo_attachments/
1pce1mq,iPhone 17 front camera zoom,Spag--Bol,2025-12-02T17:08:58,0,0.5,iphone,https://www.reddit.com/r/iphone/comments/1pce1mq/iphone_17_front_camera_zoom/,https://www.reddit.com/r/iphone/comments/1pce1mq/iphone_17_front_camera_zoom/
1pcdqs9,scrolling stutter and shaky,Professional-Age1226,2025-12-02T16:58:00,2,1,iphone,https://www.reddit.com/r/iphone/comments/1pcdqs9/scrolling_stutter_and_shaky/,https://www.reddit.com/r/iphone/comments/1pcdqs9/scrolling_stutter_and_shaky/
1pbvvbf,RCS Messaging stuck on Waiting for Activation after upgrade to iPhone 17 Pro,DaisukiNamiNori,2025-12-02T01:57:06,0,0.5,iphone,https://www.reddit.com/r/iphone/comments/1pbvvbf/rcs_messaging_stuck_on_waiting_for_activation/,https://www.reddit.com/r/iphone/comments/1pbvvbf/rcs_messaging_stuck_on_waiting_for_activation/
1pburmv,[iPhone 17 Pro] Screen flickering sometimes when typing on keyboard,Amazing-Pumpkin-4503,2025-12-02T01:07:24,1,1,iphone,https://www.reddit.com/r/iphone/comments/1pburmv/iphone_17_pro_screen_flickering_sometimes_when/,/r/iPhone17Pro/comments/1pbt6oo/iphone_17_pro_screen_flickering_sometimes_when/
1p8jsei,"Honor Magic 8 Ultra to surpass flagships like iPhone 17 Pro Max, Galaxy S25 Ultra and the Pixel 10 Pro XL with monstrous charging capabilities",dapperlemon,2025-11-28T02:43:12,0,0.42,gadgets,https://www.reddit.com/r/gadgets/comments/1p8jsei/honor_magic_8_ultra_to_surpass_flagships_like/,https://www.notebookcheck.net/Honor-Magic-8-Ultra-to-surpass-flagships-like-iPhone-17-Pro-Max-Galaxy-S25-Ultra-and-the-Pixel-10-Pro-XL-with-monstrous-charging-capabilities.1172269.0.html
1oxqq4n,Mophie’s new iPhone 17 battery cases include a slim option for the iPhone Air.,dapperlemon,2025-11-15T12:40:21,0,0.38,gadgets,https://www.reddit.com/r/gadgets/comments/1oxqq4n/mophies_new_iphone_17_battery_cases_include_a/,https://www.theverge.com/news/821136/mophie-juice-pack-battery-case-iphone-17-pro-max-air
1nkv6kn,iPhone 17 Review: The Best iPhone Value in Years,dapperlemon,2025-09-19T05:32:15,0,0.4,gadgets,https://www.reddit.com/r/gadgets/comments/1nkv6kn/iphone_17_review_the_best_iphone_value_in_years/,https://gizmodo.com/iphone-17-review-the-best-iphone-value-in-years-2000661144
1ndxapm,iPhone 17 Pro Hands-On: The Most Un-Jony Ive iPhones Apple Has Ever Made,dapperlemon,2025-09-11T02:29:26,0,0.31,gadgets,https://www.reddit.com/r/gadgets/comments/1ndxapm/iphone_17_pro_handson_the_most_unjony_ive_iphones/,https://gizmodo.com/iphone-17-pro-hands-on-the-most-un-jony-ive-iphones-apple-has-ever-made-2000655964
1ncpo0i,Apple’s iPhone 17 is here,kbgames360,2025-09-09T17:44:53,27,0.66,gadgets,https://www.reddit.com/r/gadgets/comments/1ncpo0i/apples_iphone_17_is_here/,https://www.theverge.com/apple/772543/apple-iphone-17-launch-price-availability
1i7e1tt,Nexus 6P design could make a comeback as... the iPhone 17 Air?! | A newly leaked image provides the best look yet at what might be the iPhone 17 Air.,a_Ninja_b0y,2025-01-22T15:45:21,158,0.8,gadgets,https://www.reddit.com/r/gadgets/comments/1i7e1tt/nexus_6p_design_could_make_a_comeback_as_the/,https://www.androidauthority.com/nexus-6p-design-comeback-iphone-17-air-3519140/
1hv0gpg,Back to its roots: iPhone 17 could take design inspiration from the original iPhone,a_Ninja_b0y,2025-01-06T14:38:35,0,0.34,gadgets,https://www.reddit.com/r/gadgets/comments/1hv0gpg/back_to_its_roots_iphone_17_could_take_design/,https://www.androidauthority.com/iphone-17-design-inspiration-original-model-3513323/
1gh41pn,"iPhone SE 4 First to Get Apple-Designed 5G Modem, iPhone 17 Pro to Add Custom Wi-Fi 7 Chip",chrisdh79,2024-11-01T12:21:04,816,0.9,gadgets,https://www.reddit.com/r/gadgets/comments/1gh41pn/iphone_se_4_first_to_get_appledesigned_5g_modem/,https://www.macrumors.com/2024/11/01/iphone-se-4-5g-modem-jeff-pu/
1ggfmyg,Kuo: iPhone 17 will use new Wi-Fi and Bluetooth chip made in-house by Apple,a_Ninja_b0y,2024-10-31T14:18:58,508,0.89,gadgets,https://www.reddit.com/r/gadgets/comments/1ggfmyg/kuo_iphone_17_will_use_new_wifi_and_bluetooth/,https://9to5mac.com/2024/10/31/kuo-iphone-17-will-use-new-wi-fi-and-bluetooth-chip-made-in-house-by-apple/
1geuy1a,"Report: iPhone 17 early manufacturing set for India, marking new milestone for Apple",a_Ninja_b0y,2024-10-29T13:43:27,2036,0.9,gadgets,https://www.reddit.com/r/gadgets/comments/1geuy1a/report_iphone_17_early_manufacturing_set_for/,https://9to5mac.com/2024/10/29/report-iphone-17-early-manufacturing-set-for-india-marking-new-milestone-for-apple/
1eafsdz,iPhone 17 Rumored to Feature Mechanical Aperture for Portrait Mode,Avieshek,2024-07-23T18:53:32,312,0.73,gadgets,https://www.reddit.com/r/gadgets/comments/1eafsdz/iphone_17_rumored_to_feature_mechanical_aperture/,https://www.macrumors.com/2024/07/23/iphone-17-mechanical-aperture-rumor/
12wq5ks,Why your iPhone 17 might come with a recycled battery,ChickenTeriyakiBoy1,2023-04-23T21:05:39,587,0.89,gadgets,https://www.reddit.com/r/gadgets/comments/12wq5ks/why_your_iphone_17_might_come_with_a_recycled/,https://www.technologyreview.com/2023/04/20/1071825/apple-cobalt-battery-recycling/
1oc58qe,Apple nears $4 trillion valuation as shares surge on strong iPhone 17 demand,Relative_Fly9942,2025-10-21T06:07:40,5,0.54,technology,https://www.reddit.com/r/technology/comments/1oc58qe/apple_nears_4_trillion_valuation_as_shares_surge/,https://www.reuters.com/world/asia-pacific/apple-closes-4-trillion-valuation-data-shows-strong-demand-iphone-17-2025-10-20/
1obzs9g,"Apple’s new iPhone 17 outsells previous generation by 14% in US, China | Counterpoint Research analysts attribute the boost to an improved display, more storage and Apple’s upgraded A19 chip",ControlCAD,2025-10-21T01:22:26,48,0.71,technology,https://www.reddit.com/r/technology/comments/1obzs9g/apples_new_iphone_17_outsells_previous_generation/,https://www.scmp.com/tech/big-tech/article/3329640/apples-new-iphone-17-outsells-previous-generation-14-us-china
1npqdtq,Apple Blames In-Store MagSafe Chargers for iPhone 17 Pro Display Model Scratches,ControlCAD,2025-09-24T22:42:24,12,0.59,technology,https://www.reddit.com/r/technology/comments/1npqdtq/apple_blames_instore_magsafe_chargers_for_iphone/,https://www.macrumors.com/2025/09/24/apple-iphone-17-pro-scratches-magsafe-chargers/
1no4k92,Why the iPhone Air and iPhone 17 Pros Are Scratching Alarmingly Fast,dapperlemon,2025-09-23T01:31:23,0,0.37,technology,https://www.reddit.com/r/technology/comments/1no4k92/why_the_iphone_air_and_iphone_17_pros_are/,https://www.gizmodo.com/iphone-17-pro-scratching-easily-2000662168
1nlgu6b,Tim Cook Swears Tariffs Aren’t to Blame for iPhone 17 Pro Price Hike,elvidoperez,2025-09-19T22:03:08,1259,0.91,technology,https://www.reddit.com/r/technology/comments/1nlgu6b/tim_cook_swears_tariffs_arent_to_blame_for_iphone/,https://gizmodo.com/tim-cook-swears-tariffs-arent-to-blame-for-iphone-17-pro-price-hike-2000661496
1nl091k,iPhone 17 goes on sale globally as Apple faces China rivals and AI doubts,ControlCAD,2025-09-19T10:48:50,0,0.33,technology,https://www.reddit.com/r/technology/comments/1nl091k/iphone_17_goes_on_sale_globally_as_apple_faces/,https://www.cnbc.com/2025/09/19/apple-iphone-17-launch-sale-globally-china-market-and-ai-strategy.html
1nhaagn,Apple iPhone 17 series breaks iPhone 16 series’ China records in first minute - The Times of India,Plane_Ad1696,2025-09-15T02:40:27,8,0.57,technology,https://www.reddit.com/r/technology/comments/1nhaagn/apple_iphone_17_series_breaks_iphone_16_series/,https://timesofindia.indiatimes.com/technology/mobiles-tabs/apple-iphone-17-series-breaks-iphone-16-series-china-records-in-first-minute/articleshow/123882085.cms
1nf1me8,"Apple's A19 Pro beats Ryzen 9 9950X in single-thread Geekbench tests — iPhone 17 Pro chip packs 11-12% CPU performance bump, GPU performance up 37% over predecessor",Stiltonrocks,2025-09-12T12:16:26,404,0.82,technology,https://www.reddit.com/r/technology/comments/1nf1me8/apples_a19_pro_beats_ryzen_9_9950x_in/,https://www.tomshardware.com/pc-components/cpus/apples-a19-pro-beats-ryzen-9-9950x-in-single-thread-geekbench-tests-iphone-17-pro-chip-packs-11-12-percent-cpu-performance-bump-gpu-performance-up-37-percent-over-predecessor
1ncu3z8,"Apple unveils iPhone 17 Pro and Pro Max: cosmic orange color, unibody design, biggest battery, 8x zoom",ControlCAD,2025-09-09T20:26:49,0,0.36,technology,https://www.reddit.com/r/technology/comments/1ncu3z8/apple_unveils_iphone_17_pro_and_pro_max_cosmic/,https://9to5mac.com/2025/09/09/iphone-17-pro-specs-price-pre-order-release-date/
1ncsk5m,"iPhone 17 Air is real—here’s what’s new in Apple’s extra-thin handset | It's not revolutionary, but it's hypertargeted at one type of customer.",ControlCAD,2025-09-09T19:30:16,0,0.41,technology,https://www.reddit.com/r/technology/comments/1ncsk5m/iphone_17_air_is_realheres_whats_new_in_apples/,https://arstechnica.com/gadgets/2025/09/iphone-17-air-is-real-heres-whats-new-in-apples-extra-thin-handset/
1ncqmh0,"Apple announces $799 iPhone 17 with bigger 6.3-inch always-on ProMotion screen, A19 chip | This is the first time the regular iPhone has gotten the high-refresh screen.",ControlCAD,2025-09-09T18:19:42,1992,0.89,technology,https://www.reddit.com/r/technology/comments/1ncqmh0/apple_announces_799_iphone_17_with_bigger_63inch/,https://arstechnica.com/gadgets/2025/09/apple-announces-iphone-17-with-bigger-6-3-inch-always-on-promotion-screen-a19-chip/
1n0hk5a,"All the latest iPhone 17 Air and Pro rumours, from pre-order date to price",theindybest,2025-08-26T09:53:21,0,0.5,technology,https://www.reddit.com/r/technology/comments/1n0hk5a/all_the_latest_iphone_17_air_and_pro_rumours_from/,https://www.independent.co.uk/extras/indybest/gadgets-tech/phones-accessories/iphone-17-release-date-price-pre-order-b2814067.html
1muoh0l,Apple's iPhone 17 Manufacturing Expands Across Five Indian Plants,ControlCAD,2025-08-19T17:09:08,13,0.71,technology,https://www.reddit.com/r/technology/comments/1muoh0l/apples_iphone_17_manufacturing_expands_across/,https://www.macrumors.com/2025/08/19/apple-iphone-17-manufacturing-expands-india/
1ldcmfg,Trump Mobile's made-in-US iPhone 17 competitor is really made in China,IRideMoreThanYou,2025-06-17T03:08:59,6887,0.98,technology,https://www.reddit.com/r/technology/comments/1ldcmfg/trump_mobiles_madeinus_iphone_17_competitor_is/,https://appleinsider.com/articles/25/06/16/trump-mobile-will-take-on-iphone-17-in-september-with-a-made-in-us-gold-smartphone
1jcqx9u,"Apple’s iPhone 17 ‘Air’ a Step Past Its Siri Upgrade ‘AI Crisis’ Toward a New Beginning of Slimmer, Port-Free Devices, Heralding an iPhone ‘New Era’",s1n0d3utscht3k,2025-03-16T17:37:58,0,0.19,technology,https://www.reddit.com/r/technology/comments/1jcqx9u/apples_iphone_17_air_a_step_past_its_siri_upgrade/,https://www.bloomberg.com/news/newsletters/2025-03-16/apple-iphone-17-air-foldable-iphone-details-ai-crisis-to-haunt-top-100-event-m8bl3a9c
1j9kefb,"Here's how thin the iPhone 17 Air is expected to be, with the camera bar",spasticpat,2025-03-12T13:44:18,0,0.23,technology,https://www.reddit.com/r/technology/comments/1j9kefb/heres_how_thin_the_iphone_17_air_is_expected_to/,https://9to5mac.com/2025/03/12/heres-how-thin-the-iphone-17-air-is-expected-to-be-with-the-camera-bar/
1geyxmx,"Report: iPhone 17 early manufacturing set for India, marking new milestone for Apple",a_Ninja_b0y,2024-10-29T16:33:34,7,0.59,technology,https://www.reddit.com/r/technology/comments/1geyxmx/report_iphone_17_early_manufacturing_set_for/,https://9to5mac.com/2024/10/29/report-iphone-17-early-manufacturing-set-for-india-marking-new-milestone-for-apple/
1efqfd5,It only took the iPhone 17 years to support call recording,Avieshek,2024-07-30T10:59:59,2878,0.94,technology,https://www.reddit.com/r/technology/comments/1efqfd5/it_only_took_the_iphone_17_years_to_support_call/,https://www.androidauthority.com/iphone-call-recording-support-3466058/
1o047gc,Should i swap,Wolviepaws,2025-10-07T03:36:35,1,1,phone,https://www.reddit.com/r/phone/comments/1o047gc/should_i_swap/,https://www.reddit.com/r/phone/comments/1o047gc/should_i_swap/
1o03o88,Es esto una especia de scam?,Wolframio208,2025-10-07T03:09:30,4,1,programacion,https://www.reddit.com/r/programacion/comments/1o03o88/es_esto_una_especia_de_scam/,https://www.reddit.com/r/programacion/comments/1o03o88/es_esto_una_especia_de_scam/
1o00sze,Massive issue.,Lemes_GT,2025-10-07T00:53:40,34,0.73,dbrand,https://www.reddit.com/r/dbrand/comments/1o00sze/massive_issue/,https://www.reddit.com/gallery/1o00sze
1nzzujs,iPhone 17 Pro Max Timeline,tootsiebug,2025-10-07T00:09:25,0,0.4,ATT,https://www.reddit.com/r/ATT/comments/1nzzujs/iphone_17_pro_max_timeline/,https://www.reddit.com/r/ATT/comments/1nzzujs/iphone_17_pro_max_timeline/
1nztof7,Iphone 17 pro max oscilando volume em músicas,Aggravating-Sun-2461,2025-10-06T20:02:40,1,1,iPhone17Pro,https://www.reddit.com/r/iPhone17Pro/comments/1nztof7/iphone_17_pro_max_oscilando_volume_em_músicas/,https://www.reddit.com/r/iPhone17Pro/comments/1nztof7/iphone_17_pro_max_oscilando_volume_em_músicas/
1nzkyqc,CHALLENGE 6: GET THE IPHONE 17 PRO MAX,Lazy_Explanation_153,2025-10-06T14:42:17,2,1,BattleForOctagon,https://www.reddit.com/r/BattleForOctagon/comments/1nzkyqc/challenge_6_get_the_iphone_17_pro_max/,https://www.reddit.com/r/BattleForOctagon/comments/1nzkyqc/challenge_6_get_the_iphone_17_pro_max/
1nzkref,Problems with Bold text in Messaging,CelebrateToday25,2025-10-06T14:34:34,1,1,iPhone17Pro,https://www.reddit.com/r/iPhone17Pro/comments/1nzkref/problems_with_bold_text_in_messaging/,https://www.reddit.com/r/iPhone17Pro/comments/1nzkref/problems_with_bold_text_in_messaging/
1nzk1pb,Regret buying the iphone 17 pro max in orange (reselling it),Rainy247,2025-10-06T14:07:24,0,0.3,BangaloreMarketplace,https://www.reddit.com/r/BangaloreMarketplace/comments/1nzk1pb/regret_buying_the_iphone_17_pro_max_in_orange/,https://www.reddit.com/r/BangaloreMarketplace/comments/1nzk1pb/regret_buying_the_iphone_17_pro_max_in_orange/
1nzhb46,Story Issues - No Music,Lumpy-Ad3341,2025-10-06T12:11:46,1,1,Instagram,https://www.reddit.com/r/Instagram/comments/1nzhb46/story_issues_no_music/,https://v.redd.it/oaf3i0u8ghtf1
1nzgfbi,Plaisio.gr Iphone 17 available in store pick up?,AffectionateDeal8655,2025-10-06T11:28:07,0,0.33,greece,https://www.reddit.com/r/greece/comments/1nzgfbi/plaisiogr_iphone_17_available_in_store_pick_up/,https://www.reddit.com/r/greece/comments/1nzgfbi/plaisiogr_iphone_17_available_in_store_pick_up/
1nzdsam,Battery life iphone 17 pro max,AccomplishedKiwi9224,2025-10-06T08:48:05,3,1,iphone17,https://www.reddit.com/r/iphone17/comments/1nzdsam/battery_life_iphone_17_pro_max/,https://www.reddit.com/gallery/1nzdsam
1nzbwhc,iphone 17 pro max back order,crazyamour,2025-10-06T06:44:49,3,0.8,TelstraAustralia,https://www.reddit.com/r/TelstraAustralia/comments/1nzbwhc/iphone_17_pro_max_back_order/,https://www.reddit.com/r/TelstraAustralia/comments/1nzbwhc/iphone_17_pro_max_back_order/
1nzbuoa,Iphone 17 Pro Max - blinking green pixel in AOD,mitissize,2025-10-06T06:41:35,1,1,applehelp,https://www.reddit.com/r/applehelp/comments/1nzbuoa/iphone_17_pro_max_blinking_green_pixel_in_aod/,https://www.reddit.com/r/applehelp/comments/1nzbuoa/iphone_17_pro_max_blinking_green_pixel_in_aod/
1nz4r2e,60 most-viewed ASMR videos published on YouTube last week (2025-09-21 to 2025-09-27) [Discussion],Hayate-kun,2025-10-06T00:27:26,2,1,asmr,https://www.reddit.com/r/asmr/comments/1nz4r2e/60_mostviewed_asmr_videos_published_on_youtube/,https://www.reddit.com/r/asmr/comments/1nz4r2e/60_mostviewed_asmr_videos_published_on_youtube/
1nz4ghq,Moving to a new phone.,No_Machine_9634,2025-10-06T00:13:38,1,1,techsupport,https://www.reddit.com/r/techsupport/comments/1nz4ghq/moving_to_a_new_phone/,https://www.reddit.com/r/techsupport/comments/1nz4ghq/moving_to_a_new_phone/
1nz39qt,"Just got my orange iphone 17 pro max, thoughts?",Alula0617,2025-10-05T23:19:25,0,0.36,iphone17,https://www.reddit.com/r/iphone17/comments/1nz39qt/just_got_my_orange_iphone_17_pro_max_thoughts/,https://i.redd.it/b9qm1ruxkdtf1.png
1nz399i,"Just got my orange iphone 17 pro max, thoughts?",Alula0617,2025-10-05T23:18:50,0,0.45,iPhone14Pro,https://www.reddit.com/r/iPhone14Pro/comments/1nz399i/just_got_my_orange_iphone_17_pro_max_thoughts/,https://i.redd.it/b9qm1ruxkdtf1.png
1nz32w6,"Just got my orange iphone 17 pro max, thoughts?",Alula0617,2025-10-05T23:10:50,11,0.53,iPhone17Pro,https://www.reddit.com/r/iPhone17Pro/comments/1nz32w6/just_got_my_orange_iphone_17_pro_max_thoughts/,https://i.redd.it/b9qm1ruxkdtf1.png
1nyyo9z,iPhone 17 Pro Max znovu překonal Samsung Galaxy S25 Ultra v testu výdrže. Pixel 10 Pro XL se plazí kilometr za nimi,SvetAndroida,2025-10-05T20:10:32,1,1,androidCZSK,https://www.reddit.com/r/androidCZSK/comments/1nyyo9z/iphone_17_pro_max_znovu_překonal_samsung_galaxy/,https://i.redd.it/pma0qs9soctf1.jpeg
1nyvlzi,Help,aymane06,2025-10-05T18:14:45,0,0.38,iphone,https://www.reddit.com/r/iphone/comments/1nyvlzi/help/,https://www.reddit.com/gallery/1nyvlzi
1nyp4yk,2 Terabytes,HusengSisiw,2025-10-05T14:06:38,0,0.47,Tech_Philippines,https://www.reddit.com/r/Tech_Philippines/comments/1nyp4yk/2_terabytes/,https://i.redd.it/965ztsquvatf1.jpeg
1nyostg,"Tomorrow is Mid-Autumn Festival, I still work at office......>_< are anyone same with me???",Sugess_Jenny,2025-10-05T13:52:50,50,0.96,ChineseWatches,https://www.reddit.com/r/ChineseWatches/comments/1nyostg/tomorrow_is_midautumn_festival_i_still_work_at/,https://i.redd.it/s3wryznatatf1.jpeg
1nyo8wo,does app refreshing happen on latest iphones?,Sweet_Score,2025-10-05T13:29:09,3,0.81,iphone,https://www.reddit.com/r/iphone/comments/1nyo8wo/does_app_refreshing_happen_on_latest_iphones/,https://www.reddit.com/r/iphone/comments/1nyo8wo/does_app_refreshing_happen_on_latest_iphones/
1nymktc,Best store to pre-order iphone 17 pro max,NananaAme,2025-10-05T12:12:41,24,0.85,Tech_Philippines,https://www.reddit.com/r/Tech_Philippines/comments/1nymktc/best_store_to_preorder_iphone_17_pro_max/,https://www.reddit.com/r/Tech_Philippines/comments/1nymktc/best_store_to_preorder_iphone_17_pro_max/
1nykqzn,Best device for pubg.,BomBomBakuDen,2025-10-05T10:31:08,0,0.4,PUBGMobile,https://www.reddit.com/r/PUBGMobile/comments/1nykqzn/best_device_for_pubg/,https://www.reddit.com/r/PUBGMobile/comments/1nykqzn/best_device_for_pubg/
1nyj1b2,iphone 17 pro max flickering during day,Klioneezzo,2025-10-05T08:44:35,0,0.5,iPhone17Pro,https://www.reddit.com/r/iPhone17Pro/comments/1nyj1b2/iphone_17_pro_max_flickering_during_day/,https://v.redd.it/tjeaez8da9tf1
1nyfxa6,Does anyone know how to get the silver case for the iphone 17 pro max since there all out of stock?,Character-Set-7337,2025-10-05T05:33:30,0,0.5,Rimowa,https://www.reddit.com/r/Rimowa/comments/1nyfxa6/does_anyone_know_how_to_get_the_silver_case_for/,https://www.reddit.com/r/Rimowa/comments/1nyfxa6/does_anyone_know_how_to_get_the_silver_case_for/
1ny7fuh,IPHONE 17 PRO MAX vs VIVO X200 ULTRA vs SAMSUNG S25 ULTRA: Review of Photo and Video Capabilities!,LittleWhiteDragon,2025-10-04T22:25:23,3,1,Vivo,https://www.reddit.com/r/Vivo/comments/1ny7fuh/iphone_17_pro_max_vs_vivo_x200_ultra_vs_samsung/,https://www.youtube.com/watch?v=PkTPZXXprDk
1ny7a6s,Received my grip case for IPhone 17 pro max,cyct21,2025-10-04T22:18:38,43,0.91,dbrand,https://www.reddit.com/r/dbrand/comments/1ny7a6s/received_my_grip_case_for_iphone_17_pro_max/,https://www.reddit.com/gallery/1ny7a6s
1ny0jqn,Monsterkylare snabbar upp Iphone 17 Pro Max,SweCBot,2025-10-04T17:48:56,1,1,sweclockers,https://www.reddit.com/r/sweclockers/comments/1ny0jqn/monsterkylare_snabbar_upp_iphone_17_pro_max/,https://www.sweclockers.com/nyhet/41828-monsterkylare-snabbar-upp-iphone-17-pro-max
1nxtwht,lovely midnight apple silicone case combination for the iphone 17 pro max deep blue,Naegi1995,2025-10-04T13:23:37,10,0.82,iPhone17Pro,https://www.reddit.com/r/iPhone17Pro/comments/1nxtwht/lovely_midnight_apple_silicone_case_combination/,https://i.redd.it/1cknjoh9j3tf1.jpeg
1nxtc0q,Unable to login on IPhone 17 Pro Max,Jskar89,2025-10-04T12:59:03,2,1,pokemongo,https://www.reddit.com/r/pokemongo/comments/1nxtc0q/unable_to_login_on_iphone_17_pro_max/,https://www.reddit.com/gallery/1nxtc0q
1nxpvxk,Iphone 17 Pro Max ESR,Responsible_Dust_790,2025-10-04T09:54:55,4,0.83,ESR_official,https://www.reddit.com/r/ESR_official/comments/1nxpvxk/iphone_17_pro_max_esr/,https://i.redd.it/b580lui1i2tf1.jpeg
1nxp6ka,Iphone 17 pro max Aulumu Cases,Dangerous-Money9239,2025-10-04T09:09:40,0,0.5,iPhone17Pro,https://www.reddit.com/r/iPhone17Pro/comments/1nxp6ka/iphone_17_pro_max_aulumu_cases/,https://www.reddit.com/gallery/1nxp6ka
1nxoklv,Iphone 17 pro max freebies,adsgo,2025-10-04T08:30:48,3,1,Tech_Philippines,https://www.reddit.com/r/Tech_Philippines/comments/1nxoklv/iphone_17_pro_max_freebies/,https://www.reddit.com/r/Tech_Philippines/comments/1nxoklv/iphone_17_pro_max_freebies/
1nxoaz4,Iphone 17 Pro Max Battery Comparision Between IOS 26 and IOS 26.0.1 (Sim Card Version and charged up to 100%),Educational_Cow_7431,2025-10-04T08:13:32,0,0.5,iPhone17Pro,https://www.reddit.com/r/iPhone17Pro/comments/1nxoaz4/iphone_17_pro_max_battery_comparision_between_ios/,https://www.reddit.com/gallery/1nxoaz4
1nxk8co,Finally upgraded my communication device,agelast07,2025-10-04T04:11:16,307,0.93,GadgetsIndia,https://www.reddit.com/r/GadgetsIndia/comments/1nxk8co/finally_upgraded_my_communication_device/,https://www.reddit.com/gallery/1nxk8co
1nxjzzp,Iphone 17 Pro Max Cosmic Orange 512 gb 🧡🎃🍊,Nikki_V86,2025-10-04T03:58:59,16,0.9,iphone17,https://www.reddit.com/r/iphone17/comments/1nxjzzp/iphone_17_pro_max_cosmic_orange_512_gb/,https://www.reddit.com/gallery/1nxjzzp
1nxhx5r,Iphone 17 pro max on installments,Individual-Ear-6038,2025-10-04T02:11:28,0,0.5,IslamabadSocial,https://www.reddit.com/r/IslamabadSocial/comments/1nxhx5r/iphone_17_pro_max_on_installments/,https://www.reddit.com/r/IslamabadSocial/comments/1nxhx5r/iphone_17_pro_max_on_installments/
1nxfu24,Dust under brand new iphone 17 pro max camera lens,Good_Trick7576,2025-10-04T00:27:40,0,0.33,iphone,https://www.reddit.com/r/iphone/comments/1nxfu24/dust_under_brand_new_iphone_17_pro_max_camera_lens/,https://www.reddit.com/gallery/1nxfu24
1nxbtck,iphone 17 pro max availability florida,chubbow,2025-10-03T21:31:22,0,0.38,tmobile,https://www.reddit.com/r/tmobile/comments/1nxbtck/iphone_17_pro_max_availability_florida/,https://i.redd.it/gmkvdioatysf1.png
1nxas1b,ios26 and iphone 17 pro max issues with group messages,Both_Faithlessness_3,2025-10-03T20:49:26,0,0.5,iphone,https://www.reddit.com/r/iphone/comments/1nxas1b/ios26_and_iphone_17_pro_max_issues_with_group/,https://www.reddit.com/r/iphone/comments/1nxas1b/ios26_and_iphone_17_pro_max_issues_with_group/
1nxa8lw,iPhone 17 Pro Max: o fim de uma era? O modelo dobrável da Apple pode roubar o trono,tugatech,2025-10-03T20:28:04,1,1,TugaTech,https://www.reddit.com/r/TugaTech/comments/1nxa8lw/iphone_17_pro_max_o_fim_de_uma_era_o_modelo/,https://i.redd.it/flbri5a3iysf1.jpeg
1nx7881,"My first iphone, 17 pro max through mercantile",BABA_yaaGa,2025-10-03T18:32:21,257,0.89,PakistaniTech,https://www.reddit.com/r/PakistaniTech/comments/1nx7881/my_first_iphone_17_pro_max_through_mercantile/,https://www.reddit.com/gallery/1nx7881
1nx4q1i,Took 10 calendar days to have iphone 17 pro max delivered from T-Mobile.,PerceptionForward502,2025-10-03T16:58:58,0,0.13,tmobile,https://www.reddit.com/r/tmobile/comments/1nx4q1i/took_10_calendar_days_to_have_iphone_17_pro_max/,https://www.reddit.com/r/tmobile/comments/1nx4q1i/took_10_calendar_days_to_have_iphone_17_pro_max/
1nx4i55,Time for an upgrade: I am trading it in !!!,TransitionSmall3187,2025-10-03T16:50:53,19,1,iPhone13,https://www.reddit.com/r/iPhone13/comments/1nx4i55/time_for_an_upgrade_i_am_trading_it_in/,https://i.redd.it/are5d49cfxsf1.jpeg
1nx3bgf,Iphone 17 pro max battery drain,Z_man1017,2025-10-03T16:07:22,0,0.5,iPhone17Pro,https://www.reddit.com/r/iPhone17Pro/comments/1nx3bgf/iphone_17_pro_max_battery_drain/,https://www.reddit.com/r/iPhone17Pro/comments/1nx3bgf/iphone_17_pro_max_battery_drain/
1nx275y,Upgraded to iphone 17 pro max 512 GB,akashbamal,2025-10-03T15:25:56,83,0.56,Indian_flex,https://www.reddit.com/r/Indian_flex/comments/1nx275y/upgraded_to_iphone_17_pro_max_512_gb/,https://v.redd.it/0kw4wmg40xsf1
1nx1a9k,"Utilizador transforma iPhone 17 Pro Max em ""monstro"" de gaming com dissipadores de SSD",tugatech,2025-10-03T14:51:36,2,0.67,TugaTech,https://www.reddit.com/r/TugaTech/comments/1nx1a9k/utilizador_transforma_iphone_17_pro_max_em/,https://i.redd.it/56iodf82uwsf1.jpeg
1nwzdhn,Iphone 17 ProMax camera is incredible,ichbinverruckt,2025-10-03T13:37:00,20,1,iPhone17Pro,https://www.reddit.com/r/iPhone17Pro/comments/1nwzdhn/iphone_17_promax_camera_is_incredible/,https://i.redd.it/54jypnmbawsf1.jpeg
1nwyhqp,Iphone 17 ProMax camera is incredible,ichbinverruckt,2025-10-03T13:00:58,448,0.95,iPhoneography,https://www.reddit.com/r/iPhoneography/comments/1nwyhqp/iphone_17_promax_camera_is_incredible/,https://i.redd.it/54jypnmbawsf1.jpeg
1nwy7ad,"Iphone 17 pro max for wife, second thoughts now",iamkanav,2025-10-03T12:48:46,0,0.5,iPhone17Pro,https://www.reddit.com/r/iPhone17Pro/comments/1nwy7ad/iphone_17_pro_max_for_wife_second_thoughts_now/,/r/iphone/comments/1nwy6s1/iphone_17_pro_max_for_wife_second_thoughts_now/
1nwy6s1,"Iphone 17 pro max for wife, second thoughts now",iamkanav,2025-10-03T12:48:05,0,0.33,iphone,https://www.reddit.com/r/iphone/comments/1nwy6s1/iphone_17_pro_max_for_wife_second_thoughts_now/,https://www.reddit.com/r/iphone/comments/1nwy6s1/iphone_17_pro_max_for_wife_second_thoughts_now/
1nwxuts,Cancel and reorder or wait for response?,Talon475,2025-10-03T12:32:57,5,1,Caudabe,https://www.reddit.com/r/Caudabe/comments/1nwxuts/cancel_and_reorder_or_wait_for_response/,https://www.reddit.com/r/Caudabe/comments/1nwxuts/cancel_and_reorder_or_wait_for_response/
1nwwp7e,IOS 26. Alarms not working,smkdc,2025-10-03T11:38:14,1,1,ios,https://www.reddit.com/r/ios/comments/1nwwp7e/ios_26_alarms_not_working/,https://www.reddit.com/r/ios/comments/1nwwp7e/ios_26_alarms_not_working/
1nwrvtx,Pejabat Polri Disorot Saat Pakai Iphone 17 Pro Max yang Belum Masuk Indonesia​​​​​​​​​​​​,BasicallyImAlive,2025-10-03T06:44:53,172,0.98,indonesia,https://www.reddit.com/r/indonesia/comments/1nwrvtx/pejabat_polri_disorot_saat_pakai_iphone_17_pro/,https://www.youtube.com/watch?v=a5CU53snlV8
1nwr33i,Camera sound. should i be worried?,Flashy-Hawk8588,2025-10-03T05:55:09,0,0.5,iphone,https://www.reddit.com/r/iphone/comments/1nwr33i/camera_sound_should_i_be_worried/,https://www.reddit.com/r/iphone/comments/1nwr33i/camera_sound_should_i_be_worried/
1nwncua,Why all these Screen protectors suck so much?,Illustrious_Till_545,2025-10-03T02:30:48,0,0.5,iPhone17Pro,https://www.reddit.com/r/iPhone17Pro/comments/1nwncua/why_all_these_screen_protectors_suck_so_much/,https://www.reddit.com/r/iPhone17Pro/comments/1nwncua/why_all_these_screen_protectors_suck_so_much/
1nwkky2,shipping iphone us to nz,DisastrousWorry8529,2025-10-03T00:17:43,1,1,u_DisastrousWorry8529,https://www.reddit.com/r/u_DisastrousWorry8529/comments/1nwkky2/shipping_iphone_us_to_nz/,https://www.reddit.com/r/u_DisastrousWorry8529/comments/1nwkky2/shipping_iphone_us_to_nz/
1nwk1ty,iPhone 17 Pro Max Troubleshooting,Aestheticlove25,2025-10-02T23:53:39,0,0.5,iphone,https://www.reddit.com/r/iphone/comments/1nwk1ty/iphone_17_pro_max_troubleshooting/,https://www.reddit.com/r/iphone/comments/1nwk1ty/iphone_17_pro_max_troubleshooting/
1nwjkd9,iPad Pro m2 vs IPhone 17 Pro Max,gippy1234,2025-10-02T23:31:10,5,0.86,Genshin_Impact,https://www.reddit.com/r/Genshin_Impact/comments/1nwjkd9/ipad_pro_m2_vs_iphone_17_pro_max/,https://www.reddit.com/r/Genshin_Impact/comments/1nwjkd9/ipad_pro_m2_vs_iphone_17_pro_max/
1nwhqv8,iphone 17 pro max orange lable created,ethan710420,2025-10-02T22:12:39,3,0.8,ATT,https://www.reddit.com/r/ATT/comments/1nwhqv8/iphone_17_pro_max_orange_lable_created/,https://www.reddit.com/r/ATT/comments/1nwhqv8/iphone_17_pro_max_orange_lable_created/
1nwfwop,Dear ATT regarding my Iphone 17 pro Max,Critical-Carrot-8180,2025-10-02T21:00:19,63,0.67,ATT,https://www.reddit.com/r/ATT/comments/1nwfwop/dear_att_regarding_my_iphone_17_pro_max/,https://www.reddit.com/r/ATT/comments/1nwfwop/dear_att_regarding_my_iphone_17_pro_max/
1nwep1w,My new iPhone 17 Pro Max (Cosmic Orange) feels special,LordOfPolicies,2025-10-02T20:16:21,192,0.85,iPhone17Pro,https://www.reddit.com/r/iPhone17Pro/comments/1nwep1w/my_new_iphone_17_pro_max_cosmic_orange_feels/,https://www.reddit.com/gallery/1nwep1w
1nw8ydk,Iphone 17 Pro Max Battery,Top-Habit3164,2025-10-02T16:43:52,0,0.33,Tech_Philippines,https://www.reddit.com/r/Tech_Philippines/comments/1nw8ydk/iphone_17_pro_max_battery/,https://www.reddit.com/r/Tech_Philippines/comments/1nw8ydk/iphone_17_pro_max_battery/
1nw8x93,Iphone 17 ProMax Battery,Top-Habit3164,2025-10-02T16:42:41,1,0.67,iphone17,https://www.reddit.com/r/iphone17/comments/1nw8x93/iphone_17_promax_battery/,https://www.reddit.com/r/iphone17/comments/1nw8x93/iphone_17_promax_battery/
1nvynp3,Weird contacts bug,Helpful_Routine_9062,2025-10-02T08:59:37,1,1,ios,https://www.reddit.com/r/ios/comments/1nvynp3/weird_contacts_bug/,https://www.reddit.com/r/ios/comments/1nvynp3/weird_contacts_bug/
1nvux4d,IPhone 17 Pro Max Night Mode Shots of Northern Lights,Homeguy123,2025-10-02T05:07:21,5,1,iPhoneography,https://www.reddit.com/r/iPhoneography/comments/1nvux4d/iphone_17_pro_max_night_mode_shots_of_northern/,https://www.reddit.com/gallery/1nvux4d
1nvrs7m,sell as rep to curious buyers,seniorsideeye,2025-10-02T02:22:28,2,0.53,ReplicaReselling,https://www.reddit.com/r/ReplicaReselling/comments/1nvrs7m/sell_as_rep_to_curious_buyers/,https://www.reddit.com/gallery/1nvrs7m
1nvp6bj,Battery after 8 days,Icy-Traffic-5736,2025-10-02T00:20:06,1,0.67,iPhone17Pro,https://www.reddit.com/r/iPhone17Pro/comments/1nvp6bj/battery_after_8_days/,https://www.reddit.com/r/iPhone17Pro/comments/1nvp6bj/battery_after_8_days/
1nvmzzh,Mous Limitless vs Spigen Tough Armor for Iphone 17 Pro Max,irishshogun,2025-10-01T22:43:33,0,0.5,iphone,https://www.reddit.com/r/iphone/comments/1nvmzzh/mous_limitless_vs_spigen_tough_armor_for_iphone/,https://www.reddit.com/r/iphone/comments/1nvmzzh/mous_limitless_vs_spigen_tough_armor_for_iphone/
1nvmks2,Argos restock,Dramatic_Cow8502,2025-10-01T22:25:46,0,0.25,iphone,https://www.reddit.com/r/iphone/comments/1nvmks2/argos_restock/,https://www.reddit.com/r/iphone/comments/1nvmks2/argos_restock/
1nvl6wc,My iphone 17 Pro max Screen on time 12h im surprised 🧡🪩.,THEAMAZINGkhalid,2025-10-01T21:30:57,0,0.5,iPhoneBatteryParanoia,https://www.reddit.com/r/iPhoneBatteryParanoia/comments/1nvl6wc/my_iphone_17_pro_max_screen_on_time_12h_im/,https://www.reddit.com/gallery/1nvl6wc
1nvl603,My iphone 17 Pro max Screen on time 12h im surprised 🧡🪩.,THEAMAZINGkhalid,2025-10-01T21:30:04,1,1,iPhone17Pro,https://www.reddit.com/r/iPhone17Pro/comments/1nvl603/my_iphone_17_pro_max_screen_on_time_12h_im/,https://www.reddit.com/gallery/1nvl603
1nvgwss,SWISS PRICING!!!!,Wrong-Study9775,2025-10-01T18:50:55,4,0.7,peakdesign,https://www.reddit.com/r/peakdesign/comments/1nvgwss/swiss_pricing/,https://www.reddit.com/gallery/1nvgwss
1nvfmrj,Iphone 17 pro max,Secure-Lettuce4532,2025-10-01T18:05:05,2,1,Jordanians,https://www.reddit.com/r/Jordanians/comments/1nvfmrj/iphone_17_pro_max/,https://www.reddit.com/r/Jordanians/comments/1nvfmrj/iphone_17_pro_max/
1nvfdxa,Iphone 17 pro max,Concertgoers_22,2025-10-01T17:56:30,0,0.5,ATT,https://www.reddit.com/r/ATT/comments/1nvfdxa/iphone_17_pro_max/,https://www.reddit.com/r/ATT/comments/1nvfdxa/iphone_17_pro_max/
1nvdhi1,magsafe case for the iphone 17 pro max with the strongest magnets,Robert_S1218,2025-10-01T16:48:04,0,0.11,Bestbuy,https://www.reddit.com/r/Bestbuy/comments/1nvdhi1/magsafe_case_for_the_iphone_17_pro_max_with_the/,https://www.reddit.com/r/Bestbuy/comments/1nvdhi1/magsafe_case_for_the_iphone_17_pro_max_with_the/
1nvcsr3,Help with App on IPhone 17 Pro Max,Sonnyman454,2025-10-01T16:22:50,7,0.82,Crunchyroll,https://www.reddit.com/r/Crunchyroll/comments/1nvcsr3/help_with_app_on_iphone_17_pro_max/,https://i.redd.it/yab6w2gi0jsf1.jpeg
1nv8ijh,Nomad,Roksalion,2025-10-01T13:40:49,0,0.5,patinaproud,https://www.reddit.com/r/patinaproud/comments/1nv8ijh/nomad/,https://www.reddit.com/r/patinaproud/comments/1nv8ijh/nomad/
1nv75zs,Crop and Edit not showing up on every screen shot,Intelligent-War210,2025-10-01T12:43:28,3,1,ios,https://www.reddit.com/r/ios/comments/1nv75zs/crop_and_edit_not_showing_up_on_every_screen_shot/,https://i.redd.it/09r8ogndxhsf1.jpeg
1nv52fq,Can you suggest Cases for iphone 17 pro max,THEAMAZINGkhalid,2025-10-01T10:59:02,15,0.94,iphone17,https://www.reddit.com/r/iphone17/comments/1nv52fq/can_you_suggest_cases_for_iphone_17_pro_max/,https://i.redd.it/bfbr9roqehsf1.jpeg
1nv51bc,My iPhone17 pro max is SO BEAUTIFUL 🧡🪩.,THEAMAZINGkhalid,2025-10-01T10:57:12,66,0.88,iPhone17Pro,https://www.reddit.com/r/iPhone17Pro/comments/1nv51bc/my_iphone17_pro_max_is_so_beautiful/,https://www.reddit.com/gallery/1nv51bc
1nv4lms,It's Spooky Month! (FNAF/Blender),Puzzleheaded-Win5063,2025-10-01T10:31:39,7,0.9,fivenightsatfreddys,https://www.reddit.com/r/fivenightsatfreddys/comments/1nv4lms/its_spooky_month_fnafblender/,https://v.redd.it/8ps0h9izefsf1
1nv163j,Iphone 17 pro max,ilomilokekw,2025-10-01T06:47:14,0,0.33,UAE,https://www.reddit.com/r/UAE/comments/1nv163j/iphone_17_pro_max/,https://www.reddit.com/r/UAE/comments/1nv163j/iphone_17_pro_max/
1nv0mur,Having second thoughts about buying the new IPhone 17 Pro Max,HugeEntertainment864,2025-10-01T06:13:07,0,0.4,iPhone17Pro,https://www.reddit.com/r/iPhone17Pro/comments/1nv0mur/having_second_thoughts_about_buying_the_new/,https://www.reddit.com/r/iPhone17Pro/comments/1nv0mur/having_second_thoughts_about_buying_the_new/
1nv0fnb,Second thoughts about buying the new IPhone 17 Pro Max,HugeEntertainment864,2025-10-01T06:00:55,0,0.5,u_HugeEntertainment864,https://www.reddit.com/r/u_HugeEntertainment864/comments/1nv0fnb/second_thoughts_about_buying_the_new_iphone_17/,https://www.reddit.com/r/u_HugeEntertainment864/comments/1nv0fnb/second_thoughts_about_buying_the_new_iphone_17/
1nuzgrt,Replacement colored buttons,Metical,2025-10-01T05:03:26,1,1,TORRAS_Official,https://www.reddit.com/r/TORRAS_Official/comments/1nuzgrt/replacement_colored_buttons/,https://www.reddit.com/r/TORRAS_Official/comments/1nuzgrt/replacement_colored_buttons/
1nuyw60,"""move device closer to continue"" issues",BecauseJimmy,2025-10-01T04:31:41,1,1,iPhone17Pro,https://www.reddit.com/r/iPhone17Pro/comments/1nuyw60/move_device_closer_to_continue_issues/,https://www.reddit.com/r/iPhone17Pro/comments/1nuyw60/move_device_closer_to_continue_issues/
1nuxmzd,iphone 17 pro max,Usual_Humor_9906,2025-10-01T03:25:45,1,0.54,iphone,https://www.reddit.com/r/iphone/comments/1nuxmzd/iphone_17_pro_max/,https://www.reddit.com/r/iphone/comments/1nuxmzd/iphone_17_pro_max/
1nuwg1n,RC2 vs RC-N3 w/ Iphone 17 Pro Max (Neo/Flip),Whisper0212,2025-10-01T02:26:34,2,1,dji,https://www.reddit.com/r/dji/comments/1nuwg1n/rc2_vs_rcn3_w_iphone_17_pro_max_neoflip/,https://www.reddit.com/r/dji/comments/1nuwg1n/rc2_vs_rcn3_w_iphone_17_pro_max_neoflip/
1nuw72m,"Nomad, Andar Aspen, LONLI, Clayton & Crume, or Belemay?",skorebs7,2025-10-01T02:14:13,7,1,patinaproud,https://www.reddit.com/r/patinaproud/comments/1nuw72m/nomad_andar_aspen_lonli_clayton_crume_or_belemay/,https://www.reddit.com/r/patinaproud/comments/1nuw72m/nomad_andar_aspen_lonli_clayton_crume_or_belemay/
1nusvqq,I didn't expect to like my IPhone 17 Pro Max this much...,Durumagi777,2025-09-30T23:38:40,0,0.45,iphone,https://www.reddit.com/r/iphone/comments/1nusvqq/i_didnt_expect_to_like_my_iphone_17_pro_max_this/,https://www.reddit.com/r/iphone/comments/1nusvqq/i_didnt_expect_to_like_my_iphone_17_pro_max_this/
1nuspmz,Looking for Aulumu case review,knowdhruv,2025-09-30T23:30:54,7,1,iPhone17Pro,https://www.reddit.com/r/iPhone17Pro/comments/1nuspmz/looking_for_aulumu_case_review/,https://i.redd.it/qdo9us4zzdsf1.jpeg
1nur6nb,Upgrade sharing?,TealMama-2,2025-09-30T22:23:58,1,1,ATT,https://www.reddit.com/r/ATT/comments/1nur6nb/upgrade_sharing/,https://www.reddit.com/r/ATT/comments/1nur6nb/upgrade_sharing/
1nuqt88,Android Police on Pixel 10 Pro XL and iPhone 17 Pro Max.,SSDeemer,2025-09-30T22:08:02,12,0.62,GooglePixel,https://www.reddit.com/r/GooglePixel/comments/1nuqt88/android_police_on_pixel_10_pro_xl_and_iphone_17/,https://www.reddit.com/r/GooglePixel/comments/1nuqt88/android_police_on_pixel_10_pro_xl_and_iphone_17/
1nup9fr,iPhone 17 Pro  issues with Home Router,Complete_Ad_4586,2025-09-30T21:06:07,2,0.75,iphone,https://www.reddit.com/r/iphone/comments/1nup9fr/iphone_17_pro_issues_with_home_router/,https://www.reddit.com/r/iphone/comments/1nup9fr/iphone_17_pro_issues_with_home_router/
1nun9nj,is there any cover that completely disables the useless camera button ?,NakedBat,2025-09-30T19:50:40,0,0.23,iPhone17Pro,https://www.reddit.com/r/iPhone17Pro/comments/1nun9nj/is_there_any_cover_that_completely_disables_the/,https://i.redd.it/n8w2s1mowcsf1.jpeg
1num43e,"I cracked my phone, am I still able to get $1,100 toward the iphone 17 pro max?",avadaddy7,2025-09-30T19:07:08,3,1,ATT,https://www.reddit.com/r/ATT/comments/1num43e/i_cracked_my_phone_am_i_still_able_to_get_1100/,https://www.reddit.com/r/ATT/comments/1num43e/i_cracked_my_phone_am_i_still_able_to_get_1100/
1nuk96c,Got Metroid Samus Returns running on IPhone 17 Pro Max,JkMaNz-Yt,2025-09-30T17:57:44,133,0.89,Metroid,https://www.reddit.com/r/Metroid/comments/1nuk96c/got_metroid_samus_returns_running_on_iphone_17/,https://v.redd.it/nbf688ajccsf1
1nujrgz,Iphone 17 pro max: New York Times games don’t work,grainzzz,2025-09-30T17:39:49,0,0.5,iphone,https://www.reddit.com/r/iphone/comments/1nujrgz/iphone_17_pro_max_new_york_times_games_dont_work/,https://www.reddit.com/r/iphone/comments/1nujrgz/iphone_17_pro_max_new_york_times_games_dont_work/
1nujkhr,AT&T Trade in purchase via bestbuy Iphone 17 Pro Max,Flat_Hat6541,2025-09-30T17:32:37,1,1,iPhone17Pro,https://www.reddit.com/r/iPhone17Pro/comments/1nujkhr/att_trade_in_purchase_via_bestbuy_iphone_17_pro/,https://www.reddit.com/gallery/1nujk68
1nujk68,AT&T Trade in purchase via bestbuy Iphone 17 Pro Max,Flat_Hat6541,2025-09-30T17:32:17,35,0.82,ATT,https://www.reddit.com/r/ATT/comments/1nujk68/att_trade_in_purchase_via_bestbuy_iphone_17_pro/,https://www.reddit.com/gallery/1nujk68
1nui1uf,IPhone 17 pro max,kjung87,2025-09-30T16:35:43,0,0.4,Bestbuy,https://www.reddit.com/r/Bestbuy/comments/1nui1uf/iphone_17_pro_max/,https://www.reddit.com/r/Bestbuy/comments/1nui1uf/iphone_17_pro_max/
1nubvcr,¿VALE LA PENA UN IPHONE EN ELEKTRA a pagos eternos?,InitialPitch1693,2025-09-30T12:29:51,311,0.87,MexicoFinanciero,https://www.reddit.com/r/MexicoFinanciero/comments/1nubvcr/vale_la_pena_un_iphone_en_elektra_a_pagos_eternos/,https://i.redd.it/4plk3ac1qasf1.jpeg
1nuazse,Slow speeds when connected to Carplay.,therewillbetime,2025-09-30T11:47:59,2,1,BMWI4,https://www.reddit.com/r/BMWI4/comments/1nuazse/slow_speeds_when_connected_to_carplay/,https://www.reddit.com/r/BMWI4/comments/1nuazse/slow_speeds_when_connected_to_carplay/
1nu7oa3,Phone upgrade:Iphone 17 pro max or Z fold 7,Traditional_Tap2811,2025-09-30T08:26:19,1,1,Smartphones,https://www.reddit.com/r/Smartphones/comments/1nu7oa3/phone_upgradeiphone_17_pro_max_or_z_fold_7/,https://www.reddit.com/r/Smartphones/comments/1nu7oa3/phone_upgradeiphone_17_pro_max_or_z_fold_7/
1nu6vxr,iPhone 17,PurpleExtension2575,2025-09-30T07:34:45,0,0.35,newzealand,https://www.reddit.com/r/newzealand/comments/1nu6vxr/iphone_17/,https://www.reddit.com/r/newzealand/comments/1nu6vxr/iphone_17/
1nu3mu2,????,Easy_Dog4870,2025-09-30T04:18:15,59,0.81,guwahati,https://www.reddit.com/r/guwahati/comments/1nu3mu2/_/,https://i.redd.it/4pnd65pba8sf1.jpeg
1nu2xcf,g8 galileo vs g8 plus for steam link / moonlight on iphone 17 pro max,CarnivorousPickles,2025-09-30T03:41:53,3,1,Gamesir,https://www.reddit.com/r/Gamesir/comments/1nu2xcf/g8_galileo_vs_g8_plus_for_steam_link_moonlight_on/,https://www.reddit.com/r/Gamesir/comments/1nu2xcf/g8_galileo_vs_g8_plus_for_steam_link_moonlight_on/
1nu2hle,I manifested my business phone.,spoiled777,2025-09-30T03:20:06,135,0.99,lawofassumption,https://www.reddit.com/r/lawofassumption/comments/1nu2hle/i_manifested_my_business_phone/,https://i.redd.it/y0tdv9byz7sf1.jpeg
1nu19u0,Google Pixel 10 Pro XL signal issues,Ok_Possibility_7273,2025-09-30T02:20:56,1,1,ATT,https://www.reddit.com/r/ATT/comments/1nu19u0/google_pixel_10_pro_xl_signal_issues/,https://www.reddit.com/r/ATT/comments/1nu19u0/google_pixel_10_pro_xl_signal_issues/
1ntxxty,I want to order a case from dbrand iphone 17 pro max be honest is it worth the price ?,NoozPrime,2025-09-29T23:46:37,0,0.5,dbrand,https://www.reddit.com/r/dbrand/comments/1ntxxty/i_want_to_order_a_case_from_dbrand_iphone_17_pro/,https://www.reddit.com/r/dbrand/comments/1ntxxty/i_want_to_order_a_case_from_dbrand_iphone_17_pro/
1nttz7j,Give em hell: +1 (816) 406-5340,TopicQuiet8479,2025-09-29T21:02:20,3,1,ScamNumbers,https://www.reddit.com/r/ScamNumbers/comments/1nttz7j/give_em_hell_1_816_4065340/,https://www.reddit.com/r/ScamNumbers/comments/1nttz7j/give_em_hell_1_816_4065340/
1ntqhme,what’s your favorite device setup?,CarnivorousPickles,2025-09-29T18:50:39,8,1,MoonlightStreaming,https://www.reddit.com/r/MoonlightStreaming/comments/1ntqhme/whats_your_favorite_device_setup/,https://www.reddit.com/r/MoonlightStreaming/comments/1ntqhme/whats_your_favorite_device_setup/
1ntpwjn,"ordered iphone 17 pro max on 9/27, says it won’t ship until 10/24?",shreddedcheeeeeese,2025-09-29T18:29:01,3,0.59,ATT,https://www.reddit.com/r/ATT/comments/1ntpwjn/ordered_iphone_17_pro_max_on_927_says_it_wont/,https://www.reddit.com/r/ATT/comments/1ntpwjn/ordered_iphone_17_pro_max_on_927_says_it_wont/
1ntpkhc,what’s your favorite steam link setup?,CarnivorousPickles,2025-09-29T18:16:09,10,1,Steam_Link,https://www.reddit.com/r/Steam_Link/comments/1ntpkhc/whats_your_favorite_steam_link_setup/,https://www.reddit.com/r/Steam_Link/comments/1ntpkhc/whats_your_favorite_steam_link_setup/
1ntjysr,orange phone so loud it made me forget the 17 even dropped,stupidbodoh,2025-09-29T14:46:33,57,0.79,RepTronics,https://www.reddit.com/r/RepTronics/comments/1ntjysr/orange_phone_so_loud_it_made_me_forget_the_17/,https://www.reddit.com/gallery/1ntjysr
1nthoo6,iPhone 17 pro max,Sandler92,2025-09-29T13:13:22,0,0.4,iphone,https://www.reddit.com/r/iphone/comments/1nthoo6/iphone_17_pro_max/,https://i.redd.it/46kjywxvs3sf1.jpeg
1nteev2,Iphone 17 pro/max u iStyle?,DjusiDzej,2025-09-29T10:28:01,1,0.6,AskSerbia,https://www.reddit.com/r/AskSerbia/comments/1nteev2/iphone_17_promax_u_istyle/,https://www.reddit.com/r/AskSerbia/comments/1nteev2/iphone_17_promax_u_istyle/
1nte5kz,"ESR, Supcase, Caudabe, or Dbrand cases?",madlyunknown,2025-09-29T10:11:47,0,0.5,iphone,https://www.reddit.com/r/iphone/comments/1nte5kz/esr_supcase_caudabe_or_dbrand_cases/,https://www.reddit.com/r/iphone/comments/1nte5kz/esr_supcase_caudabe_or_dbrand_cases/
1ntcyv4,GST Invoice iPhone,Maximum-Total-268,2025-09-29T08:53:15,1,0.66,IndiaTech,https://www.reddit.com/r/IndiaTech/comments/1ntcyv4/gst_invoice_iphone/,https://www.reddit.com/r/IndiaTech/comments/1ntcyv4/gst_invoice_iphone/
1ntc1lh,New Phone Dilemma... Advice Needed,Total_Macaron2966,2025-09-29T07:50:08,1,1,phones,https://www.reddit.com/r/phones/comments/1ntc1lh/new_phone_dilemma_advice_needed/,https://www.reddit.com/r/phones/comments/1ntc1lh/new_phone_dilemma_advice_needed/
1ntb9g5,iPhone 17 Camera Clicking Sound - driven by iOS 26 or Hardware?,neXgo77,2025-09-29T06:57:40,6,1,ios,https://www.reddit.com/r/ios/comments/1ntb9g5/iphone_17_camera_clicking_sound_driven_by_ios_26/,https://www.reddit.com/r/ios/comments/1ntb9g5/iphone_17_camera_clicking_sound_driven_by_ios_26/
1nt6te3,General Feelings of the IPhone 17 Pro Max and IOS26,Optimal_Friendship_8,2025-09-29T02:39:10,5,0.78,iPhone17Pro,https://www.reddit.com/r/iPhone17Pro/comments/1nt6te3/general_feelings_of_the_iphone_17_pro_max_and/,https://www.reddit.com/r/iPhone17Pro/comments/1nt6te3/general_feelings_of_the_iphone_17_pro_max_and/
1nt65q6,iPhone 17 Pro Max Review: First Week Ownership Experience,manofmanytastes,2025-09-29T02:05:55,1,1,manofmanytastes,https://www.reddit.com/r/manofmanytastes/comments/1nt65q6/iphone_17_pro_max_review_first_week_ownership/,https://www.reddit.com/r/manofmanytastes/comments/1nt65q6/iphone_17_pro_max_review_first_week_ownership/
1nt61yb,Low power mode is very annoying on iOS26,EarlyCaregiver9547,2025-09-29T02:00:48,0,0.36,iphone,https://www.reddit.com/r/iphone/comments/1nt61yb/low_power_mode_is_very_annoying_on_ios26/,https://www.reddit.com/r/iphone/comments/1nt61yb/low_power_mode_is_very_annoying_on_ios26/
1nt0551,Favorite slim profile magsafe wallet that can fit 4 cards?,looloosha,2025-09-28T21:25:20,4,0.84,MagSafe,https://www.reddit.com/r/MagSafe/comments/1nt0551/favorite_slim_profile_magsafe_wallet_that_can_fit/,https://www.reddit.com/r/MagSafe/comments/1nt0551/favorite_slim_profile_magsafe_wallet_that_can_fit/
1nsyt2r,I ordered an iphone 17 pro max on 9/15 but it’s not slated to arrive until like 11/7. Is that normal? A lot of people i know ordered theirs way later than me and already received their phones.,v-a-g,2025-09-28T20:31:01,3,0.6,ATT,https://www.reddit.com/r/ATT/comments/1nsyt2r/i_ordered_an_iphone_17_pro_max_on_915_but_its_not/,https://www.reddit.com/r/ATT/comments/1nsyt2r/i_ordered_an_iphone_17_pro_max_on_915_but_its_not/
1nssfh4,La photo c’est en option,Natural-Chapter-9591,2025-09-28T16:18:02,0,0.31,lemauvaiscoin,https://www.reddit.com/r/lemauvaiscoin/comments/1nssfh4/la_photo_cest_en_option/,https://i.redd.it/32xczq8xkxrf1.jpeg
1nss9eh,GSMArena's 17 Pro Max review,senerh,2025-09-28T16:11:10,484,0.83,iphone,https://www.reddit.com/r/iphone/comments/1nss9eh/gsmarenas_17_pro_max_review/,https://www.reddit.com/r/iphone/comments/1nss9eh/gsmarenas_17_pro_max_review/
1nsp5uq,Facts hurt 😂😂,North-Word3298,2025-09-28T14:04:19,0,0.45,Xiaomi,https://www.reddit.com/r/Xiaomi/comments/1nsp5uq/facts_hurt/,https://www.reddit.com/r/Xiaomi/comments/1nsp5uq/facts_hurt/
1nsouwl,iphone 17 pro max awaiting confirmation tracking,meochiaa,2025-09-28T13:51:20,5,0.67,EEGB,https://www.reddit.com/r/EEGB/comments/1nsouwl/iphone_17_pro_max_awaiting_confirmation_tracking/,https://i.redd.it/aw1w2w1ruwrf1.jpeg
1nsl82l,Looking for iPhone 17 pro max,ProfessionalBest01,2025-09-28T10:46:10,0,0.43,qatar,https://www.reddit.com/r/qatar/comments/1nsl82l/looking_for_iphone_17_pro_max/,https://www.reddit.com/r/qatar/comments/1nsl82l/looking_for_iphone_17_pro_max/
1nsl4qw,Iphone 17 pro max vs Vivo x200 pro,amarevy97,2025-09-28T10:40:21,63,0.98,Vivo,https://www.reddit.com/r/Vivo/comments/1nsl4qw/iphone_17_pro_max_vs_vivo_x200_pro/,https://www.reddit.com/gallery/1nsl4qw
1nskpio,Iphone 17 pro max,Something2funk2,2025-09-28T10:14:19,3,0.71,iphone,https://www.reddit.com/r/iphone/comments/1nskpio/iphone_17_pro_max/,https://www.reddit.com/r/iphone/comments/1nskpio/iphone_17_pro_max/
1nsk707,My take on the 17 Series Case Design,Kunufair,2025-09-28T09:40:54,207,0.96,BambuLab,https://www.reddit.com/r/BambuLab/comments/1nsk707/my_take_on_the_17_series_case_design/,https://www.reddit.com/gallery/1nsk707
1nshea7,iphone 8 Plus,Chaosinmaking,2025-09-28T06:39:31,28,0.94,iPhoneWale,https://www.reddit.com/r/iPhoneWale/comments/1nshea7/iphone_8_plus/,https://i.redd.it/zliysnjopurf1.jpeg
1ns92gl,Cancelled iphone 17 Order,Ill-Concert-4509,2025-09-27T23:07:55,0,0.48,ATT,https://www.reddit.com/r/ATT/comments/1ns92gl/cancelled_iphone_17_order/,https://www.reddit.com/r/ATT/comments/1ns92gl/cancelled_iphone_17_order/
1ns46n1,Any iphone 17 pro max cases theat fully remove the camera control button?,STFU_im_ssttrroo,2025-09-27T19:35:50,1,0.57,iphone,https://www.reddit.com/r/iphone/comments/1ns46n1/any_iphone_17_pro_max_cases_theat_fully_remove/,https://www.reddit.com/r/iphone/comments/1ns46n1/any_iphone_17_pro_max_cases_theat_fully_remove/
1ns1xrx,Mai office wallo sae badla kaise lu,pikchu1708,2025-09-27T18:04:30,45,0.98,gurgaon,https://www.reddit.com/r/gurgaon/comments/1ns1xrx/mai_office_wallo_sae_badla_kaise_lu/,https://www.reddit.com/r/gurgaon/comments/1ns1xrx/mai_office_wallo_sae_badla_kaise_lu/
1ns0tyz,Iphone 17 pro max,Cold_Promotion2829,2025-09-27T17:20:42,0,0.5,dbrand,https://www.reddit.com/r/dbrand/comments/1ns0tyz/iphone_17_pro_max/,https://www.reddit.com/r/dbrand/comments/1ns0tyz/iphone_17_pro_max/
1nrzrzo,Is the iphone 17 pro max really annoying to hold in your pocket/hand ?,NoozPrime,2025-09-27T16:38:02,0,0.42,iphone,https://www.reddit.com/r/iphone/comments/1nrzrzo/is_the_iphone_17_pro_max_really_annoying_to_hold/,https://www.reddit.com/r/iphone/comments/1nrzrzo/is_the_iphone_17_pro_max_really_annoying_to_hold/
1nrz67j,Lied to in store and was told to deal with it iphone 17 pro max,Ok_Noise_5680,2025-09-27T16:13:34,0,0.33,iphone,https://www.reddit.com/r/iphone/comments/1nrz67j/lied_to_in_store_and_was_told_to_deal_with_it/,https://www.reddit.com/gallery/1nrz5u6
1nrz5u6,Lied to in store and was told to deal with it iphone 17 pro max,Ok_Noise_5680,2025-09-27T16:13:07,0,0.33,ATT,https://www.reddit.com/r/ATT/comments/1nrz5u6/lied_to_in_store_and_was_told_to_deal_with_it/,https://www.reddit.com/gallery/1nrz5u6
1nrygmv,UniFi Cloud Gateway Ultra and slow downloads from iPhone AppStore,andreb81,2025-09-27T15:44:10,3,1,Ubiquiti,https://www.reddit.com/r/Ubiquiti/comments/1nrygmv/unifi_cloud_gateway_ultra_and_slow_downloads_from/,https://www.reddit.com/r/Ubiquiti/comments/1nrygmv/unifi_cloud_gateway_ultra_and_slow_downloads_from/
1nrwnse,Iphone 17 Pro Max vs Pixel 10 Pro XL: The Answer Is Clear,TaroTheCerelian,2025-09-27T14:29:11,3,0.58,pixel_phones,https://www.reddit.com/r/pixel_phones/comments/1nrwnse/iphone_17_pro_max_vs_pixel_10_pro_xl_the_answer/,https://youtu.be/WcF42-z7SSk?si=rlRF5p0dzWPBlnbh
1nrwelw,Apple forced me to pay 1.1k dollars,kateymadden,2025-09-27T14:18:04,0,0.43,applehelp,https://www.reddit.com/r/applehelp/comments/1nrwelw/apple_forced_me_to_pay_11k_dollars/,https://www.reddit.com/r/applehelp/comments/1nrwelw/apple_forced_me_to_pay_11k_dollars/
1nrs3wh,Trueplay not working on iphone 17 pro max ?,darksun_80,2025-09-27T10:45:21,2,0.67,sonos,https://www.reddit.com/r/sonos/comments/1nrs3wh/trueplay_not_working_on_iphone_17_pro_max/,https://www.reddit.com/r/sonos/comments/1nrs3wh/trueplay_not_working_on_iphone_17_pro_max/
1nrormq,iPhone 17 Pro Max | iOS26 Is Actually Crazy Battery Nightmare | Power Consumption Deep Dive,MarionberryDear6170,2025-09-27T07:11:14,2916,0.89,apple,https://www.reddit.com/r/apple/comments/1nrormq/iphone_17_pro_max_ios26_is_actually_crazy_battery/,https://www.reddit.com/r/iPhone17Pro/comments/1nrc5zi/iphone_17_pro_max_ios26_is_actually_crazy_battery/?utm_source=share&utm_medium=web3x&utm_name=web3xcss&utm_term=1&utm_content=share_button
1nrlmm6,Iphone 17 Pro Max Blue 512 still not shipped,Natural-Platypus9542,2025-09-27T04:03:38,2,0.55,verizon,https://www.reddit.com/r/verizon/comments/1nrlmm6/iphone_17_pro_max_blue_512_still_not_shipped/,https://www.reddit.com/r/verizon/comments/1nrlmm6/iphone_17_pro_max_blue_512_still_not_shipped/
1nrljs5,Level of News. That's why Indian news freedom index is so low.,Impressive-Tie7587,2025-09-27T03:59:43,0,0.5,delhi,https://www.reddit.com/r/delhi/comments/1nrljs5/level_of_news_thats_why_indian_news_freedom_index/,https://www.reddit.com/r/delhi/comments/1nrljs5/level_of_news_thats_why_indian_news_freedom_index/
1nrljeu,Need A Advice,MBYK_OG_99,2025-09-27T03:59:07,2,1,iPhoneWale,https://www.reddit.com/r/iPhoneWale/comments/1nrljeu/need_a_advice/,https://www.reddit.com/r/iPhoneWale/comments/1nrljeu/need_a_advice/
1nrkivr,Torras Ostand Q3 Air vs Torras  Ostand R Air,liaaaammm,2025-09-27T03:04:08,2,1,TORRAS_Official,https://www.reddit.com/r/TORRAS_Official/comments/1nrkivr/torras_ostand_q3_air_vs_torras_ostand_r_air/,https://www.jbhifi.com.au/products/torras-ostand-r-air-case-for-iphone-17-pro-max-black
1nrhd4t,Iphone 17 pro max and induction speaker,Carriebeary8,2025-09-27T00:22:00,1,0.66,iphone,https://www.reddit.com/r/iphone/comments/1nrhd4t/iphone_17_pro_max_and_induction_speaker/,https://www.reddit.com/r/iphone/comments/1nrhd4t/iphone_17_pro_max_and_induction_speaker/
1nrdcx1,[USA-NJ] [H] iphone 17 pro max 256 blue [W] cash,80kS,2025-09-26T21:20:43,0,0.4,hardwareswap,https://www.reddit.com/r/hardwareswap/comments/1nrdcx1/usanj_h_iphone_17_pro_max_256_blue_w_cash/,https://www.reddit.com/r/hardwareswap/comments/1nrdcx1/usanj_h_iphone_17_pro_max_256_blue_w_cash/
1nrcehm,iPhone 17 Pro Max | iOS26 Is Not Efficient At All  | Power Consumption Deep Dive,MarionberryDear6170,2025-09-26T20:41:06,3,0.63,iphone,https://www.reddit.com/r/iphone/comments/1nrcehm/iphone_17_pro_max_ios26_is_not_efficient_at_all/,https://www.reddit.com/r/iphone/comments/1nrcehm/iphone_17_pro_max_ios26_is_not_efficient_at_all/
1nrbhsy,Android choise,Bored_Swordfish,2025-09-26T20:05:16,1,1,Smartphones,https://www.reddit.com/r/Smartphones/comments/1nrbhsy/android_choise/,https://www.reddit.com/r/Smartphones/comments/1nrbhsy/android_choise/
1nrbhiq,iPhone 17 Pro Max Faulty Display,Routine-Snow-6492,2025-09-26T20:04:58,1,1,iphone17faulty,https://www.reddit.com/r/iphone17faulty/comments/1nrbhiq/iphone_17_pro_max_faulty_display/,https://www.reddit.com/r/iphone17faulty/comments/1nrbhiq/iphone_17_pro_max_faulty_display/
1nr7qyo,Iphone 17 Pro max battery,Whacking23,2025-09-26T17:38:32,2,1,iPhone17Pro,https://www.reddit.com/r/iPhone17Pro/comments/1nr7qyo/iphone_17_pro_max_battery/,https://www.reddit.com/r/iPhone17Pro/comments/1nr7qyo/iphone_17_pro_max_battery/
1nr3jle,Gastariam cerca de 15 mil no iphone 17 pro max ?,Few_Revolution3150,2025-09-26T14:56:52,0,0.36,PergunteReddit,https://www.reddit.com/r/PergunteReddit/comments/1nr3jle/gastariam_cerca_de_15_mil_no_iphone_17_pro_max/,https://www.reddit.com/r/PergunteReddit/comments/1nr3jle/gastariam_cerca_de_15_mil_no_iphone_17_pro_max/
1nr2c75,"My relative (typical marwari) Earning 10 lac per month , but still using nokia keypad and when ask to them answer is ""kya karna hai""",SwimmerPlus3383,2025-09-26T14:08:58,401,0.95,ItsYourMoney,https://www.reddit.com/r/ItsYourMoney/comments/1nr2c75/my_relative_typical_marwari_earning_10_lac_per/,https://i.redd.it/94a44mm2oirf1.jpeg
1nr2046,iphone 17 pro max shipping,lotissflowerbomb,2025-09-26T13:55:21,0,0.3,ATT,https://www.reddit.com/r/ATT/comments/1nr2046/iphone_17_pro_max_shipping/,https://www.reddit.com/r/ATT/comments/1nr2046/iphone_17_pro_max_shipping/
1nr1t9l,Xiaomi 17 Pro Max kada dolazi u Srbiju?,KingKongHEHE,2025-09-26T13:47:19,2,1,AskSerbia,https://www.reddit.com/r/AskSerbia/comments/1nr1t9l/xiaomi_17_pro_max_kada_dolazi_u_srbiju/,https://www.reddit.com/r/AskSerbia/comments/1nr1t9l/xiaomi_17_pro_max_kada_dolazi_u_srbiju/
1nr00n3,How does FNAC order system works?,PineappleTall210,2025-09-26T12:28:12,0,0.5,belgium,https://www.reddit.com/r/belgium/comments/1nr00n3/how_does_fnac_order_system_works/,https://www.reddit.com/r/belgium/comments/1nr00n3/how_does_fnac_order_system_works/
1nqzhaw,Upgraded to new iphone 17 pro max and activated it successfully last night. Then Visible reversed the activation this morning and re-activated my old phone?,JohnnyBoySoprano,2025-09-26T12:01:56,2,0.63,Visible,https://www.reddit.com/r/Visible/comments/1nqzhaw/upgraded_to_new_iphone_17_pro_max_and_activated/,https://www.reddit.com/r/Visible/comments/1nqzhaw/upgraded_to_new_iphone_17_pro_max_and_activated/
1nqz3ef,Is the new iphone worth it?,Avvert,2025-09-26T11:42:38,0,0.5,iPhone17Pro,https://www.reddit.com/r/iPhone17Pro/comments/1nqz3ef/is_the_new_iphone_worth_it/,https://www.reddit.com/r/iPhone17Pro/comments/1nqz3ef/is_the_new_iphone_worth_it/
1nqykij,Has anyone compared the battery in iphone 17 pro max (U.S vs international version),Nanoboom2,2025-09-26T11:14:02,2,1,iPhone17Pro,https://www.reddit.com/r/iPhone17Pro/comments/1nqykij/has_anyone_compared_the_battery_in_iphone_17_pro/,https://www.reddit.com/r/iPhone17Pro/comments/1nqykij/has_anyone_compared_the_battery_in_iphone_17_pro/
1nqwpeh,IPhone 17 Pro Max is a landmark device for Apple,Interesting-Use-2174,2025-09-26T09:21:44,3,1,iPhone17Pro,https://www.reddit.com/r/iPhone17Pro/comments/1nqwpeh/iphone_17_pro_max_is_a_landmark_device_for_apple/,https://www.reddit.com/r/iPhone17Pro/comments/1nqwpeh/iphone_17_pro_max_is_a_landmark_device_for_apple/
1nqs3zs,Anyone wanna buy a oneplus 13r for like 450?,FeedbackDisastrous37,2025-09-26T04:32:38,0,0.33,LAlist,https://www.reddit.com/r/LAlist/comments/1nqs3zs/anyone_wanna_buy_a_oneplus_13r_for_like_450/,https://www.reddit.com/r/LAlist/comments/1nqs3zs/anyone_wanna_buy_a_oneplus_13r_for_like_450/
1nqrwd4,Iphone 17 Pro Max In-store pickup issue,Direct-Button1358,2025-09-26T04:20:56,0,0.33,ATT,https://www.reddit.com/r/ATT/comments/1nqrwd4/iphone_17_pro_max_instore_pickup_issue/,https://www.reddit.com/r/ATT/comments/1nqrwd4/iphone_17_pro_max_instore_pickup_issue/
1nqrfhn,Ghost Videos?,darwonton,2025-09-26T03:55:59,1,1,techsupport,https://www.reddit.com/r/techsupport/comments/1nqrfhn/ghost_videos/,https://www.reddit.com/r/techsupport/comments/1nqrfhn/ghost_videos/
1nqqk29,Iphone 17 pro max battery draining too fast,Frequent_Dream7417,2025-09-26T03:09:34,3,1,iPhone17Pro,https://www.reddit.com/r/iPhone17Pro/comments/1nqqk29/iphone_17_pro_max_battery_draining_too_fast/,https://www.reddit.com/r/iPhone17Pro/comments/1nqqk29/iphone_17_pro_max_battery_draining_too_fast/
1nqqf3b,Game file now switching to new device,DuoShockGamers,2025-09-26T03:02:30,1,1,earthinc,https://www.reddit.com/r/earthinc/comments/1nqqf3b/game_file_now_switching_to_new_device/,https://www.reddit.com/r/earthinc/comments/1nqqf3b/game_file_now_switching_to_new_device/
1nqn8lh,Iphone 17,Inevitable_Ad_892,2025-09-26T00:26:31,7,0.82,PWM_Sensitive,https://www.reddit.com/r/PWM_Sensitive/comments/1nqn8lh/iphone_17/,https://www.reddit.com/r/PWM_Sensitive/comments/1nqn8lh/iphone_17/
1nqlzls,Is my phonecase and screenprotector still arriving on this month?,Caracal_711,2025-09-25T23:28:16,4,0.75,dbrand,https://www.reddit.com/r/dbrand/comments/1nqlzls/is_my_phonecase_and_screenprotector_still/,https://www.reddit.com/r/dbrand/comments/1nqlzls/is_my_phonecase_and_screenprotector_still/
1nqlns9,Scan Box Pro and IPhone 17 Pro,teacher_of_twelves,2025-09-25T23:13:32,4,1,Invisalign,https://www.reddit.com/r/Invisalign/comments/1nqlns9/scan_box_pro_and_iphone_17_pro/,https://www.reddit.com/r/Invisalign/comments/1nqlns9/scan_box_pro_and_iphone_17_pro/
1nqk1sh,Spigen vs RhinoShield Camera Protectors – Are They Worth It?,Environmental-Yam823,2025-09-25T22:04:07,0,0.22,toycameras,https://www.reddit.com/r/toycameras/comments/1nqk1sh/spigen_vs_rhinoshield_camera_protectors_are_they/,https://www.reddit.com/r/toycameras/comments/1nqk1sh/spigen_vs_rhinoshield_camera_protectors_are_they/
1nqhfbe,Can’t shuffle Nature/Cities (lock screen anymore),Significant_Today126,2025-09-25T20:18:40,0,0.33,iphone,https://www.reddit.com/r/iphone/comments/1nqhfbe/cant_shuffle_naturecities_lock_screen_anymore/,https://i.redd.it/j2omqsa4ddrf1.jpeg
1nqhd06,what cases are comparable to life proof?,Diligent_Remove8714,2025-09-25T20:16:12,0,0.5,iphone,https://www.reddit.com/r/iphone/comments/1nqhd06/what_cases_are_comparable_to_life_proof/,https://www.reddit.com/r/iphone/comments/1nqhd06/what_cases_are_comparable_to_life_proof/
1nqgg9r,i  bought iphone 17 pro max 2tb like speed,himelghostvlogs,2025-09-25T19:40:25,0,0.14,iphone,https://www.reddit.com/r/iphone/comments/1nqgg9r/i_bought_iphone_17_pro_max_2tb_like_speed/,https://i.redd.it/roar7icm5drf1.png
1nqfr90,Google Store return new phone after trade in completed.,geekflyer7,2025-09-25T19:13:47,0,0.3,GooglePixel,https://www.reddit.com/r/GooglePixel/comments/1nqfr90/google_store_return_new_phone_after_trade_in/,https://www.reddit.com/r/GooglePixel/comments/1nqfr90/google_store_return_new_phone_after_trade_in/
1nqfba7,apple iphone 17 pro max restock,Next-Hovercraft672,2025-09-25T18:57:08,0,0.25,AmazonUK,https://www.reddit.com/r/AmazonUK/comments/1nqfba7/apple_iphone_17_pro_max_restock/,https://i.redd.it/g3p2r4hkycrf1.jpeg
1nqeym0,shipped within two days,Inevitable-Car3509,2025-09-25T18:43:40,3,0.8,verizon,https://www.reddit.com/r/verizon/comments/1nqeym0/shipped_within_two_days/,https://www.reddit.com/r/verizon/comments/1nqeym0/shipped_within_two_days/
1nqbjfn,Iphone 17 pro max,joeyke1976,2025-09-25T16:33:38,39,0.89,iPhone17Pro,https://www.reddit.com/r/iPhone17Pro/comments/1nqbjfn/iphone_17_pro_max/,https://i.redd.it/k1ar81vy8crf1.jpeg
1nqazyk,ESR Hydrid Magnetic Case iPhone 17 Pro Max REVIEW,MacSources,2025-09-25T16:12:56,2,1,MacSources,https://www.reddit.com/r/MacSources/comments/1nqazyk/esr_hydrid_magnetic_case_iphone_17_pro_max_review/,https://macsources.com/esr-hydrid-magnetic-case-iphone-17-pro-max-review/
1nq7n55,Does Spectrum stock the IPhone 17 Pro Max in their stores?,GuntherOfGunth,2025-09-25T14:03:27,0,0.5,Spectrum,https://www.reddit.com/r/Spectrum/comments/1nq7n55/does_spectrum_stock_the_iphone_17_pro_max_in/,https://www.reddit.com/r/Spectrum/comments/1nq7n55/does_spectrum_stock_the_iphone_17_pro_max_in/
1nq6hfh,Returning IPhone 17 pro max,jn-indianwood,2025-09-25T13:15:49,0,0.27,tmobile,https://www.reddit.com/r/tmobile/comments/1nq6hfh/returning_iphone_17_pro_max/,https://www.reddit.com/r/tmobile/comments/1nq6hfh/returning_iphone_17_pro_max/
1nq64fm,Planning to buy the iphone 17 pro max (Deep blue) Should I be worried about the scratches or an ESR case would suffice?,Miserable-Country106,2025-09-25T13:00:12,1,1,iPhone17Pro,https://www.reddit.com/r/iPhone17Pro/comments/1nq64fm/planning_to_buy_the_iphone_17_pro_max_deep_blue/,https://www.reddit.com/r/iPhone17Pro/comments/1nq64fm/planning_to_buy_the_iphone_17_pro_max_deep_blue/
1nq5zvm,Camera cut out for Iphone17PM,rollerchester_v,2025-09-25T12:54:35,5,1,Caudabe,https://www.reddit.com/r/Caudabe/comments/1nq5zvm/camera_cut_out_for_iphone17pm/,https://www.reddit.com/r/Caudabe/comments/1nq5zvm/camera_cut_out_for_iphone17pm/
1nq4unw,Planning to buy the iphone 17 pro max (Deep blue) Should I be worried about the scratches or an ESR case would suffice?,Miserable-Country106,2025-09-25T12:01:30,2,1,iphone17,https://www.reddit.com/r/iphone17/comments/1nq4unw/planning_to_buy_the_iphone_17_pro_max_deep_blue/,https://www.reddit.com/r/iphone17/comments/1nq4unw/planning_to_buy_the_iphone_17_pro_max_deep_blue/
1nq3qrz,Upgrading from Iphone 13 to Iphone 17 Pro Max - Worth it?,Ancient-Training-884,2025-09-25T11:03:04,4,0.83,iPhone13,https://www.reddit.com/r/iPhone13/comments/1nq3qrz/upgrading_from_iphone_13_to_iphone_17_pro_max/,https://www.reddit.com/r/iPhone13/comments/1nq3qrz/upgrading_from_iphone_13_to_iphone_17_pro_max/
1nq1yio,Plan on buying IPhone 17 Pro Max,Sufficient_Bank_235,2025-09-25T09:13:50,0,0.33,Tech_Philippines,https://www.reddit.com/r/Tech_Philippines/comments/1nq1yio/plan_on_buying_iphone_17_pro_max/,https://www.reddit.com/r/Tech_Philippines/comments/1nq1yio/plan_on_buying_iphone_17_pro_max/
1npzlhx,ATT Unlimited Premium -> USM Dark Star Premium - Any catch?,geekflyer7,2025-09-25T06:37:58,3,0.8,USMobile,https://www.reddit.com/r/USMobile/comments/1npzlhx/att_unlimited_premium_usm_dark_star_premium_any/,https://www.reddit.com/r/USMobile/comments/1npzlhx/att_unlimited_premium_usm_dark_star_premium_any/
1npyyo1,I keep getting subbed to random channel I don't remember doing so.,Adamc474892,2025-09-25T05:57:21,1,0.66,youtube,https://www.reddit.com/r/youtube/comments/1npyyo1/i_keep_getting_subbed_to_random_channel_i_dont/,https://www.reddit.com/gallery/1npyyo1
1npyjbz,My thoughts on my IPhone 17 Pro Max,SuspiciousCell2775,2025-09-25T05:31:00,0,0.5,iPhone17Pro,https://www.reddit.com/r/iPhone17Pro/comments/1npyjbz/my_thoughts_on_my_iphone_17_pro_max/,https://www.reddit.com/r/iPhone17Pro/comments/1npyjbz/my_thoughts_on_my_iphone_17_pro_max/
1npyepm,ATT is so incompetent - Upgrade eligibility gone after canceling iphone order.,geekflyer7,2025-09-25T05:22:58,0,0.33,ATT,https://www.reddit.com/r/ATT/comments/1npyepm/att_is_so_incompetent_upgrade_eligibility_gone/,https://www.reddit.com/r/ATT/comments/1npyepm/att_is_so_incompetent_upgrade_eligibility_gone/
1npxxmv,Transfer request canceled after the new phone delivered,Think-Dance-8533,2025-09-25T04:54:37,0,0.5,ATT,https://www.reddit.com/r/ATT/comments/1npxxmv/transfer_request_canceled_after_the_new_phone/,https://www.reddit.com/r/ATT/comments/1npxxmv/transfer_request_canceled_after_the_new_phone/
1npucw3,"IPhone 17 Pro Max Cedar Breaks, Utah.",Slcreddit1,2025-09-25T01:47:40,2,1,iPhoneography,https://www.reddit.com/r/iPhoneography/comments/1npucw3/iphone_17_pro_max_cedar_breaks_utah/,https://i.redd.it/yqnf5zkwu7rf1.jpeg
1npqpys,Any news on any new colors for the IPhone 17 Pro max?,TravelingEctasy,2025-09-24T22:57:22,0,0.3,iphone,https://www.reddit.com/r/iphone/comments/1npqpys/any_news_on_any_new_colors_for_the_iphone_17_pro/,https://www.reddit.com/r/iphone/comments/1npqpys/any_news_on_any_new_colors_for_the_iphone_17_pro/
1npqc98,Confused between IPhone 17 pro max or 16 Pro max 😕,Intelligent-Two4331,2025-09-24T22:40:28,0,0.33,iphone,https://www.reddit.com/r/iphone/comments/1npqc98/confused_between_iphone_17_pro_max_or_16_pro_max/,https://www.reddit.com/r/iphone/comments/1npqc98/confused_between_iphone_17_pro_max_or_16_pro_max/
1npoeex,How do i track my T-mobile order!!,Weird_Adhesiveness10,2025-09-24T21:20:03,0,0.27,tmobile,https://www.reddit.com/r/tmobile/comments/1npoeex/how_do_i_track_my_tmobile_order/,https://www.reddit.com/r/tmobile/comments/1npoeex/how_do_i_track_my_tmobile_order/
1npkzem,Financial advice.,__Korbi__,2025-09-24T19:06:14,130,1,carscirclejerk,https://www.reddit.com/r/carscirclejerk/comments/1npkzem/financial_advice/,https://i.redd.it/uzjk38cav5rf1.jpeg
1npkkfp,Top Speaker Rattle Sound,Khelics,2025-09-24T18:50:58,3,1,iPhone17Pro,https://www.reddit.com/r/iPhone17Pro/comments/1npkkfp/top_speaker_rattle_sound/,https://www.reddit.com/r/iPhone17Pro/comments/1npkkfp/top_speaker_rattle_sound/
1npiqt8,Iphone 17 Pro Max Vs Iphone 16 Pro Max,TheYetty32,2025-09-24T17:41:54,1,1,whattobuy,https://www.reddit.com/r/whattobuy/comments/1npiqt8/iphone_17_pro_max_vs_iphone_16_pro_max/,https://www.reddit.com/r/whattobuy/comments/1npiqt8/iphone_17_pro_max_vs_iphone_16_pro_max/
1npilxy,Internation arrival in karachi airport coming with new iphone,HousingImpossible459,2025-09-24T17:36:36,3,0.72,karachi,https://www.reddit.com/r/karachi/comments/1npilxy/internation_arrival_in_karachi_airport_coming/,https://www.reddit.com/r/karachi/comments/1npilxy/internation_arrival_in_karachi_airport_coming/
1npi9af,EU VER Iphone 17 Pro Max battery draining really fast,Night-Of-Shadow,2025-09-24T17:23:05,1,1,applehelp,https://www.reddit.com/r/applehelp/comments/1npi9af/eu_ver_iphone_17_pro_max_battery_draining_really/,https://www.reddit.com/r/applehelp/comments/1npi9af/eu_ver_iphone_17_pro_max_battery_draining_really/
1npi0cy,when is my phone coming?!?!?,Shot_Tomato823,2025-09-24T17:13:36,0,0.2,tmobile,https://www.reddit.com/r/tmobile/comments/1npi0cy/when_is_my_phone_coming/,https://i.redd.it/ljgdg4y6b5rf1.jpeg
1nphltq,EU Ver Iphone 17 Pro Max Battery draining fast,Night-Of-Shadow,2025-09-24T16:58:37,2,1,iphone17,https://www.reddit.com/r/iphone17/comments/1nphltq/eu_ver_iphone_17_pro_max_battery_draining_fast/,https://www.reddit.com/r/iphone17/comments/1nphltq/eu_ver_iphone_17_pro_max_battery_draining_fast/
1npfpqc,S24 ultra or iPhone 17 or,No-Conflict-8032,2025-09-24T15:47:56,0,0.5,Smartphones,https://www.reddit.com/r/Smartphones/comments/1npfpqc/s24_ultra_or_iphone_17_or/,https://www.reddit.com/r/Smartphones/comments/1npfpqc/s24_ultra_or_iphone_17_or/
1npeimj,iphone 17 pro max battery sucks. Wtf tim apple?,HeyDontSkipLegDay,2025-09-24T15:02:37,3,0.59,applehelp,https://www.reddit.com/r/applehelp/comments/1npeimj/iphone_17_pro_max_battery_sucks_wtf_tim_apple/,https://i.redd.it/hqy8zfhtn4rf1.jpeg
1npe4ht,iPhone 17 Case,Conscious-Meal-6149,2025-09-24T14:47:39,0,0.5,iphone,https://www.reddit.com/r/iphone/comments/1npe4ht/iphone_17_case/,https://www.reddit.com/r/iphone/comments/1npe4ht/iphone_17_case/
1npd2pm,orange iphone 17 pro max!! (embuy electronics line),stupidbodoh,2025-09-24T14:06:08,45,0.76,RepTronics,https://www.reddit.com/r/RepTronics/comments/1npd2pm/orange_iphone_17_pro_max_embuy_electronics_line/,https://www.reddit.com/gallery/1npd2pm
1npb2ro,"oooh it's been a while, but iPhone 17 is here!",carvedhq,2025-09-24T12:41:29,2,1,Carved,https://www.reddit.com/r/Carved/comments/1npb2ro/oooh_its_been_a_while_but_iphone_17_is_here/,https://www.reddit.com/r/Carved/comments/1npb2ro/oooh_its_been_a_while_but_iphone_17_is_here/
1np96na,18M rather than buying iphone 17 pro max I bought these,Wooden-Ad1891,2025-09-24T11:05:05,469,0.98,IndiaStocks,https://www.reddit.com/r/IndiaStocks/comments/1np96na/18m_rather_than_buying_iphone_17_pro_max_i_bought/,https://www.reddit.com/gallery/1np96na
1np954u,Iphone 17 pro max issues,Glittering_Club8432,2025-09-24T11:02:40,1,0.67,iphone,https://www.reddit.com/r/iphone/comments/1np954u/iphone_17_pro_max_issues/,https://www.reddit.com/r/iphone/comments/1np954u/iphone_17_pro_max_issues/
1np6r0x,Iphone 17 pro max,Valuable_Channel_459,2025-09-24T08:29:24,1,1,iPhone13Pro,https://www.reddit.com/r/iPhone13Pro/comments/1np6r0x/iphone_17_pro_max/,https://www.reddit.com/r/iPhone13Pro/comments/1np6r0x/iphone_17_pro_max/
1nowhm9,Ghost 2.0 preorder,iGoByMatt_,2025-09-23T23:13:28,1,1,dbrand,https://www.reddit.com/r/dbrand/comments/1nowhm9/ghost_20_preorder/,https://www.reddit.com/r/dbrand/comments/1nowhm9/ghost_20_preorder/
1novw91,17 Pro Max - minimalist case but with buttons?,geomachina,2025-09-23T22:47:20,1,0.57,iphone,https://www.reddit.com/r/iphone/comments/1novw91/17_pro_max_minimalist_case_but_with_buttons/,https://www.reddit.com/r/iphone/comments/1novw91/17_pro_max_minimalist_case_but_with_buttons/
1noqw9y,I designed a camera dust cover for the iPhone 17 Pro – just a 13-minute print!,Kunufair,2025-09-23T19:29:23,41,0.77,BambuLab,https://www.reddit.com/r/BambuLab/comments/1noqw9y/i_designed_a_camera_dust_cover_for_the_iphone_17/,https://i.redd.it/zidqdl2iuyqf1.jpeg
1noq58u,A20 Bluetooth Issues,Adventurous-Pigeon,2025-09-23T19:00:54,2,1,flying,https://www.reddit.com/r/flying/comments/1noq58u/a20_bluetooth_issues/,https://www.reddit.com/r/flying/comments/1noq58u/a20_bluetooth_issues/
1noog8w,Selfie Log Video not working on IPhone 17 Pro Max,lpfphoto,2025-09-23T17:57:23,1,1,iPhone17Pro,https://www.reddit.com/r/iPhone17Pro/comments/1noog8w/selfie_log_video_not_working_on_iphone_17_pro_max/,https://i.redd.it/lvq8w4e0eyqf1.jpeg
1nooft0,Selfie Log Video not working on IPhone 17 Pro Max,lpfphoto,2025-09-23T17:56:56,3,1,ios,https://www.reddit.com/r/ios/comments/1nooft0/selfie_log_video_not_working_on_iphone_17_pro_max/,https://i.redd.it/lvq8w4e0eyqf1.jpeg
1noodgz,Wireless charger,Bitter-Ad-2897,2025-09-23T17:54:31,3,1,chevycolorado,https://www.reddit.com/r/chevycolorado/comments/1noodgz/wireless_charger/,https://www.reddit.com/r/chevycolorado/comments/1noodgz/wireless_charger/
1nonw1b,"Should i drop 1.65k on a dualtron spider max with 24ah showroom used, or buy a joyor t10 from aliexpress for 500-600 euros.",Economy-Potential802,2025-09-23T17:36:17,2,0.62,ElectricScooters,https://www.reddit.com/r/ElectricScooters/comments/1nonw1b/should_i_drop_165k_on_a_dualtron_spider_max_with/,https://www.reddit.com/r/ElectricScooters/comments/1nonw1b/should_i_drop_165k_on_a_dualtron_spider_max_with/
1non3ps,MakerWorld website is down,Hubitski,2025-09-23T17:06:09,0,0.18,BambuLab,https://www.reddit.com/r/BambuLab/comments/1non3ps/makerworld_website_is_down/,https://www.reddit.com/r/BambuLab/comments/1non3ps/makerworld_website_is_down/
1nolp4x,Ipad Pro m4 and iphone 17 pro max,PatrolMarco,2025-09-23T16:14:25,1094,0.93,iPadPro,https://www.reddit.com/r/iPadPro/comments/1nolp4x/ipad_pro_m4_and_iphone_17_pro_max/,https://i.redd.it/sptreowpvxqf1.jpeg
1nokg9g,Capture button,Flimsy-Friendship-67,2025-09-23T15:27:23,1,1,iphone17,https://www.reddit.com/r/iphone17/comments/1nokg9g/capture_button/,https://www.reddit.com/r/iphone17/comments/1nokg9g/capture_button/
1noj0uo,Iphone 17 upgrade / trade in on Magenta plans,soccers57,2025-09-23T14:33:09,0,0.43,tmobile,https://www.reddit.com/r/tmobile/comments/1noj0uo/iphone_17_upgrade_trade_in_on_magenta_plans/,https://www.reddit.com/r/tmobile/comments/1noj0uo/iphone_17_upgrade_trade_in_on_magenta_plans/
1noh91p,Iphone 17 Pro Max sound issues,Top-Indication-1128,2025-09-23T13:22:02,5,0.85,iphone,https://www.reddit.com/r/iphone/comments/1noh91p/iphone_17_pro_max_sound_issues/,https://www.reddit.com/r/iphone/comments/1noh91p/iphone_17_pro_max_sound_issues/
1nogz61,Holy glaze by apple fanboys,Zealousideal-Mud1407,2025-09-23T13:10:20,1,0.51,applesucks,https://www.reddit.com/r/applesucks/comments/1nogz61/holy_glaze_by_apple_fanboys/,https://www.reddit.com/r/applesucks/comments/1nogz61/holy_glaze_by_apple_fanboys/
1nofn8w,iPhone 17 Pro Max zdemoloval Samsung v testu výdrže. Výsledky vás překvapí,SvetAndroida,2025-09-23T12:10:27,1,1,androidCZSK,https://www.reddit.com/r/androidCZSK/comments/1nofn8w/iphone_17_pro_max_zdemoloval_samsung_v_testu/,https://i.redd.it/6eit9a07owqf1.jpeg
1nod1ym,Lens protector still needed after getting Torras Q3 Air case?,BrickInteresting5802,2025-09-23T09:47:22,3,1,TORRAS_Official,https://www.reddit.com/r/TORRAS_Official/comments/1nod1ym/lens_protector_still_needed_after_getting_torras/,https://www.reddit.com/r/TORRAS_Official/comments/1nod1ym/lens_protector_still_needed_after_getting_torras/
1no9y4s,Audio Speaker Issue,TonyHypnotic,2025-09-23T06:21:07,1,1,applehelp,https://www.reddit.com/r/applehelp/comments/1no9y4s/audio_speaker_issue/,https://www.reddit.com/r/applehelp/comments/1no9y4s/audio_speaker_issue/
1no84b6,Love the Ostand Q3 Air for the IPhone 17 Pro Max but..,eatgoodstayswaggie,2025-09-23T04:32:47,22,0.89,TORRAS_Official,https://www.reddit.com/r/TORRAS_Official/comments/1no84b6/love_the_ostand_q3_air_for_the_iphone_17_pro_max/,https://i.redd.it/1rpp67jjeuqf1.jpeg
1no5s8r,Can't connect to wifi,bylethmaster,2025-09-23T02:30:41,0,0.5,iphone,https://www.reddit.com/r/iphone/comments/1no5s8r/cant_connect_to_wifi/,https://www.reddit.com/r/iphone/comments/1no5s8r/cant_connect_to_wifi/
1no5rul,Can't connect to wifi,bylethmaster,2025-09-23T02:30:08,2,1,iPhone17Pro,https://www.reddit.com/r/iPhone17Pro/comments/1no5rul/cant_connect_to_wifi/,https://www.reddit.com/r/iPhone17Pro/comments/1no5rul/cant_connect_to_wifi/
1no4a8a,Getting iPhone 17 pro max. Case question.,Kilroy27,2025-09-23T01:18:23,1,1,iphone17,https://www.reddit.com/r/iphone17/comments/1no4a8a/getting_iphone_17_pro_max_case_question/,https://www.reddit.com/r/iphone17/comments/1no4a8a/getting_iphone_17_pro_max_case_question/
1no3nyv,Iphone 17 pro max 256 gb deep blue reservation jumber 213 havent changes from last week any idea how much it would take them to ship the device ?,SnooLobsters4416,2025-09-23T00:48:54,0,0.2,Rogers,https://www.reddit.com/r/Rogers/comments/1no3nyv/iphone_17_pro_max_256_gb_deep_blue_reservation/,https://www.reddit.com/r/Rogers/comments/1no3nyv/iphone_17_pro_max_256_gb_deep_blue_reservation/
1no1u2t,iphone 17 pro max audio,oiikawa-,2025-09-22T23:23:12,1,0.67,iPhone17Pro,https://www.reddit.com/r/iPhone17Pro/comments/1no1u2t/iphone_17_pro_max_audio/,https://www.reddit.com/r/iPhone17Pro/comments/1no1u2t/iphone_17_pro_max_audio/
1no132a,New phone order horrible experience,Ok_Story4204,2025-09-22T22:49:37,1,1,Spectrum_Official,https://www.reddit.com/r/Spectrum_Official/comments/1no132a/new_phone_order_horrible_experience/,https://www.reddit.com/r/Spectrum_Official/comments/1no132a/new_phone_order_horrible_experience/
1nnz578,Iphone 17 pro max unlocked,eisr11,2025-09-22T21:27:31,0,0.33,tmobile,https://www.reddit.com/r/tmobile/comments/1nnz578/iphone_17_pro_max_unlocked/,https://www.reddit.com/r/tmobile/comments/1nnz578/iphone_17_pro_max_unlocked/
1nnwtak,"No one cares, Mikfiltah.",spooky_baby_bat,2025-09-22T19:57:42,143,0.99,MikaylaNogueira,https://www.reddit.com/r/MikaylaNogueira/comments/1nnwtak/no_one_cares_mikfiltah/,https://www.reddit.com/gallery/1nnwtak
1nnvgc4,What’s taking so long!,icodyonline,2025-09-22T19:05:10,2,0.55,peakdesign,https://www.reddit.com/r/peakdesign/comments/1nnvgc4/whats_taking_so_long/,https://i.redd.it/oay3o1v9lrqf1.jpeg
1nntjzb,Apple intelligence does not download,That_Guy190,2025-09-22T17:55:30,3,1,ios,https://www.reddit.com/r/ios/comments/1nntjzb/apple_intelligence_does_not_download/,https://i.redd.it/nehp6fbu8rqf1.jpeg
1nntb2d,Iphone 17 pro max battery drain after restart.,MrMouse88,2025-09-22T17:46:09,3,1,applehelp,https://www.reddit.com/r/applehelp/comments/1nntb2d/iphone_17_pro_max_battery_drain_after_restart/,https://www.reddit.com/r/applehelp/comments/1nntb2d/iphone_17_pro_max_battery_drain_after_restart/
1o02nud,Osrs crashing alot on new ios 26 or iphone 17pro?,tejathecrazyguy,2025-10-07T02:19:56,1,1,OSRSMobile,https://www.reddit.com/r/OSRSMobile/comments/1o02nud/osrs_crashing_alot_on_new_ios_26_or_iphone_17pro/,https://www.reddit.com/r/OSRSMobile/comments/1o02nud/osrs_crashing_alot_on_new_ios_26_or_iphone_17pro/
1o02bfp,Iphone 17 Pro Pre Order at Power Mac onsite store,No_Pomelo123,2025-10-07T02:03:32,3,1,Tech_Philippines,https://www.reddit.com/r/Tech_Philippines/comments/1o02bfp/iphone_17_pro_pre_order_at_power_mac_onsite_store/,https://www.reddit.com/r/Tech_Philippines/comments/1o02bfp/iphone_17_pro_pre_order_at_power_mac_onsite_store/
1o01jz7,iPhone 17 pro out of stock? When will more come?,BigJoe1243,2025-10-07T01:28:29,0,0.4,Rogers,https://www.reddit.com/r/Rogers/comments/1o01jz7/iphone_17_pro_out_of_stock_when_will_more_come/,https://www.reddit.com/r/Rogers/comments/1o01jz7/iphone_17_pro_out_of_stock_when_will_more_come/
1nzx8ls,Unable to get expected GUDP speeds moving from iphone 13 Pro to iphone 17 pro.,DriftLogic,2025-10-06T22:16:00,1,0.66,VerizonUDP,https://www.reddit.com/r/VerizonUDP/comments/1nzx8ls/unable_to_get_expected_gudp_speeds_moving_from/,https://www.reddit.com/r/VerizonUDP/comments/1nzx8ls/unable_to_get_expected_gudp_speeds_moving_from/
1nzx4d4,"Iphone 17 pro battery concern, apple doesnt really have an answer",Less-Moment-5655,2025-10-06T22:11:16,0,0.5,applehelp,https://www.reddit.com/r/applehelp/comments/1nzx4d4/iphone_17_pro_battery_concern_apple_doesnt_really/,https://www.reddit.com/r/applehelp/comments/1nzx4d4/iphone_17_pro_battery_concern_apple_doesnt_really/
1nzuno2,Liquid glass UI working perfectly when navigation,chrisros,2025-10-06T20:37:50,2,1,iphone,https://www.reddit.com/r/iphone/comments/1nzuno2/liquid_glass_ui_working_perfectly_when_navigation/,https://imgur.com/a/cmzZIta
1nzubzx,Silver Iphone 17 pro with Mous Limitless Stone Color,GamingMaster29,2025-10-06T20:26:18,1,1,Mous,https://www.reddit.com/r/Mous/comments/1nzubzx/silver_iphone_17_pro_with_mous_limitless_stone/,https://www.reddit.com/r/Mous/comments/1nzubzx/silver_iphone_17_pro_with_mous_limitless_stone/
1nzs8zh,Does anyone know what app this is?,Weak_Case8877,2025-10-06T19:10:44,1,1,whatisit,https://www.reddit.com/r/whatisit/comments/1nzs8zh/does_anyone_know_what_app_this_is/,https://i.redd.it/t3a0rpu0jjtf1.jpeg
1nzrjvb,returning iphone 17 pro,Open_Barber_354,2025-10-06T18:44:35,0,0.5,iphone,https://www.reddit.com/r/iphone/comments/1nzrjvb/returning_iphone_17_pro/,https://www.reddit.com/r/iphone/comments/1nzrjvb/returning_iphone_17_pro/
1nzp7zi,Speaker on iphone 17 pro?,xscni,2025-10-06T17:18:02,0,0.5,iphone,https://www.reddit.com/r/iphone/comments/1nzp7zi/speaker_on_iphone_17_pro/,https://www.reddit.com/r/iphone/comments/1nzp7zi/speaker_on_iphone_17_pro/
1nzoc4m,Free Iphone 17 pro? do i still get credits if i upgrade to 18 next year?,Last_Jeweler8838,2025-10-06T16:45:13,1,0.57,ATT,https://www.reddit.com/r/ATT/comments/1nzoc4m/free_iphone_17_pro_do_i_still_get_credits_if_i/,https://www.reddit.com/r/ATT/comments/1nzoc4m/free_iphone_17_pro_do_i_still_get_credits_if_i/
1nznvoz,Severe connectivity issue,winnedrago,2025-10-06T16:28:29,2,1,Airpodsmax,https://www.reddit.com/r/Airpodsmax/comments/1nznvoz/severe_connectivity_issue/,https://www.reddit.com/r/Airpodsmax/comments/1nznvoz/severe_connectivity_issue/
1nzkkea,IPHONE 17 PRO AT LOWEST PRICES IN INDIA 🇮🇳,lordkira3,2025-10-06T14:27:09,0,0.37,evaaratech,https://www.reddit.com/r/evaaratech/comments/1nzkkea/iphone_17_pro_at_lowest_prices_in_india/,https://i.redd.it/gvo412jf4itf1.jpeg
1nzidzy,Problemas no iPhone 17 Pro: novo design do flash está a arruinar as fotografias,tugatech,2025-10-06T13:00:08,1,1,TugaTech,https://www.reddit.com/r/TugaTech/comments/1nzidzy/problemas_no_iphone_17_pro_novo_design_do_flash/,https://i.redd.it/38ukfcrwohtf1.jpeg
1nzgdmt,Have yet to receive a response from dbrand,Dense_Ship8949,2025-10-06T11:25:44,0,0.44,dbrand,https://www.reddit.com/r/dbrand/comments/1nzgdmt/have_yet_to_receive_a_response_from_dbrand/,https://www.reddit.com/r/dbrand/comments/1nzgdmt/have_yet_to_receive_a_response_from_dbrand/
1nzg1ns,"Nese do blinit Iphone 17 Pro, ku do e blinit ne Tirane?",Prenga,2025-10-06T11:07:44,5,0.73,albania,https://www.reddit.com/r/albania/comments/1nzg1ns/nese_do_blinit_iphone_17_pro_ku_do_e_blinit_ne/,https://www.reddit.com/r/albania/comments/1nzg1ns/nese_do_blinit_iphone_17_pro_ku_do_e_blinit_ne/
1nzehhz,"Sunday Break [iphone 17 Pro, native app edits]",TheWhiteCrowUK,2025-10-06T09:34:58,1,0.67,iPhoneography,https://www.reddit.com/r/iPhoneography/comments/1nzehhz/sunday_break_iphone_17_pro_native_app_edits/,https://www.reddit.com/gallery/1nzehhz
1nz0njs,Iphone 17 pro screen identical to base iphone 17?,___Mqtze,2025-10-05T21:27:09,0,0.5,iphone,https://www.reddit.com/r/iphone/comments/1nz0njs/iphone_17_pro_screen_identical_to_base_iphone_17/,https://www.reddit.com/r/iphone/comments/1nz0njs/iphone_17_pro_screen_identical_to_base_iphone_17/
1nyygie,Audio pause/unpause issue on locking screen,titannnr,2025-10-05T20:02:23,3,1,ios,https://www.reddit.com/r/ios/comments/1nyygie/audio_pauseunpause_issue_on_locking_screen/,https://www.reddit.com/r/ios/comments/1nyygie/audio_pauseunpause_issue_on_locking_screen/
1nytz4d,Iphone 17 pro problem,Legal-Technology7649,2025-10-05T17:14:08,2,0.75,iphone,https://www.reddit.com/r/iphone/comments/1nytz4d/iphone_17_pro_problem/,https://www.reddit.com/r/iphone/comments/1nytz4d/iphone_17_pro_problem/
1nyni2k,Bhai log iphone 17 pro offline kaha milega koi idea h kya ?,DeaTwisH07,2025-10-05T12:56:54,1,0.67,Indore,https://www.reddit.com/r/Indore/comments/1nyni2k/bhai_log_iphone_17_pro_offline_kaha_milega_koi/,https://www.reddit.com/r/Indore/comments/1nyni2k/bhai_log_iphone_17_pro_offline_kaha_milega_koi/
1nyl5k2,Iphone 17 Pro/PM changing colour under Sun. Orange 17 IPhone Pro Max turned Rose Gold,MrCheapore,2025-10-05T10:55:17,6,0.75,GadgetsIndia,https://www.reddit.com/r/GadgetsIndia/comments/1nyl5k2/iphone_17_propm_changing_colour_under_sun_orange/,https://i.redd.it/h9hf31rpx9tf1.png
1nyk7ub,Iphone 17,hajigul1,2025-10-05T09:59:16,5,0.86,UAE,https://www.reddit.com/r/UAE/comments/1nyk7ub/iphone_17/,https://www.reddit.com/r/UAE/comments/1nyk7ub/iphone_17/
1nyk4i6,Iphone 17 purchase using DCB Metal points,NoExercise3192,2025-10-05T09:53:16,2,1,IndianCreditCards,https://www.reddit.com/r/IndianCreditCards/comments/1nyk4i6/iphone_17_purchase_using_dcb_metal_points/,https://www.reddit.com/r/IndianCreditCards/comments/1nyk4i6/iphone_17_purchase_using_dcb_metal_points/
1nybcd2,Iphone 17 pro screen protector under $20,boombai12,2025-10-05T01:28:40,0,0.4,iphone,https://www.reddit.com/r/iphone/comments/1nybcd2/iphone_17_pro_screen_protector_under_20/,https://www.reddit.com/r/iphone/comments/1nybcd2/iphone_17_pro_screen_protector_under_20/
1nya5z9,Smiski Hippers in Iphone 17 Pro,No_Pomelo123,2025-10-05T00:30:28,5,0.86,smiskis,https://www.reddit.com/r/smiskis/comments/1nya5z9/smiski_hippers_in_iphone_17_pro/,https://www.reddit.com/r/smiskis/comments/1nya5z9/smiski_hippers_in_iphone_17_pro/
1ny9ify,8:00 AM,Phantoom6,2025-10-04T23:58:53,2,1,iPhoneography,https://www.reddit.com/r/iPhoneography/comments/1ny9ify/8_am/,https://i.redd.it/wk72zp4mo6tf1.jpeg
1ny8sg7,Are y’all rocking a phone case for your iphone 17 pro?,dipserti34,2025-10-04T23:24:58,0,0.4,iPhone17Pro,https://www.reddit.com/r/iPhone17Pro/comments/1ny8sg7/are_yall_rocking_a_phone_case_for_your_iphone_17/,https://www.reddit.com/r/iPhone17Pro/comments/1ny8sg7/are_yall_rocking_a_phone_case_for_your_iphone_17/
1ny69fp,iPhone 17 Pro Screen Grainy?,PigsOnTheWings,2025-10-04T21:35:42,0,0.5,iphone,https://www.reddit.com/r/iphone/comments/1ny69fp/iphone_17_pro_screen_grainy/,https://www.reddit.com/r/iphone/comments/1ny69fp/iphone_17_pro_screen_grainy/
1ny53sn,UGREEN 45W charges slower than apple's 15-20W,motomilee,2025-10-04T20:48:46,1,1,iPhone17Pro,https://www.reddit.com/r/iPhone17Pro/comments/1ny53sn/ugreen_45w_charges_slower_than_apples_1520w/,https://www.reddit.com/r/iPhone17Pro/comments/1ny53sn/ugreen_45w_charges_slower_than_apples_1520w/
1ny1rsq,PSA: Reception on IPhone 17 Pro Is Dramatically Improved Over 16 Pro Max,plinydogg,2025-10-04T18:36:14,0,0.43,iphone,https://www.reddit.com/r/iphone/comments/1ny1rsq/psa_reception_on_iphone_17_pro_is_dramatically/,https://www.reddit.com/r/iphone/comments/1ny1rsq/psa_reception_on_iphone_17_pro_is_dramatically/
1ny1og5,Plus 4 weeks ?,U_CPan8a,2025-10-04T18:32:35,2,0.75,O2UK,https://www.reddit.com/r/O2UK/comments/1ny1og5/plus_4_weeks/,https://www.reddit.com/r/O2UK/comments/1ny1og5/plus_4_weeks/
1ny1lka,Next Up Anytime Upgrade IPhone 17 pro,GinkoBilobey,2025-10-04T18:29:31,3,0.67,ATT,https://www.reddit.com/r/ATT/comments/1ny1lka/next_up_anytime_upgrade_iphone_17_pro/,https://www.reddit.com/r/ATT/comments/1ny1lka/next_up_anytime_upgrade_iphone_17_pro/
1ny1ipu,Would putting a case on iphone 17 pro save it from damage bents and scratches? how does that affect thermal perfomance,Ok_Cancel_391,2025-10-04T18:26:27,0,0.29,iphone,https://www.reddit.com/r/iphone/comments/1ny1ipu/would_putting_a_case_on_iphone_17_pro_save_it/,https://www.reddit.com/r/iphone/comments/1ny1ipu/would_putting_a_case_on_iphone_17_pro_save_it/
1nxz5tv,Looking for 17 Pro Case Recommendations,Old-Celebration-5154,2025-10-04T16:54:50,0,0.33,iPhone17Pro,https://www.reddit.com/r/iPhone17Pro/comments/1nxz5tv/looking_for_17_pro_case_recommendations/,https://www.reddit.com/r/iPhone17Pro/comments/1nxz5tv/looking_for_17_pro_case_recommendations/
1nxxqh4,iphone 17 pro stock?,Neither-Republic-230,2025-10-04T15:58:17,0,0.24,perth,https://www.reddit.com/r/perth/comments/1nxxqh4/iphone_17_pro_stock/,https://www.reddit.com/r/perth/comments/1nxxqh4/iphone_17_pro_stock/
1nxut09,Anyone else noticing rubbish performance in apps? iphone 17 pro.,94dogguy,2025-10-04T14:02:01,0,0.4,iphone,https://www.reddit.com/r/iphone/comments/1nxut09/anyone_else_noticing_rubbish_performance_in_apps/,https://www.reddit.com/r/iphone/comments/1nxut09/anyone_else_noticing_rubbish_performance_in_apps/
1nxu6di,Iphone 17 Pro Cosmic Orange case recocmendations,axato__,2025-10-04T13:35:27,1,1,iPhone17Pro,https://www.reddit.com/r/iPhone17Pro/comments/1nxu6di/iphone_17_pro_cosmic_orange_case_recocmendations/,/r/iphone/comments/1nxu5z5/iphone_17_pro_cosmic_orange_case_recocmendations/
1nxu5z5,Iphone 17 Pro Cosmic Orange case recocmendations,axato__,2025-10-04T13:34:54,0,0.17,iphone,https://www.reddit.com/r/iphone/comments/1nxu5z5/iphone_17_pro_cosmic_orange_case_recocmendations/,https://www.reddit.com/r/iphone/comments/1nxu5z5/iphone_17_pro_cosmic_orange_case_recocmendations/
1nxtsb9,Dent after one drop with apple case.,wrssousa,2025-10-04T13:18:37,0,0.48,iphone,https://www.reddit.com/r/iphone/comments/1nxtsb9/dent_after_one_drop_with_apple_case/,https://i.redd.it/5qeucovdi3tf1.jpeg
1nxs4qb,Sec bank powermac installment,Ambitious-Anybody-49,2025-10-04T12:02:17,1,0.67,PHCreditCards,https://www.reddit.com/r/PHCreditCards/comments/1nxs4qb/sec_bank_powermac_installment/,https://www.reddit.com/r/PHCreditCards/comments/1nxs4qb/sec_bank_powermac_installment/
1nxori1,iphone 17 pro,No-Pudding7348,2025-10-04T08:43:19,1,1,iPhoneTechs,https://www.reddit.com/r/iPhoneTechs/comments/1nxori1/iphone_17_pro/,https://www.reddit.com/r/iPhoneTechs/comments/1nxori1/iphone_17_pro/
1nxodce,Iphone 17 pro pre order,Efficient-Ice3131,2025-10-04T08:17:46,1,0.6,malaysians,https://www.reddit.com/r/malaysians/comments/1nxodce/iphone_17_pro_pre_order/,https://www.reddit.com/r/malaysians/comments/1nxodce/iphone_17_pro_pre_order/
1nxl9sq,Torras Case,God_Sammy_69,2025-10-04T05:09:11,2,1,TORRAS_Official,https://www.reddit.com/r/TORRAS_Official/comments/1nxl9sq/torras_case/,https://www.reddit.com/r/TORRAS_Official/comments/1nxl9sq/torras_case/
1nxjvpe,IPhone 17 Pro Screen - small damage after 2 weeks,K138K,2025-10-04T03:52:35,0,0.39,iPhone17Pro,https://www.reddit.com/r/iPhone17Pro/comments/1nxjvpe/iphone_17_pro_screen_small_damage_after_2_weeks/,https://i.redd.it/lzxz3h1ap0tf1.jpeg
1nxir2v,Iphone 17 pro orange 256gb backordered,ViperousTigerz,2025-10-04T02:53:23,1,0.56,verizon,https://www.reddit.com/r/verizon/comments/1nxir2v/iphone_17_pro_orange_256gb_backordered/,https://www.reddit.com/r/verizon/comments/1nxir2v/iphone_17_pro_orange_256gb_backordered/
1nxijfb,HELP! Notification Vibration issue,Hockeyplaya421,2025-10-04T02:42:39,1,1,ios26,https://www.reddit.com/r/ios26/comments/1nxijfb/help_notification_vibration_issue/,https://www.reddit.com/r/ios26/comments/1nxijfb/help_notification_vibration_issue/
1nxf21l,Iphone 17 pro battery update,Less-Moment-5655,2025-10-03T23:50:31,0,0.5,iPhone17Pro,https://www.reddit.com/r/iPhone17Pro/comments/1nxf21l/iphone_17_pro_battery_update/,https://www.reddit.com/gallery/1nxf21l
1nxemze,Galileo iOS 26 compatability,jrdem,2025-10-03T23:31:42,1,1,Gamesir,https://www.reddit.com/r/Gamesir/comments/1nxemze/galileo_ios_26_compatability/,https://www.reddit.com/r/Gamesir/comments/1nxemze/galileo_ios_26_compatability/
1nx9y5v,Night mode in portrait,Sir_master-baiter,2025-10-03T20:16:44,0,0.33,iphone,https://www.reddit.com/r/iphone/comments/1nx9y5v/night_mode_in_portrait/,https://www.reddit.com/r/iphone/comments/1nx9y5v/night_mode_in_portrait/
1nx83bt,Slow loading speed?,mrnobatti,2025-10-03T19:05:07,3,0.81,wyzecam,https://www.reddit.com/r/wyzecam/comments/1nx83bt/slow_loading_speed/,https://www.reddit.com/r/wyzecam/comments/1nx83bt/slow_loading_speed/
1nx6n2l,iphone 17pro power button sticky,Nearby_Bedroom_6274,2025-10-03T18:10:12,0,0.5,iphone,https://www.reddit.com/r/iphone/comments/1nx6n2l/iphone_17pro_power_button_sticky/,https://www.reddit.com/r/iphone/comments/1nx6n2l/iphone_17pro_power_button_sticky/
1nx5qgt,First day with GR IV - my thoughts in the description,lukasleertaste,2025-10-03T17:36:35,153,0.97,ricohGR,https://www.reddit.com/r/ricohGR/comments/1nx5qgt/first_day_with_gr_iv_my_thoughts_in_the/,https://www.reddit.com/gallery/1nx5qgt
1nx36yh,Moving to iPhone,Due_Conclusion_7015,2025-10-03T16:02:47,0,0.5,pixel_phones,https://www.reddit.com/r/pixel_phones/comments/1nx36yh/moving_to_iphone/,https://www.reddit.com/r/pixel_phones/comments/1nx36yh/moving_to_iphone/
1nx2hsz,AW10 locked?,topalamijlociul,2025-10-03T15:36:56,2,1,AppleWatch,https://www.reddit.com/r/AppleWatch/comments/1nx2hsz/aw10_locked/,https://www.reddit.com/r/AppleWatch/comments/1nx2hsz/aw10_locked/
1nx2azb,Ist Ausnutzen des Algorithmus für komische Screenshots ein gutes passives Einkommen?,Superzocker65YT,2025-10-03T15:29:52,23,0.93,PassivesEinkommen,https://www.reddit.com/r/PassivesEinkommen/comments/1nx2azb/ist_ausnutzen_des_algorithmus_für_komische/,https://i.redd.it/9e5ynzwv0xsf1.jpeg
1nx0tde,Planning to buy Iphone 17 pro(256gb) Silver.,devvvv_27,2025-10-03T14:33:17,7,1,iPhoneWale,https://www.reddit.com/r/iPhoneWale/comments/1nx0tde/planning_to_buy_iphone_17_pro256gb_silver/,https://www.reddit.com/r/iPhoneWale/comments/1nx0tde/planning_to_buy_iphone_17_pro256gb_silver/
1nwzvqc,"Tahoe 26.0.1, one in five times, my multi monitor displays look like this when I wake up.",spdorsey,2025-10-03T13:56:57,1,1,applehelp,https://www.reddit.com/r/applehelp/comments/1nwzvqc/tahoe_2601_one_in_five_times_my_multi_monitor/,https://i.redd.it/rpjt3d4bkwsf1.jpeg
1nwt8s6,Laptop and phone help,Illustrious-Mode5253,2025-10-03T08:13:08,1,1,computers,https://www.reddit.com/r/computers/comments/1nwt8s6/laptop_and_phone_help/,https://www.reddit.com/r/computers/comments/1nwt8s6/laptop_and_phone_help/
1nwt7yf,Laptop and phone help,Illustrious-Mode5253,2025-10-03T08:11:36,1,1,laptops,https://www.reddit.com/r/laptops/comments/1nwt7yf/laptop_and_phone_help/,https://www.reddit.com/r/laptops/comments/1nwt7yf/laptop_and_phone_help/
1nwrk95,Need LUTs for iphone 17 pro pro res log file,Sad_Childhood7098,2025-10-03T06:24:33,1,1,iPhone17Pro,https://www.reddit.com/r/iPhone17Pro/comments/1nwrk95/need_luts_for_iphone_17_pro_pro_res_log_file/,https://www.reddit.com/r/iPhone17Pro/comments/1nwrk95/need_luts_for_iphone_17_pro_pro_res_log_file/
1nwp0h1,Trade In Question,futurepharmacygal,2025-10-03T03:56:23,2,1,ATT,https://www.reddit.com/r/ATT/comments/1nwp0h1/trade_in_question/,https://www.reddit.com/r/ATT/comments/1nwp0h1/trade_in_question/
1nwon9h,https://9to5mac.com/2025/10/02/iphone-17-pro-and-iphone-17-sales-are-stronger-than-expected-report/,Jonathankoh1971,2025-10-03T03:37:01,13,0.88,AAPL,https://www.reddit.com/r/AAPL/comments/1nwon9h/https9to5maccom20251002iphone17proandiphone17sales/,https://www.reddit.com/r/AAPL/comments/1nwon9h/https9to5maccom20251002iphone17proandiphone17sales/
1nwn1j2,ipad pro m4 or iphone 17 pro?,porcelaiin_doll,2025-10-03T02:15:14,17,0.79,iPadPro,https://www.reddit.com/r/iPadPro/comments/1nwn1j2/ipad_pro_m4_or_iphone_17_pro/,https://www.reddit.com/r/iPadPro/comments/1nwn1j2/ipad_pro_m4_or_iphone_17_pro/
1nwlb34,"Got this ""25W"" 3 in 1 charging stand by Anker with display. Charges iphone 17 pro at full 25W magsafe wireless",Pradyotff,2025-10-03T00:52:01,6,1,iPhone17Pro,https://www.reddit.com/r/iPhone17Pro/comments/1nwlb34/got_this_25w_3_in_1_charging_stand_by_anker_with/,https://v.redd.it/fhwv4on8ossf1
1nwfaby,Iphone 11 to Xiaomi 17 pro or Iphone 17 pro,annabnnbby_,2025-10-02T20:38:07,1,1,Tech_Philippines,https://www.reddit.com/r/Tech_Philippines/comments/1nwfaby/iphone_11_to_xiaomi_17_pro_or_iphone_17_pro/,https://www.reddit.com/r/Tech_Philippines/comments/1nwfaby/iphone_11_to_xiaomi_17_pro_or_iphone_17_pro/
1nwejxk,2 phones? Android and Iphone...,DrakeSwift,2025-10-02T20:11:01,0,0.5,Smartphones,https://www.reddit.com/r/Smartphones/comments/1nwejxk/2_phones_android_and_iphone/,https://www.reddit.com/r/Smartphones/comments/1nwejxk/2_phones_android_and_iphone/
1nwb2x4,Apple Pre Order first timer,smollitolgurl,2025-10-02T18:01:38,2,1,Tech_Philippines,https://www.reddit.com/r/Tech_Philippines/comments/1nwb2x4/apple_pre_order_first_timer/,https://www.reddit.com/r/Tech_Philippines/comments/1nwb2x4/apple_pre_order_first_timer/
1nw8e0l,what is the best way to switch all data and esims on two iphones?,fancyfr0ggy,2025-10-02T16:22:50,1,1,iphone,https://www.reddit.com/r/iphone/comments/1nw8e0l/what_is_the_best_way_to_switch_all_data_and_esims/,https://www.reddit.com/r/iphone/comments/1nw8e0l/what_is_the_best_way_to_switch_all_data_and_esims/
1nw5b6p,can i trade in my old phone after i pick up my new one?,fancyfr0ggy,2025-10-02T14:27:48,1,1,applehelp,https://www.reddit.com/r/applehelp/comments/1nw5b6p/can_i_trade_in_my_old_phone_after_i_pick_up_my/,https://www.reddit.com/r/applehelp/comments/1nw5b6p/can_i_trade_in_my_old_phone_after_i_pick_up_my/
1nw4r6c,iPhone 17 Pro Case Restock Times,Present-Crab-4811,2025-10-02T14:06:16,0,0.33,Rimowa,https://www.reddit.com/r/Rimowa/comments/1nw4r6c/iphone_17_pro_case_restock_times/,https://www.reddit.com/r/Rimowa/comments/1nw4r6c/iphone_17_pro_case_restock_times/
1nw39w7,VA appointment dump,mxster982,2025-10-02T13:06:54,99,0.96,EDC,https://www.reddit.com/r/EDC/comments/1nw39w7/va_appointment_dump/,https://i.redd.it/9bc6cjxg6psf1.jpeg
1nvyhar,Airpods Pro 3 Not connecting,Snoo_83465,2025-10-02T08:48:12,1,1,airpods,https://www.reddit.com/r/airpods/comments/1nvyhar/airpods_pro_3_not_connecting/,https://www.reddit.com/r/airpods/comments/1nvyhar/airpods_pro_3_not_connecting/
1nvybdi,Stock Apple Store Fifth,LaMURaille2Chine,2025-10-02T08:37:36,0,0.4,iPhone17Pro,https://www.reddit.com/r/iPhone17Pro/comments/1nvybdi/stock_apple_store_fifth/,https://www.reddit.com/r/iPhone17Pro/comments/1nvybdi/stock_apple_store_fifth/
1nvtmcl,iphone 17 pro cases,ItzKkae,2025-10-02T03:55:12,0,0.38,iphone,https://www.reddit.com/r/iphone/comments/1nvtmcl/iphone_17_pro_cases/,https://www.reddit.com/r/iphone/comments/1nvtmcl/iphone_17_pro_cases/
1nvsazp,Music/sounds only playing from one side of the bottom speakers,memsz00,2025-10-02T02:48:04,1,1,iPhone17Pro,https://www.reddit.com/r/iPhone17Pro/comments/1nvsazp/musicsounds_only_playing_from_one_side_of_the/,https://www.reddit.com/r/iPhone17Pro/comments/1nvsazp/musicsounds_only_playing_from_one_side_of_the/
1nvs064,Soft rattling sound by cameras???,memsz00,2025-10-02T02:33:06,0,0.5,iPhone17Pro,https://www.reddit.com/r/iPhone17Pro/comments/1nvs064/soft_rattling_sound_by_cameras/,https://www.reddit.com/r/iPhone17Pro/comments/1nvs064/soft_rattling_sound_by_cameras/
1nvqi7r,I Got my Brand New IPhone 17 Pro for 74k Yen,modder-maintainer,2025-10-02T01:22:42,0,0.33,iPhone17Pro,https://www.reddit.com/r/iPhone17Pro/comments/1nvqi7r/i_got_my_brand_new_iphone_17_pro_for_74k_yen/,https://i.redd.it/e6mzn7ztolsf1.jpeg
1nvqelj,What Iphone would be best,Venora2122,2025-10-02T01:18:00,6,1,vtubertech,https://www.reddit.com/r/vtubertech/comments/1nvqelj/what_iphone_would_be_best/,https://www.reddit.com/r/vtubertech/comments/1nvqelj/what_iphone_would_be_best/
1nvo6p7,Trouble finding a case for my silver 17 Pro,kaitlyn2004,2025-10-01T23:35:14,0,0.2,iphone,https://www.reddit.com/r/iphone/comments/1nvo6p7/trouble_finding_a_case_for_my_silver_17_pro/,https://www.reddit.com/r/iphone/comments/1nvo6p7/trouble_finding_a_case_for_my_silver_17_pro/
1nvo1xj,Trouble finding a case for my silver 17 Pro,kaitlyn2004,2025-10-01T23:29:16,2,1,iPhone17Pro,https://www.reddit.com/r/iPhone17Pro/comments/1nvo1xj/trouble_finding_a_case_for_my_silver_17_pro/,https://www.reddit.com/r/iPhone17Pro/comments/1nvo1xj/trouble_finding_a_case_for_my_silver_17_pro/
1nvmnq9,some iphone 17 pro seems to have blurry photos,Acrobatic-Monitor516,2025-10-01T22:29:14,0,0.4,iPhone17Pro,https://www.reddit.com/r/iPhone17Pro/comments/1nvmnq9/some_iphone_17_pro_seems_to_have_blurry_photos/,https://forums.macrumors.com/threads/issues-with-proraw-48-and-stock-camera-app.2437958/post-34195120
1nvhylf,is 256gb enough for the 17 pro?,BullfrogRoyal5687,2025-10-01T19:29:03,2,0.63,iPhone17Pro,https://www.reddit.com/r/iPhone17Pro/comments/1nvhylf/is_256gb_enough_for_the_17_pro/,https://www.reddit.com/r/iPhone17Pro/comments/1nvhylf/is_256gb_enough_for_the_17_pro/
1nvgk30,Kako najeftinije do najnovijeg Iphone-a?,harrison_nyse,2025-10-01T18:38:17,0,0.5,askbosnia,https://www.reddit.com/r/askbosnia/comments/1nvgk30/kako_najeftinije_do_najnovijeg_iphonea/,https://www.reddit.com/r/askbosnia/comments/1nvgk30/kako_najeftinije_do_najnovijeg_iphonea/
1nvg7ch,slow motion still not fixed on Iphone 17 Pro and iOS26,PasoYossarian,2025-10-01T18:25:40,0,0.33,iphone,https://www.reddit.com/r/iphone/comments/1nvg7ch/slow_motion_still_not_fixed_on_iphone_17_pro_and/,https://www.reddit.com/r/iphone/comments/1nvg7ch/slow_motion_still_not_fixed_on_iphone_17_pro_and/
1nvf3ft,just ordered the area 51 classified skin for my soon to be iphone 17 pro,pastexistence,2025-10-01T17:46:05,1,0.67,dbrand,https://www.reddit.com/r/dbrand/comments/1nvf3ft/just_ordered_the_area_51_classified_skin_for_my/,https://www.reddit.com/r/dbrand/comments/1nvf3ft/just_ordered_the_area_51_classified_skin_for_my/
1nvdz6n,Esim,Personal_Hotel_8796,2025-10-01T17:05:40,4,1,Airtel,https://www.reddit.com/r/Airtel/comments/1nvdz6n/esim/,https://www.reddit.com/r/Airtel/comments/1nvdz6n/esim/
1nvdxpi,Esim,Personal_Hotel_8796,2025-10-01T17:04:11,2,1,eSIMforTravelers,https://www.reddit.com/r/eSIMforTravelers/comments/1nvdxpi/esim/,https://www.reddit.com/r/eSIMforTravelers/comments/1nvdxpi/esim/
1nvbv75,Rasierer statt IPhone 17 Pro,ReverseHonig,2025-10-01T15:48:09,854,0.97,dhl_deutsche_post,https://www.reddit.com/r/dhl_deutsche_post/comments/1nvbv75/rasierer_statt_iphone_17_pro/,https://i.redd.it/ungxvpmbuisf1.jpeg
1nvasub,Iphone 17 Pro vs Xiaomi 17 Pro Karşılaştırması - 2025'in En İyi Telefonu Hangisi? #Iphone17Pro  #Xiaomi17Pro,cagriozkaya,2025-10-01T15:08:52,1,1,u_cagriozkaya,https://www.reddit.com/r/u_cagriozkaya/comments/1nvasub/iphone_17_pro_vs_xiaomi_17_pro_karşılaştırması/,https://cagriozkaya.com.tr/iphone-17-pro-vs-xiaomi-17-pro-karsilastirrmasi/
1nv91j9,"Got scammed on OLX, what are my legal options?",iAM_A_NiceGuy,2025-10-01T14:02:17,4,0.83,LegalAdviceIndia,https://www.reddit.com/r/LegalAdviceIndia/comments/1nv91j9/got_scammed_on_olx_what_are_my_legal_options/,https://www.reddit.com/r/LegalAdviceIndia/comments/1nv91j9/got_scammed_on_olx_what_are_my_legal_options/
1nv4y8t,Does a screen protector on the IPhone 17 Pro impact selfie quality. They put one on immediately.,bozofire123,2025-10-01T10:52:10,0,0.33,iphone,https://www.reddit.com/r/iphone/comments/1nv4y8t/does_a_screen_protector_on_the_iphone_17_pro/,https://www.reddit.com/r/iphone/comments/1nv4y8t/does_a_screen_protector_on_the_iphone_17_pro/
1nv4u81,Using the iphone 17 pro camera .5 to x8 🙃,chicoapollo,2025-10-01T10:45:34,7,0.82,iPhone17Pro,https://www.reddit.com/r/iPhone17Pro/comments/1nv4u81/using_the_iphone_17_pro_camera_5_to_x8/,https://www.reddit.com/gallery/1nv4u81
1nv3l0t,Airpods Pro 2 won't connect to Iphone 17 Pro,One-Response3178,2025-10-01T09:28:16,1,1,airpods,https://www.reddit.com/r/airpods/comments/1nv3l0t/airpods_pro_2_wont_connect_to_iphone_17_pro/,https://www.reddit.com/r/airpods/comments/1nv3l0t/airpods_pro_2_wont_connect_to_iphone_17_pro/
1nv2o35,GoPro Quik issues,LandersTravels,2025-10-01T08:26:59,3,0.8,gopro,https://www.reddit.com/r/gopro/comments/1nv2o35/gopro_quik_issues/,https://v.redd.it/9lbe7gmlngsf1
1nuzr1d,Never was a believer in xxxgates,trusk89,2025-10-01T05:20:01,112,0.85,iPhone17Pro,https://www.reddit.com/r/iPhone17Pro/comments/1nuzr1d/never_was_a_believer_in_xxxgates/,https://www.reddit.com/gallery/1nuzr1d
1nuuxs0,Backorder process,Shady12013,2025-10-01T01:14:27,5,0.86,SpectrumMobile,https://www.reddit.com/r/SpectrumMobile/comments/1nuuxs0/backorder_process/,https://www.reddit.com/r/SpectrumMobile/comments/1nuuxs0/backorder_process/
1nurhnl,I need help with what screen protector to get for my new Iphone 17 Pro,Markyfn_,2025-09-30T22:37:02,1,0.67,iPhone17Pro,https://www.reddit.com/r/iPhone17Pro/comments/1nurhnl/i_need_help_with_what_screen_protector_to_get_for/,https://www.reddit.com/r/iPhone17Pro/comments/1nurhnl/i_need_help_with_what_screen_protector_to_get_for/
1nurh0x,Looking for what screen protector to get for the IPhone 17 Pro,Markyfn_,2025-09-30T22:36:18,1,0.67,iphone,https://www.reddit.com/r/iphone/comments/1nurh0x/looking_for_what_screen_protector_to_get_for_the/,https://www.reddit.com/r/iphone/comments/1nurh0x/looking_for_what_screen_protector_to_get_for_the/
1nuocp8,"Robots: What Skin Are You Using On Your Website Page For The iPhone 17 Pro and, most importantly, is it Grippy?",New-Cartographer9995,2025-09-30T20:31:11,1,0.67,dbrand,https://www.reddit.com/r/dbrand/comments/1nuocp8/robots_what_skin_are_you_using_on_your_website/,https://www.reddit.com/r/dbrand/comments/1nuocp8/robots_what_skin_are_you_using_on_your_website/
1numihx,Todas as cores do iPhone 17 Pro,ebertalmeida,2025-09-30T19:22:16,3,0.72,UmaDicaporDia,https://www.reddit.com/r/UmaDicaporDia/comments/1numihx/todas_as_cores_do_iphone_17_pro/,https://i.redd.it/jvi0l0abrcsf1.png
1nulkgm,Iphone 17 Pro $1100 apple watch $500 and ipad $500 over 36 months w trade in deal active via verizon site,taviusparadise,2025-09-30T18:46:21,12,0.87,verizon,https://www.reddit.com/r/verizon/comments/1nulkgm/iphone_17_pro_1100_apple_watch_500_and_ipad_500/,https://www.reddit.com/r/verizon/comments/1nulkgm/iphone_17_pro_1100_apple_watch_500_and_ipad_500/
1nujq2v,Telefon hakkında soru,cevahirergin,2025-09-30T17:38:23,2,0.75,teknoloji,https://www.reddit.com/r/teknoloji/comments/1nujq2v/telefon_hakkında_soru/,https://www.reddit.com/r/teknoloji/comments/1nujq2v/telefon_hakkında_soru/
1nugzzb,"New IPhone 17 Pro has been downloading Intelligence features for ever, how can this be fixed?",Unhappy-Question4172,2025-09-30T15:55:48,3,0.71,ios,https://www.reddit.com/r/ios/comments/1nugzzb/new_iphone_17_pro_has_been_downloading/,https://i.redd.it/tt6x0o1sqbsf1.jpeg
1nugpvl,Here are some shots from different angles for the iphone 17 pro i made.,Sufficient_Home_4014,2025-09-30T15:45:09,6,0.81,blender,https://www.reddit.com/r/blender/comments/1nugpvl/here_are_some_shots_from_different_angles_for_the/,https://www.reddit.com/gallery/1nugpvl
1nufshv,Real life battery life of iphone 17 pro BUT with SIM card?,Dull-Entrance-5754,2025-09-30T15:10:16,1,1,iPhone17Pro,https://www.reddit.com/r/iPhone17Pro/comments/1nufshv/real_life_battery_life_of_iphone_17_pro_but_with/,https://www.reddit.com/r/iPhone17Pro/comments/1nufshv/real_life_battery_life_of_iphone_17_pro_but_with/
1nuf3n5,Message failed to send - Time sensitive ? iOS 26.0.1 - iphone 17 pro,Purple_Wheel_2225,2025-09-30T14:43:59,0,0.33,iphone,https://www.reddit.com/r/iphone/comments/1nuf3n5/message_failed_to_send_time_sensitive_ios_2601/,https://www.reddit.com/r/iphone/comments/1nuf3n5/message_failed_to_send_time_sensitive_ios_2601/
1nueyim,"i’m extremely uneducated on esim, can i swap esims from another phone?",fancyfr0ggy,2025-09-30T14:38:30,0,0.33,iphone,https://www.reddit.com/r/iphone/comments/1nueyim/im_extremely_uneducated_on_esim_can_i_swap_esims/,https://www.reddit.com/r/iphone/comments/1nueyim/im_extremely_uneducated_on_esim_can_i_swap_esims/
1nucw00,How is this iphone 17 pro model ?,Sufficient_Home_4014,2025-09-30T13:14:38,31,0.8,blender,https://www.reddit.com/r/blender/comments/1nucw00/how_is_this_iphone_17_pro_model/,https://www.reddit.com/gallery/1nucw00
1nub5fn,45w charger recommendation,ratata031,2025-09-30T11:56:00,1,1,iPhone17Pro,https://www.reddit.com/r/iPhone17Pro/comments/1nub5fn/45w_charger_recommendation/,https://i.redd.it/dd3ee3xzjasf1.jpeg
1nu8xvj,Camera issue IPhone 17 pro,Free-Light3370,2025-09-30T09:49:58,2,0.62,iphone,https://www.reddit.com/r/iphone/comments/1nu8xvj/camera_issue_iphone_17_pro/,/r/iPhone17Pro/comments/1nsfn8g/camera_issue_iphone_17_pro/
1nu6ury,Apple 20w charger vs 30w charger,AccessRealistic1028,2025-09-30T07:32:32,1,1,iPhone17Pro,https://www.reddit.com/r/iPhone17Pro/comments/1nu6ury/apple_20w_charger_vs_30w_charger/,https://www.reddit.com/r/iPhone17Pro/comments/1nu6ury/apple_20w_charger_vs_30w_charger/
1nu6qtg,iphone 17 pro display pixel frames clearly visible,Denkendorf,2025-09-30T07:25:26,0,0.5,iphone,https://www.reddit.com/r/iphone/comments/1nu6qtg/iphone_17_pro_display_pixel_frames_clearly_visible/,https://www.reddit.com/r/iphone/comments/1nu6qtg/iphone_17_pro_display_pixel_frames_clearly_visible/
1nu5xrj,I can not hear the difference between my brand new Beyerdynamic DT 1990 Pro MK2 and my Apple Airpods 4,namanix,2025-09-30T06:34:17,2,1,HeadphoneAdvice,https://www.reddit.com/r/HeadphoneAdvice/comments/1nu5xrj/i_can_not_hear_the_difference_between_my_brand/,https://www.reddit.com/r/HeadphoneAdvice/comments/1nu5xrj/i_can_not_hear_the_difference_between_my_brand/
1nu5oyd,What with the Iphone 17 Pro Silver availability? That color specifically.,piknikd0uille,2025-09-30T06:18:33,1,0.53,iphone,https://www.reddit.com/r/iphone/comments/1nu5oyd/what_with_the_iphone_17_pro_silver_availability/,https://www.reddit.com/r/iphone/comments/1nu5oyd/what_with_the_iphone_17_pro_silver_availability/
1nu3xio,Is there a brand that sells blue leather that isn't painted and with a camera button for the iphone 17 pro?,sealysea,2025-09-30T04:34:46,2,1,patinaproud,https://www.reddit.com/r/patinaproud/comments/1nu3xio/is_there_a_brand_that_sells_blue_leather_that/,https://www.reddit.com/r/patinaproud/comments/1nu3xio/is_there_a_brand_that_sells_blue_leather_that/
1nu3oqc,Iphone 17 pro price ?,lostnotlost09,2025-09-30T04:21:09,0,0.5,GadgetsIndia,https://www.reddit.com/r/GadgetsIndia/comments/1nu3oqc/iphone_17_pro_price/,https://www.reddit.com/r/GadgetsIndia/comments/1nu3oqc/iphone_17_pro_price/
1nu0bzf,Unlimited Choice - iPhone Upgrade potential issues,mr_whit33,2025-09-30T01:37:14,2,1,ATT,https://www.reddit.com/r/ATT/comments/1nu0bzf/unlimited_choice_iphone_upgrade_potential_issues/,https://www.reddit.com/r/ATT/comments/1nu0bzf/unlimited_choice_iphone_upgrade_potential_issues/
1ntzwx5,Iphone17 pro | face id delay when scan qr code while locked,Jazazasz,2025-09-30T01:17:30,1,1,ios,https://www.reddit.com/r/ios/comments/1ntzwx5/iphone17_pro_face_id_delay_when_scan_qr_code/,https://www.reddit.com/r/ios/comments/1ntzwx5/iphone17_pro_face_id_delay_when_scan_qr_code/
1ntzcjk,Iphone 17 pro Centre Stage setting,Character_Ad8400,2025-09-30T00:51:18,1,1,iPhone17Pro,https://www.reddit.com/r/iPhone17Pro/comments/1ntzcjk/iphone_17_pro_centre_stage_setting/,https://www.reddit.com/r/iPhone17Pro/comments/1ntzcjk/iphone_17_pro_centre_stage_setting/
1ntxqsw,Restock of 256g Iphone 17 Pro's?,cantu6,2025-09-29T23:38:18,0,0.33,Visible,https://www.reddit.com/r/Visible/comments/1ntxqsw/restock_of_256g_iphone_17_pros/,https://www.reddit.com/r/Visible/comments/1ntxqsw/restock_of_256g_iphone_17_pros/
1ntwt4j,Iphone 17 pro slow,Crazy_Ball7766,2025-09-29T22:57:43,0,0.14,iphone,https://www.reddit.com/r/iphone/comments/1ntwt4j/iphone_17_pro_slow/,https://www.reddit.com/r/iphone/comments/1ntwt4j/iphone_17_pro_slow/
1ntti0d,Grey sunday in Copenhagen,JoleFole,2025-09-29T20:44:18,7,1,iPhoneography,https://www.reddit.com/r/iPhoneography/comments/1ntti0d/grey_sunday_in_copenhagen/,https://www.reddit.com/gallery/1ntti0d
1ntt1u3,Dissatisfied with the Iphone 15 camera. Should i buy the Iphone 17 pro or just get an actual camera?,primephilosopher,2025-09-29T20:27:38,5,0.73,Tech_Philippines,https://www.reddit.com/r/Tech_Philippines/comments/1ntt1u3/dissatisfied_with_the_iphone_15_camera_should_i/,https://www.reddit.com/r/Tech_Philippines/comments/1ntt1u3/dissatisfied_with_the_iphone_15_camera_should_i/
1ntswj4,Iphone 17 pro | ios 26.0.1,Jazazasz,2025-09-29T20:21:59,0,0.5,iphone,https://www.reddit.com/r/iphone/comments/1ntswj4/iphone_17_pro_ios_2601/,https://www.reddit.com/r/iphone/comments/1ntswj4/iphone_17_pro_ios_2601/
1ntssof,Iphone 17 pro | Face ID delay when scan QR code while locked,Jazazasz,2025-09-29T20:17:57,2,0.76,iphone,https://www.reddit.com/r/iphone/comments/1ntssof/iphone_17_pro_face_id_delay_when_scan_qr_code/,https://www.reddit.com/r/iphone/comments/1ntssof/iphone_17_pro_face_id_delay_when_scan_qr_code/
1ntpfco,"Konec dominance iPhonu? Xiaomi 17 Pro Max běží rychleji, chladněji a šetří energii",SvetAndroida,2025-09-29T18:10:36,2,1,androidCZSK,https://www.reddit.com/r/androidCZSK/comments/1ntpfco/konec_dominance_iphonu_xiaomi_17_pro_max_běží/,https://i.redd.it/7j80rm4x95sf1.jpeg
1ntpdmr,Does Belkin screen protector for Iphone 16 Pro fit Iphone 17 pro?,BenoMeister,2025-09-29T18:08:42,0,0.5,iphone,https://www.reddit.com/r/iphone/comments/1ntpdmr/does_belkin_screen_protector_for_iphone_16_pro/,https://www.reddit.com/r/iphone/comments/1ntpdmr/does_belkin_screen_protector_for_iphone_16_pro/
1ntp0pn,Iphone 17 pro carplay USB-C works only one way/orientation,Khromfire,2025-09-29T17:55:53,0,0.5,iphone,https://www.reddit.com/r/iphone/comments/1ntp0pn/iphone_17_pro_carplay_usbc_works_only_one/,https://www.reddit.com/r/iphone/comments/1ntp0pn/iphone_17_pro_carplay_usbc_works_only_one/
1ntoxib,Any means necessary to buy the 17. Kidney + Eye = 17 Pro,wheresOPnow,2025-09-29T17:52:35,0,0.25,iPhone17Pro,https://www.reddit.com/r/iPhone17Pro/comments/1ntoxib/any_means_necessary_to_buy_the_17_kidney_eye_17/,https://i.redd.it/ytszcs7p65sf1.jpeg
1ntisbj,iPhone 17 Pro: microphones poor for live music recording! Watch out!,evilZardoz,2025-09-29T13:59:57,123,0.77,iphone,https://www.reddit.com/r/iphone/comments/1ntisbj/iphone_17_pro_microphones_poor_for_live_music/,https://www.reddit.com/r/iphone/comments/1ntisbj/iphone_17_pro_microphones_poor_for_live_music/
1ntip29,One of the first few photos with IPhone 17 Pro,Royal_Excitement_258,2025-09-29T13:56:09,203,0.99,amritsar,https://www.reddit.com/r/amritsar/comments/1ntip29/one_of_the_first_few_photos_with_iphone_17_pro/,https://i.redd.it/qhcjr0ni04sf1.jpeg
1o05krz,Iphone 17 base or Iphone 16 pro,Ok-Bumblebee-6645,2025-10-07T04:50:54,1,0.67,Tech_Philippines,https://www.reddit.com/r/Tech_Philippines/comments/1o05krz/iphone_17_base_or_iphone_16_pro/,https://www.reddit.com/r/Tech_Philippines/comments/1o05krz/iphone_17_base_or_iphone_16_pro/
1o02rd1,How to reinstall Games App?,Jeejush,2025-10-07T02:24:32,1,1,iphone17,https://www.reddit.com/r/iphone17/comments/1o02rd1/how_to_reinstall_games_app/,https://www.reddit.com/r/iphone17/comments/1o02rd1/how_to_reinstall_games_app/
1o02qcr,Games App help,Jeejush,2025-10-07T02:23:12,1,1,ios,https://www.reddit.com/r/ios/comments/1o02qcr/games_app_help/,https://www.reddit.com/r/ios/comments/1o02qcr/games_app_help/
1o02otu,Apple Games App Uninstalled,Jeejush,2025-10-07T02:21:15,0,0.33,iphone,https://www.reddit.com/r/iphone/comments/1o02otu/apple_games_app_uninstalled/,https://www.reddit.com/r/iphone/comments/1o02otu/apple_games_app_uninstalled/
1o022f6,Selling Covered Calls is for Suckers.,Obelixboarhunter,2025-10-07T01:52:02,0,0.36,CoveredCalls,https://www.reddit.com/r/CoveredCalls/comments/1o022f6/selling_covered_calls_is_for_suckers/,https://www.reddit.com/r/CoveredCalls/comments/1o022f6/selling_covered_calls_is_for_suckers/
1o01u9y,"For iphone 17 pros/air, apple direct promo and tmobile trade in promo are same?",master00700,2025-10-07T01:41:29,0,0.5,tmobile,https://www.reddit.com/r/tmobile/comments/1o01u9y/for_iphone_17_prosair_apple_direct_promo_and/,https://www.reddit.com/r/tmobile/comments/1o01u9y/for_iphone_17_prosair_apple_direct_promo_and/
1o01m4y,Dúvida sobre importados venda ML/olx/MKTP,morpheus420000,2025-10-07T01:31:09,2,1,rendaextra,https://www.reddit.com/r/rendaextra/comments/1o01m4y/dúvida_sobre_importados_venda_mlolxmktp/,https://www.reddit.com/r/rendaextra/comments/1o01m4y/dúvida_sobre_importados_venda_mlolxmktp/
1nzwsdq,iphone 17 case help!,enigmaticbloke,2025-10-06T21:57:55,0,0.33,iphone,https://www.reddit.com/r/iphone/comments/1nzwsdq/iphone_17_case_help/,https://www.reddit.com/r/iphone/comments/1nzwsdq/iphone_17_case_help/
1nzurzm,Canada - Iphone 17 scam on Facebook,Ok-Communication6680,2025-10-06T20:42:12,1,0.67,Scams,https://www.reddit.com/r/Scams/comments/1nzurzm/canada_iphone_17_scam_on_facebook/,https://www.reddit.com/r/Scams/comments/1nzurzm/canada_iphone_17_scam_on_facebook/
1nzsyb2,Shipping delays,PeanutHamper777,2025-10-06T19:36:41,3,0.71,ATT,https://www.reddit.com/r/ATT/comments/1nzsyb2/shipping_delays/,https://www.bgr.com/1985813/iphone-17-which-models-are-sold-out-october-2025/
1nzmkde,Iphone 16 plus (256gb) or iPhone 17 (256gb),danger45678,2025-10-06T15:41:07,0,0.5,iphone,https://www.reddit.com/r/iphone/comments/1nzmkde/iphone_16_plus_256gb_or_iphone_17_256gb/,https://www.reddit.com/r/iphone/comments/1nzmkde/iphone_16_plus_256gb_or_iphone_17_256gb/
1nzlgmb,restock,Ok_Parfait_9578,2025-10-06T15:00:56,1,1,Vodafone,https://www.reddit.com/r/Vodafone/comments/1nzlgmb/restock/,https://www.reddit.com/r/Vodafone/comments/1nzlgmb/restock/
1nzkyat,Apple Iphone 17 Series Preorder Promotions/Freebies/ Midnight Launch/Preregistration Links,Born-Recognition8529,2025-10-06T14:41:49,105,0.97,Tech_Philippines,https://www.reddit.com/r/Tech_Philippines/comments/1nzkyat/apple_iphone_17_series_preorder/,https://www.reddit.com/gallery/1nzkyat
1nzkhfj,iphone 17 ios 26 wallpaper abstract macro organic,jfhars,2025-10-06T14:24:05,1,1,ioswalls,https://www.reddit.com/r/ioswalls/comments/1nzkhfj/iphone_17_ios_26_wallpaper_abstract_macro_organic/,http://www.herowall.net/2025/10/iphone-17-ios-26-wallpaper-abstract_01747651601.html
1nzk661,Screen time not working iOS 26/ Iphone 17,Tsunamibg,2025-10-06T14:12:15,1,1,ios,https://www.reddit.com/r/ios/comments/1nzk661/screen_time_not_working_ios_26_iphone_17/,https://www.reddit.com/r/ios/comments/1nzk661/screen_time_not_working_ios_26_iphone_17/
1nzk5mi,"GLOBE TELECOM IPHONE 17 PRE ORDER, WHEN?",AwarePeace8498,2025-10-06T14:11:37,0,0.25,Tech_Philippines,https://www.reddit.com/r/Tech_Philippines/comments/1nzk5mi/globe_telecom_iphone_17_pre_order_when/,/r/InternetPH/comments/1nzk31s/globe_telecom_iphone_17_pre_order_when/
1nzk3sr,"GLOBE TELECOM IPHONE 17 PRE ORDER, WHEN?",AwarePeace8498,2025-10-06T14:09:40,0,0.5,CasualPH,https://www.reddit.com/r/CasualPH/comments/1nzk3sr/globe_telecom_iphone_17_pre_order_when/,/r/InternetPH/comments/1nzk31s/globe_telecom_iphone_17_pre_order_when/
1nzk31s,"GLOBE TELECOM IPHONE 17 PRE ORDER, WHEN?",AwarePeace8498,2025-10-06T14:08:50,0,0.5,InternetPH,https://www.reddit.com/r/InternetPH/comments/1nzk31s/globe_telecom_iphone_17_pre_order_when/,https://www.reddit.com/r/InternetPH/comments/1nzk31s/globe_telecom_iphone_17_pre_order_when/
1nzjrrj,Whys iphone 17 not available at any store/authorised resellers?,kookieduh,2025-10-06T13:56:44,9,0.8,iphone17,https://www.reddit.com/r/iphone17/comments/1nzjrrj/whys_iphone_17_not_available_at_any/,https://www.reddit.com/r/iphone17/comments/1nzjrrj/whys_iphone_17_not_available_at_any/
1nzj3hm,Did IOS26 remove the ability to see pictures sent via text messages?,Level3pipe,2025-10-06T13:29:29,1,0.6,iphone,https://www.reddit.com/r/iphone/comments/1nzj3hm/did_ios26_remove_the_ability_to_see_pictures_sent/,https://www.reddit.com/r/iphone/comments/1nzj3hm/did_ios26_remove_the_ability_to_see_pictures_sent/
1nzis2d,"Mods, please do a superthread for iphone 17 pre-orders",jingjongjantes,2025-10-06T13:16:27,9,0.77,Tech_Philippines,https://www.reddit.com/r/Tech_Philippines/comments/1nzis2d/mods_please_do_a_superthread_for_iphone_17/,https://www.reddit.com/r/Tech_Philippines/comments/1nzis2d/mods_please_do_a_superthread_for_iphone_17/
1nziohi,iphone 17 beyond the box pre-order locations,notverysourlemon,2025-10-06T13:12:15,4,0.83,Tech_Philippines,https://www.reddit.com/r/Tech_Philippines/comments/1nziohi/iphone_17_beyond_the_box_preorder_locations/,https://www.reddit.com/r/Tech_Philippines/comments/1nziohi/iphone_17_beyond_the_box_preorder_locations/
1nzimgz,Dust inside the camera lens,OkCryptographer8169,2025-10-06T13:09:54,0,0.27,iphone,https://www.reddit.com/r/iphone/comments/1nzimgz/dust_inside_the_camera_lens/,https://i.redd.it/znwi1zcnqhtf1.jpeg
1nzielb,Is my mom narcissistic?,SuccessfulCompany88,2025-10-06T13:00:46,1,1,narcissisticparents,https://www.reddit.com/r/narcissisticparents/comments/1nzielb/is_my_mom_narcissistic/,https://www.reddit.com/r/narcissisticparents/comments/1nzielb/is_my_mom_narcissistic/
1nzie1c,Please Diagnose My Mom (mental/psych),SuccessfulCompany88,2025-10-06T13:00:10,1,1,DiagnoseMe,https://www.reddit.com/r/DiagnoseMe/comments/1nzie1c/please_diagnose_my_mom_mentalpsych/,https://www.reddit.com/r/DiagnoseMe/comments/1nzie1c/please_diagnose_my_mom_mentalpsych/
1nziatv,Can someone explain to me whats wrong with my mom? I’m willing to do anything to fix it.,SuccessfulCompany88,2025-10-06T12:56:25,1,1,offmychest,https://www.reddit.com/r/offmychest/comments/1nziatv/can_someone_explain_to_me_whats_wrong_with_my_mom/,https://www.reddit.com/r/offmychest/comments/1nziatv/can_someone_explain_to_me_whats_wrong_with_my_mom/
1nziap4,Iphone 17 PreOrder,Majestic_Jacket_1019,2025-10-06T12:56:14,1,1,Tech_Philippines,https://www.reddit.com/r/Tech_Philippines/comments/1nziap4/iphone_17_preorder/,https://www.reddit.com/r/Tech_Philippines/comments/1nziap4/iphone_17_preorder/
1nzh9kz,Charging time with 20W apple charger,tyson1399,2025-10-06T12:09:43,0,0.5,iphone17,https://www.reddit.com/r/iphone17/comments/1nzh9kz/charging_time_with_20w_apple_charger/,https://www.reddit.com/r/iphone17/comments/1nzh9kz/charging_time_with_20w_apple_charger/
1nzh11f,Buy Iphone 17 EU warranty,tnl_nrc,2025-10-06T11:58:57,1,1,iphone17,https://www.reddit.com/r/iphone17/comments/1nzh11f/buy_iphone_17_eu_warranty/,https://www.reddit.com/r/iphone17/comments/1nzh11f/buy_iphone_17_eu_warranty/
1nzgtz6,Battery Life,Ok_Code7006,2025-10-06T11:49:05,5,1,iphone17,https://www.reddit.com/r/iphone17/comments/1nzgtz6/battery_life/,https://i.redd.it/mrzei4e8chtf1.jpeg
1nzg3qb,IPhone HK version,Small_Storage_5870,2025-10-06T11:10:52,2,1,chinalife,https://www.reddit.com/r/chinalife/comments/1nzg3qb/iphone_hk_version/,https://www.reddit.com/r/chinalife/comments/1nzg3qb/iphone_hk_version/
1nzfzsk,Beyond The Box Pre Order Freebies for Iphone 17 series,vgaence,2025-10-06T11:04:51,31,0.97,Tech_Philippines,https://www.reddit.com/r/Tech_Philippines/comments/1nzfzsk/beyond_the_box_pre_order_freebies_for_iphone_17/,https://i.redd.it/67z0dl2c4htf1.jpeg
1nzexkh,Need suggestions about buying iphone 17,Born-Nail-300,2025-10-06T10:03:45,8,0.91,PakistaniTech,https://www.reddit.com/r/PakistaniTech/comments/1nzexkh/need_suggestions_about_buying_iphone_17/,https://www.reddit.com/r/PakistaniTech/comments/1nzexkh/need_suggestions_about_buying_iphone_17/
1nzeuqv,Need suggestions for iphone 17 pta or non pta in khi,Born-Nail-300,2025-10-06T09:59:08,1,1,karachi,https://www.reddit.com/r/karachi/comments/1nzeuqv/need_suggestions_for_iphone_17_pta_or_non_pta_in/,https://www.reddit.com/r/karachi/comments/1nzeuqv/need_suggestions_for_iphone_17_pta_or_non_pta_in/
1nzerat,PRE-ORDER IPHONE 17 SERIES,SugarSpice456,2025-10-06T09:52:53,0,0.13,baguio,https://www.reddit.com/r/baguio/comments/1nzerat/preorder_iphone_17_series/,https://www.reddit.com/r/baguio/comments/1nzerat/preorder_iphone_17_series/
1nzcxai,Help me to choose a color for Iphone 17,Lower-Highlight-2072,2025-10-06T07:50:21,0,0.5,Tech_Philippines,https://www.reddit.com/r/Tech_Philippines/comments/1nzcxai/help_me_to_choose_a_color_for_iphone_17/,https://www.reddit.com/r/Tech_Philippines/comments/1nzcxai/help_me_to_choose_a_color_for_iphone_17/
1nzc1sb,Applecare is soo confusing,VEN_Schwifty,2025-10-06T06:54:06,1,0.57,iphone,https://www.reddit.com/r/iphone/comments/1nzc1sb/applecare_is_soo_confusing/,https://www.reddit.com/r/iphone/comments/1nzc1sb/applecare_is_soo_confusing/
1nzc0fb,Are there any insider from beyond the box??,Lopsided_Bar9651,2025-10-06T06:51:45,1,0.6,Tech_Philippines,https://www.reddit.com/r/Tech_Philippines/comments/1nzc0fb/are_there_any_insider_from_beyond_the_box/,https://www.reddit.com/r/Tech_Philippines/comments/1nzc0fb/are_there_any_insider_from_beyond_the_box/
1nzbye9,"Hi Tech_Philippines. I'm posting this using my very mid Samsung A26 5G phone. Just for comparison, how would IPhone 17 compare to the type of mid-range phone that I have, generally? I'm no techie, so i would appreciate your keeping things simple for me thank you community",teos61,2025-10-06T06:48:13,1,0.56,Tech_Philippines,https://www.reddit.com/r/Tech_Philippines/comments/1nzbye9/hi_tech_philippines_im_posting_this_using_my_very/,https://www.reddit.com/r/Tech_Philippines/comments/1nzbye9/hi_tech_philippines_im_posting_this_using_my_very/
1nzbll3,Confused between s25 base and iphone 17 base,Charming_Host2004,2025-10-06T06:26:04,1,1,PickAnAndroidForMe,https://www.reddit.com/r/PickAnAndroidForMe/comments/1nzbll3/confused_between_s25_base_and_iphone_17_base/,https://www.reddit.com/r/PickAnAndroidForMe/comments/1nzbll3/confused_between_s25_base_and_iphone_17_base/
1nzb9da,Iphone 17 longevity with 8 gb ram for AI tasks,luthra_ayush,2025-10-06T06:04:19,0,0.33,iphone,https://www.reddit.com/r/iphone/comments/1nzb9da/iphone_17_longevity_with_8_gb_ram_for_ai_tasks/,https://www.reddit.com/r/iphone/comments/1nzb9da/iphone_17_longevity_with_8_gb_ram_for_ai_tasks/
1nzamac,Iphone 17 Online Pre Order,West-Watercress5926,2025-10-06T05:25:22,2,1,Tech_Philippines,https://www.reddit.com/r/Tech_Philippines/comments/1nzamac/iphone_17_online_pre_order/,https://www.reddit.com/r/Tech_Philippines/comments/1nzamac/iphone_17_online_pre_order/
1nza9z5,Pre-order Iphone 17,Otherwise_Tooth_6731,2025-10-06T05:05:45,1,1,Tech_Philippines,https://www.reddit.com/r/Tech_Philippines/comments/1nza9z5/preorder_iphone_17/,https://www.reddit.com/r/Tech_Philippines/comments/1nza9z5/preorder_iphone_17/
1nz9pfn,"Buying an Iphone 17 at Apple Flagship Store, mas mura ba?",TypicalOlive4587,2025-10-06T04:33:17,1,0.67,Tech_Philippines,https://www.reddit.com/r/Tech_Philippines/comments/1nz9pfn/buying_an_iphone_17_at_apple_flagship_store_mas/,https://www.reddit.com/r/Tech_Philippines/comments/1nz9pfn/buying_an_iphone_17_at_apple_flagship_store_mas/
1nz8wpn,Airpods pro 3,whip-whiplash,2025-10-06T03:50:33,1,1,Tech_Philippines,https://www.reddit.com/r/Tech_Philippines/comments/1nz8wpn/airpods_pro_3/,https://www.reddit.com/r/Tech_Philippines/comments/1nz8wpn/airpods_pro_3/
1nz8flf,Lowlight Snapshot - Iphone 17,corgisncameras,2025-10-06T03:25:50,20,1,iphone17,https://www.reddit.com/r/iphone17/comments/1nz8flf/lowlight_snapshot_iphone_17/,https://i.redd.it/gp5faqd5uetf1.jpeg
1nz4rm0,Iphone 17 getting too much storage (IOS 26.0.1),Motor-Comfortable529,2025-10-06T00:28:07,2,1,iphonehelp,https://www.reddit.com/r/iphonehelp/comments/1nz4rm0/iphone_17_getting_too_much_storage_ios_2601/,https://i.redd.it/cjchowoqydtf1.jpeg
1nz4amz,Can't backup icloud to iphone 17 because previous phone was on beta version 26.1,blastreti,2025-10-06T00:06:02,1,1,applehelp,https://www.reddit.com/r/applehelp/comments/1nz4amz/cant_backup_icloud_to_iphone_17_because_previous/,https://www.reddit.com/r/applehelp/comments/1nz4amz/cant_backup_icloud_to_iphone_17_because_previous/
1nz3r09,u/tmosh approved a post in r/UFOs,open-mod,2025-10-05T23:41:07,1,1,UFOsModlogs,https://www.reddit.com/r/UFOsModlogs/comments/1nz3r09/utmosh_approved_a_post_in_rufos/,https://www.reddit.com/r/UFOsModlogs/comments/1nz3r09/utmosh_approved_a_post_in_rufos/
1nz2pj2,Coming from Iphone13 base,SebTheBastian,2025-10-05T22:54:21,4,1,iPhone16,https://www.reddit.com/r/iPhone16/comments/1nz2pj2/coming_from_iphone13_base/,https://www.reddit.com/r/iPhone16/comments/1nz2pj2/coming_from_iphone13_base/
1nz1g7f,What charger should I get for iphone 17?,JJ2923,2025-10-05T21:59:41,1,0.66,iphone,https://www.reddit.com/r/iphone/comments/1nz1g7f/what_charger_should_i_get_for_iphone_17/,https://www.reddit.com/r/iphone/comments/1nz1g7f/what_charger_should_i_get_for_iphone_17/
1nyz7ma,Apple morgen long 🍏,Miner88_,2025-10-05T20:30:48,1,1,wallstreetbetsGER,https://www.reddit.com/r/wallstreetbetsGER/comments/1nyz7ma/apple_morgen_long/,https://www.reddit.com/r/wallstreetbetsGER/comments/1nyz7ma/apple_morgen_long/
1nyyi2l,Fire button glitch-Iphone 17,Outlaw-01,2025-10-05T20:04:01,5,1,BGMI,https://www.reddit.com/r/BGMI/comments/1nyyi2l/fire_button_glitchiphone_17/,https://www.reddit.com/r/BGMI/comments/1nyyi2l/fire_button_glitchiphone_17/
1nyxzh0,Did not get 5X Reward Infinia,junkmaster5931,2025-10-05T19:44:08,1,1,CreditCardsIndia,https://www.reddit.com/r/CreditCardsIndia/comments/1nyxzh0/did_not_get_5x_reward_infinia/,https://www.reddit.com/r/CreditCardsIndia/comments/1nyxzh0/did_not_get_5x_reward_infinia/
1nyulek,Når skal Norge få på plass ordentlig dekning ved togsporet??,CarbonDRFT00,2025-10-05T17:37:17,6,0.69,norge,https://www.reddit.com/r/norge/comments/1nyulek/når_skal_norge_få_på_plass_ordentlig_dekning_ved/,https://www.reddit.com/r/norge/comments/1nyulek/når_skal_norge_få_på_plass_ordentlig_dekning_ved/
1nytxm6,"Selling my CAT S22 Flip - Kochi, Kerala, India.",InterestingEscape730,2025-10-05T17:12:30,9,0.85,dumbphones,https://www.reddit.com/r/dumbphones/comments/1nytxm6/selling_my_cat_s22_flip_kochi_kerala_india/,https://i.redd.it/rshckzpysbtf1.jpeg
1nyt6xt,How big is the battery life difference between the iPhone 17 and 17 Pro (not Max)? Is the ~$300 extra worth it?,otherwise_fuzzy,2025-10-05T16:44:31,1,0.57,iphone17,https://www.reddit.com/r/iphone17/comments/1nyt6xt/how_big_is_the_battery_life_difference_between/,https://www.reddit.com/r/iphone17/comments/1nyt6xt/how_big_is_the_battery_life_difference_between/
1nysv75,How to get pixel like photos in iphone,True-Insurance-5060,2025-10-05T16:32:04,1,1,iphone,https://www.reddit.com/r/iphone/comments/1nysv75/how_to_get_pixel_like_photos_in_iphone/,https://www.reddit.com/r/iphone/comments/1nysv75/how_to_get_pixel_like_photos_in_iphone/
1nysre4,IPhone 17 promo - in store,asianmovielover605,2025-10-05T16:28:01,1,1,BoostMobile,https://www.reddit.com/r/BoostMobile/comments/1nysre4/iphone_17_promo_in_store/,https://www.reddit.com/r/BoostMobile/comments/1nysre4/iphone_17_promo_in_store/
1nyscuq,How to get pixel like photos in iphone,True-Insurance-5060,2025-10-05T16:12:22,1,0.57,pixel_phones,https://www.reddit.com/r/pixel_phones/comments/1nyscuq/how_to_get_pixel_like_photos_in_iphone/,https://www.reddit.com/r/pixel_phones/comments/1nyscuq/how_to_get_pixel_like_photos_in_iphone/
1nyrqku,Handywechsel mit E-Sim bei Alditalk,Inevitable-Land-7333,2025-10-05T15:48:59,1,1,de_EDV,https://www.reddit.com/r/de_EDV/comments/1nyrqku/handywechsel_mit_esim_bei_alditalk/,https://www.reddit.com/r/de_EDV/comments/1nyrqku/handywechsel_mit_esim_bei_alditalk/
1nyqof2,u/AmazonIsDeclining approved a comment in r/UFOs,open-mod,2025-10-05T15:08:07,1,1,UFOsModlogs,https://www.reddit.com/r/UFOsModlogs/comments/1nyqof2/uamazonisdeclining_approved_a_comment_in_rufos/,https://www.reddit.com/r/UFOsModlogs/comments/1nyqof2/uamazonisdeclining_approved_a_comment_in_rufos/
1nypu1y,Digital Foundry iPhone 17 Pro Review,andreelijah,2025-10-05T14:35:01,279,0.9,apple,https://www.reddit.com/r/apple/comments/1nypu1y/digital_foundry_iphone_17_pro_review/,https://www.youtube.com/watch?v=M3w-j7Wtbvo
1nypno7,iphone 17 ios 26 wallpaper abstract macro organic,jfhars,2025-10-05T14:27:58,1,1,wlpz,https://www.reddit.com/r/wlpz/comments/1nypno7/iphone_17_ios_26_wallpaper_abstract_macro_organic/,https://www.wallpaperize.cc/2025/10/iphone-17-ios-26-wallpaper-abstract.html
1nypl1e,iphone 17 ios 26 wallpaper abstract macro organic,jfhars,2025-10-05T14:24:59,1,1,ioswalls,https://www.reddit.com/r/ioswalls/comments/1nypl1e/iphone_17_ios_26_wallpaper_abstract_macro_organic/,http://www.herowall.net/2025/10/iphone-17-ios-26-wallpaper-abstract.html
1nyphln,iphone 17 wallpaper,jfhars,2025-10-05T14:21:05,1,1,ioswalls,https://www.reddit.com/r/ioswalls/comments/1nyphln/iphone_17_wallpaper/,http://www.herowall.net/2025/10/iphone-17-wallpaper.html
1nypf3s,"Apple iPhone 17 Pro Review: Big Gaming Performance Improvements, AAA Titles Finally Tamed",Putrid_Draft378,2025-10-05T14:18:20,2,1,GamingVideos,https://www.reddit.com/r/GamingVideos/comments/1nypf3s/apple_iphone_17_pro_review_big_gaming_performance/,https://youtu.be/M3w-j7Wtbvo?si=nkuSGnOcz4ZhLuL0
1nypex5,"Apple iPhone 17 Pro Review: Big Gaming Performance Improvements, AAA Titles Finally Tamed",Putrid_Draft378,2025-10-05T14:18:06,1,1,gamers,https://www.reddit.com/r/gamers/comments/1nypex5/apple_iphone_17_pro_review_big_gaming_performance/,https://youtu.be/M3w-j7Wtbvo?si=nkuSGnOcz4ZhLuL0
1nypet2,"Apple iPhone 17 Pro Review: Big Gaming Performance Improvements, AAA Titles Finally Tamed",Putrid_Draft378,2025-10-05T14:17:58,0,0.31,gamernews,https://www.reddit.com/r/gamernews/comments/1nypet2/apple_iphone_17_pro_review_big_gaming_performance/,https://youtu.be/M3w-j7Wtbvo?si=nkuSGnOcz4ZhLuL0
1nypeni,"Apple iPhone 17 Pro Review: Big Gaming Performance Improvements, AAA Titles Finally Tamed",Putrid_Draft378,2025-10-05T14:17:47,0,0.17,videogames,https://www.reddit.com/r/videogames/comments/1nypeni/apple_iphone_17_pro_review_big_gaming_performance/,https://youtu.be/M3w-j7Wtbvo?si=nkuSGnOcz4ZhLuL0
1nypcsy,"Apple iPhone 17 Pro Review: Big Gaming Performance Improvements, AAA Titles Finally Tamed",Putrid_Draft378,2025-10-05T14:15:38,0,0.46,hardware,https://www.reddit.com/r/hardware/comments/1nypcsy/apple_iphone_17_pro_review_big_gaming_performance/,https://youtu.be/M3w-j7Wtbvo?si=nkuSGnOcz4ZhLuL0
1nypaeh,"Apple iPhone 17 Pro Review: Big Gaming Performance Improvements, AAA Titles Finally Tamed",Putrid_Draft378,2025-10-05T14:12:52,3,1,MobileGames,https://www.reddit.com/r/MobileGames/comments/1nypaeh/apple_iphone_17_pro_review_big_gaming_performance/,https://youtu.be/M3w-j7Wtbvo?si=nkuSGnOcz4ZhLuL0
1nyp2gt,Saan pinaka okay kumuha ng iPhone 17?,WeezerAndTheWeezy,2025-10-05T14:03:50,4,0.75,Tech_Philippines,https://www.reddit.com/r/Tech_Philippines/comments/1nyp2gt/saan_pinaka_okay_kumuha_ng_iphone_17/,https://www.reddit.com/r/Tech_Philippines/comments/1nyp2gt/saan_pinaka_okay_kumuha_ng_iphone_17/
1nyp2gi,10 BEAUTIFUL WALLPAPERS FOR IPHONE 17 IOS 26,jfhars,2025-10-05T14:03:49,1,1,wlpz,https://www.reddit.com/r/wlpz/comments/1nyp2gi/10_beautiful_wallpapers_for_iphone_17_ios_26/,https://www.wallpaperize.cc/2025/10/10-beautiful-wallpapers-for-iphone-17.html
1nyoxxs,"Apple iPhone 17 Pro Review: Big Gaming Performance Improvements, AAA Titles Finally Tamed",MythBuster2,2025-10-05T13:58:49,31,0.85,digitalfoundry,https://www.reddit.com/r/digitalfoundry/comments/1nyoxxs/apple_iphone_17_pro_review_big_gaming_performance/,https://youtu.be/M3w-j7Wtbvo
1nynaz8,iphone 17 film,gigio_116,2025-10-05T12:47:42,1,1,iphone17,https://www.reddit.com/r/iphone17/comments/1nynaz8/iphone_17_film/,https://www.reddit.com/r/iphone17/comments/1nynaz8/iphone_17_film/
1nymh5f,IPHONE 16 PRO OR IPHONE 17,weirdowinger,2025-10-05T12:07:30,4,1,GadgetsIndia,https://www.reddit.com/r/GadgetsIndia/comments/1nymh5f/iphone_16_pro_or_iphone_17/,https://www.reddit.com/r/GadgetsIndia/comments/1nymh5f/iphone_16_pro_or_iphone_17/
1nylpk4,Is iphone 17 available without preorder in your country?,MediocreVoice3931,2025-10-05T11:26:20,0,0.5,iphone17,https://www.reddit.com/r/iphone17/comments/1nylpk4/is_iphone_17_available_without_preorder_in_your/,https://www.reddit.com/r/iphone17/comments/1nylpk4/is_iphone_17_available_without_preorder_in_your/
1nykx11,Iphone 17 Camera Video Issue,jarvis_exes,2025-10-05T10:41:06,0,0.36,iPhoneography,https://www.reddit.com/r/iPhoneography/comments/1nykx11/iphone_17_camera_video_issue/,https://v.redd.it/iekmabt6v9tf1
1nykvip,Iphone 17 preorder,sophielucky,2025-10-05T10:38:36,6,1,Tech_Philippines,https://www.reddit.com/r/Tech_Philippines/comments/1nykvip/iphone_17_preorder/,https://www.reddit.com/r/Tech_Philippines/comments/1nykvip/iphone_17_preorder/
1nyku8s,Iphone 17 Camera Video Issue,jarvis_exes,2025-10-05T10:36:27,1,1,iphone17,https://www.reddit.com/r/iphone17/comments/1nyku8s/iphone_17_camera_video_issue/,https://v.redd.it/kvwc4bqcu9tf1
1nykf0o,Iphone 17 charger,Valuable-Throat1880,2025-10-05T10:11:17,5,0.57,iphone,https://www.reddit.com/r/iphone/comments/1nykf0o/iphone_17_charger/,https://i.redd.it/vikpvq8vp9tf1.jpeg
1nyibfi,"iPhone 17 Pro - Wireless Charging Vergleich (Qi2.2 25W vs Qi2 15W, Ladegeräte und Powerbanks)",N8falke,2025-10-05T07:59:36,16,0.95,ChargingSheet,https://www.reddit.com/r/ChargingSheet/comments/1nyibfi/iphone_17_pro_wireless_charging_vergleich_qi22/,https://www.reddit.com/r/ChargingSheet/comments/1nyibfi/iphone_17_pro_wireless_charging_vergleich_qi22/
1nygxpz,I ordered iphone 17 from Flipkart on September 30 and it's only going to arrive on 10th October. I stay in Mumbai and the retailer is in new delhi. Is this a serious problem?,snaypea,2025-10-05T06:33:57,0,0.5,FuckFlipkart,https://www.reddit.com/r/FuckFlipkart/comments/1nygxpz/i_ordered_iphone_17_from_flipkart_on_september_30/,https://www.reddit.com/r/FuckFlipkart/comments/1nygxpz/i_ordered_iphone_17_from_flipkart_on_september_30/
1nyfuh8,Home Screen and Lock Screen Setup - iphone 17,Valuable-Throat1880,2025-10-05T05:29:04,1,0.6,iphone17,https://www.reddit.com/r/iphone17/comments/1nyfuh8/home_screen_and_lock_screen_setup_iphone_17/,https://www.reddit.com/gallery/1nyfuh8
1nyecik,#iphone17,Aurelius_Evander,2025-10-05T04:05:29,5,1,Sweateconomy,https://www.reddit.com/r/Sweateconomy/comments/1nyecik/iphone17/,https://i.redd.it/fy57qgslw7tf1.png
1nyebdc,#iphone 17,Aurelius_Evander,2025-10-05T04:03:44,3,1,sweatcoin,https://www.reddit.com/r/sweatcoin/comments/1nyebdc/iphone_17/,https://i.redd.it/of9lellaw7tf1.png
1nyap3e,Iphone 17 256GB or 512 GB ?,Hawlock,2025-10-05T00:56:48,0,0.5,Smartphones,https://www.reddit.com/r/Smartphones/comments/1nyap3e/iphone_17_256gb_or_512_gb/,https://www.reddit.com/r/Smartphones/comments/1nyap3e/iphone_17_256gb_or_512_gb/
1ny9n8p,What y’all thoughts about the IPhone 17?,SpiritCrisp,2025-10-05T00:05:01,1,0.6,AskReddit,https://www.reddit.com/r/AskReddit/comments/1ny9n8p/what_yall_thoughts_about_the_iphone_17/,https://www.reddit.com/r/AskReddit/comments/1ny9n8p/what_yall_thoughts_about_the_iphone_17/
1ny6r58,is 17 promax E-sim only?,RockNRowBoat,2025-10-04T21:56:27,1,1,iPhone17Pro,https://www.reddit.com/r/iPhone17Pro/comments/1ny6r58/is_17_promax_esim_only/,https://www.reddit.com/r/iPhone17Pro/comments/1ny6r58/is_17_promax_esim_only/
1ny5pad,iPhone 17’s in Asia,SnooOwls6331,2025-10-04T21:12:45,4,0.76,iphone,https://www.reddit.com/r/iphone/comments/1ny5pad/iphone_17s_in_asia/,https://www.reddit.com/r/iphone/comments/1ny5pad/iphone_17s_in_asia/
1ny4ylj,Iphone 17 camera button thing,Busy-Metal2260,2025-10-04T20:43:01,1,1,iphonehelp,https://www.reddit.com/r/iphonehelp/comments/1ny4ylj/iphone_17_camera_button_thing/,https://www.reddit.com/r/iphonehelp/comments/1ny4ylj/iphone_17_camera_button_thing/
1ny4i7i,Iphone refund method 2025,Klutzy_Painter_2455,2025-10-04T20:24:51,0,0.5,Refundq,https://www.reddit.com/r/Refundq/comments/1ny4i7i/iphone_refund_method_2025/,https://www.reddit.com/r/Refundq/comments/1ny4i7i/iphone_refund_method_2025/
1ny3p25,u/CollapseBot removed a comment from r/UFOs,open-mod,2025-10-04T19:52:08,1,1,UFOsModlogs,https://www.reddit.com/r/UFOsModlogs/comments/1ny3p25/ucollapsebot_removed_a_comment_from_rufos/,https://www.reddit.com/r/UFOsModlogs/comments/1ny3p25/ucollapsebot_removed_a_comment_from_rufos/
1ny3p1r,u/CollapseBot locked a submission in r/UFOs,open-mod,2025-10-04T19:52:08,1,1,UFOsModlogs,https://www.reddit.com/r/UFOsModlogs/comments/1ny3p1r/ucollapsebot_locked_a_submission_in_rufos/,https://www.reddit.com/r/UFOsModlogs/comments/1ny3p1r/ucollapsebot_locked_a_submission_in_rufos/
1ny3p1h,u/CollapseBot removed a comment from r/UFOs,open-mod,2025-10-04T19:52:07,1,1,UFOsModlogs,https://www.reddit.com/r/UFOsModlogs/comments/1ny3p1h/ucollapsebot_removed_a_comment_from_rufos/,https://www.reddit.com/r/UFOsModlogs/comments/1ny3p1h/ucollapsebot_removed_a_comment_from_rufos/
1ny3p1c,u/MKULTRA_Escapee removed a comment from r/UFOs,open-mod,2025-10-04T19:52:07,1,1,UFOsModlogs,https://www.reddit.com/r/UFOsModlogs/comments/1ny3p1c/umkultra_escapee_removed_a_comment_from_rufos/,https://www.reddit.com/r/UFOsModlogs/comments/1ny3p1c/umkultra_escapee_removed_a_comment_from_rufos/
1ny2cvj,There are a lot of smartphones. 📱,-UltraFerret-,2025-10-04T18:59:35,4,1,unexpectedTermial,https://www.reddit.com/r/unexpectedTermial/comments/1ny2cvj/there_are_a_lot_of_smartphones/,https://www.reddit.com/gallery/1ny2cvj
1ny18af,u/StatementBot locked a submission in r/UFOs,open-mod,2025-10-04T18:15:07,1,1,UFOsModlogs,https://www.reddit.com/r/UFOsModlogs/comments/1ny18af/ustatementbot_locked_a_submission_in_rufos/,https://www.reddit.com/r/UFOsModlogs/comments/1ny18af/ustatementbot_locked_a_submission_in_rufos/
1ny0vep,Iphone 17 IOS 26.0.1 vs 26.1 beta battery 🔋,b4ybars,2025-10-04T18:01:36,26,1,iphone17,https://www.reddit.com/r/iphone17/comments/1ny0vep/iphone_17_ios_2601_vs_261_beta_battery/,https://www.reddit.com/gallery/1ny0vep
1ny0qqi,I am sorry I jumped Ship to Apple !! I wish I didn't,aayush3299,2025-10-04T17:56:37,0,0.48,samsunggalaxy,https://www.reddit.com/r/samsunggalaxy/comments/1ny0qqi/i_am_sorry_i_jumped_ship_to_apple_i_wish_i_didnt/,https://www.reddit.com/r/samsunggalaxy/comments/1ny0qqi/i_am_sorry_i_jumped_ship_to_apple_i_wish_i_didnt/
1ny00q0,Shortcut not working due to some environment issue,BestAnybody,2025-10-04T17:28:28,2,1,shortcuts,https://www.reddit.com/r/shortcuts/comments/1ny00q0/shortcut_not_working_due_to_some_environment_issue/,https://www.reddit.com/r/shortcuts/comments/1ny00q0/shortcut_not_working_due_to_some_environment_issue/
1nxzrqm,"Got my first iphone ever , iphone 17",better_35,2025-10-04T17:18:49,219,1,iphone17,https://www.reddit.com/r/iphone17/comments/1nxzrqm/got_my_first_iphone_ever_iphone_17/,https://www.reddit.com/gallery/1nxzrqm
1nxy5w2,shot with iphone 17,binob123,2025-10-04T16:14:57,4,0.83,mobilephotography,https://www.reddit.com/r/mobilephotography/comments/1nxy5w2/shot_with_iphone_17/,https://www.reddit.com/gallery/1nxy5w2
1nxy309,Ios 26 update & battery life,spinat88,2025-10-04T16:11:48,4,0.83,iphone17,https://www.reddit.com/r/iphone17/comments/1nxy309/ios_26_update_battery_life/,https://i.redd.it/ie6g954ad4tf1.jpeg
1nxwx7x,S24 Ultra Vs Iphone 17 ?,Relevant_Screen3540,2025-10-04T15:26:12,1,1,GadgetsIndia,https://www.reddit.com/r/GadgetsIndia/comments/1nxwx7x/s24_ultra_vs_iphone_17/,https://www.reddit.com/r/GadgetsIndia/comments/1nxwx7x/s24_ultra_vs_iphone_17/
1nxwotq,What am I missing here ?,AdLanky3241,2025-10-04T15:16:47,2,0.67,verizon,https://www.reddit.com/r/verizon/comments/1nxwotq/what_am_i_missing_here/,https://www.reddit.com/r/verizon/comments/1nxwotq/what_am_i_missing_here/
1nxvgfe,Phone recalled mid shipment?,Eeyore73,2025-10-04T14:28:18,1,0.6,ATT,https://www.reddit.com/r/ATT/comments/1nxvgfe/phone_recalled_mid_shipment/,https://www.reddit.com/r/ATT/comments/1nxvgfe/phone_recalled_mid_shipment/
1nxv28k,Buying iPhone17? All sold out!,muggle-born,2025-10-04T14:12:39,0,0.41,askSingapore,https://www.reddit.com/r/askSingapore/comments/1nxv28k/buying_iphone17_all_sold_out/,https://www.reddit.com/r/askSingapore/comments/1nxv28k/buying_iphone17_all_sold_out/
1nxv03r,A test of iPhone 17 battery life,808phone,2025-10-04T14:10:17,12,0.8,iphone17,https://www.reddit.com/r/iphone17/comments/1nxv03r/a_test_of_iphone_17_battery_life/,https://www.reddit.com/r/iphone17/comments/1nxv03r/a_test_of_iphone_17_battery_life/
1nxuy7b,Ypsomed pump + fsl3 on iOS 26/ iPhone 17,BigTamMacGotchy,2025-10-04T14:08:05,1,0.67,diabetes,https://www.reddit.com/r/diabetes/comments/1nxuy7b/ypsomed_pump_fsl3_on_ios_26_iphone_17/,https://www.reddit.com/r/diabetes/comments/1nxuy7b/ypsomed_pump_fsl3_on_ios_26_iphone_17/
1nxuh2t,Shitty Move to iOS App | did I just make a mistake moving from Samsung,aayush3299,2025-10-04T13:48:11,0,0.29,ios,https://www.reddit.com/r/ios/comments/1nxuh2t/shitty_move_to_ios_app_did_i_just_make_a_mistake/,https://www.reddit.com/r/ios/comments/1nxuh2t/shitty_move_to_ios_app_did_i_just_make_a_mistake/
1nxufxv,Some random Iphone 17 pics,binob123,2025-10-04T13:46:53,1,1,iPhoneography,https://www.reddit.com/r/iPhoneography/comments/1nxufxv/some_random_iphone_17_pics/,https://www.reddit.com/gallery/1nxufck
1nxtlhz,Iphone 17 case doesnt work with screen protector,An0therMan,2025-10-04T13:10:26,2,1,QuadLock,https://www.reddit.com/r/QuadLock/comments/1nxtlhz/iphone_17_case_doesnt_work_with_screen_protector/,https://www.reddit.com/r/QuadLock/comments/1nxtlhz/iphone_17_case_doesnt_work_with_screen_protector/
1nxt528,Samsung S25 at 68k or Iphone 17 at 77k? Which one should I go for?,Unlucky-Whole-9274,2025-10-04T12:50:19,1,1,GadgetsIndia,https://www.reddit.com/r/GadgetsIndia/comments/1nxt528/samsung_s25_at_68k_or_iphone_17_at_77k_which_one/,https://www.reddit.com/r/GadgetsIndia/comments/1nxt528/samsung_s25_at_68k_or_iphone_17_at_77k_which_one/
1nxsasb,iphone 17 stock after release,Zestyclose_Guava_973,2025-10-04T12:10:43,1,1,Tech_Philippines,https://www.reddit.com/r/Tech_Philippines/comments/1nxsasb/iphone_17_stock_after_release/,https://www.reddit.com/r/Tech_Philippines/comments/1nxsasb/iphone_17_stock_after_release/
1nxs1eu,Iphone 17 all media quality and screen recordings blurry.,Embarrassed_Stay5545,2025-10-04T11:57:52,1,0.99,iphone17,https://www.reddit.com/r/iphone17/comments/1nxs1eu/iphone_17_all_media_quality_and_screen_recordings/,https://www.reddit.com/r/iphone17/comments/1nxs1eu/iphone_17_all_media_quality_and_screen_recordings/
1nxq7ex,"Este es el momento en el que un hostelero echa de su pizzería a un grupo de turistas israelíes en Vigo: «Fuera de aquí, si m4t41s a Palestina, vais a comer en Gaza»",CucharaNinja,2025-10-04T10:14:36,7,0.71,DeTodoES,https://www.reddit.com/r/DeTodoES/comments/1nxq7ex/este_es_el_momento_en_el_que_un_hostelero_echa_de/,https://v.redd.it/1e6fg43hl2tf1
1nxq3us,Bought an iPhone 17 from my own money !!!,nunmajor444,2025-10-04T10:08:42,249,0.96,iphone17,https://www.reddit.com/r/iphone17/comments/1nxq3us/bought_an_iphone_17_from_my_own_money/,https://i.redd.it/0mvlyaxhk2tf1.jpeg
1nxq3ce,Bought an iPhone 17 from my own money !!,nunmajor444,2025-10-04T10:07:48,750,0.97,iPhoneWale,https://www.reddit.com/r/iPhoneWale/comments/1nxq3ce/bought_an_iphone_17_from_my_own_money/,https://i.redd.it/6xpk553ck2tf1.jpeg
1nxptc9,Help me decide between s24 ultra and iphone 17 base,Charming_Host2004,2025-10-04T09:50:10,1,1,PickAnAndroidForMe,https://www.reddit.com/r/PickAnAndroidForMe/comments/1nxptc9/help_me_decide_between_s24_ultra_and_iphone_17/,/r/Smartphones/comments/1nxp2rj/help_me_decide_between_s24_ultra_and_iphone_17/
1nxpouw,Iphones at the best price in Kochi,NoPlay523,2025-10-04T09:42:03,16,0.91,Kochi,https://www.reddit.com/r/Kochi/comments/1nxpouw/iphones_at_the_best_price_in_kochi/,https://www.reddit.com/r/Kochi/comments/1nxpouw/iphones_at_the_best_price_in_kochi/
1nxpa9r,S25 vs S25+ vs Iphone 17 base. Which one should I go for?,Unlucky-Whole-9274,2025-10-04T09:16:02,3,0.81,GadgetsIndia,https://www.reddit.com/r/GadgetsIndia/comments/1nxpa9r/s25_vs_s25_vs_iphone_17_base_which_one_should_i/,https://www.reddit.com/r/GadgetsIndia/comments/1nxpa9r/s25_vs_s25_vs_iphone_17_base_which_one_should_i/
1nxp2rj,Help me decide between s24 ultra and iphone 17 base,Charming_Host2004,2025-10-04T09:03:01,0,0.25,Smartphones,https://www.reddit.com/r/Smartphones/comments/1nxp2rj/help_me_decide_between_s24_ultra_and_iphone_17/,https://www.reddit.com/r/Smartphones/comments/1nxp2rj/help_me_decide_between_s24_ultra_and_iphone_17/
1nxoizk,Not available for pickup in HongKong,No-Possible1593,2025-10-04T08:27:56,1,1,iphone17,https://www.reddit.com/r/iphone17/comments/1nxoizk/not_available_for_pickup_in_hongkong/,https://www.reddit.com/r/iphone17/comments/1nxoizk/not_available_for_pickup_in_hongkong/
1nxofoi,Iphone 17 basic or s25 ultra,Admirable-Wallaby-16,2025-10-04T08:21:58,2,1,Askmasr,https://www.reddit.com/r/Askmasr/comments/1nxofoi/iphone_17_basic_or_s25_ultra/,https://www.reddit.com/r/Askmasr/comments/1nxofoi/iphone_17_basic_or_s25_ultra/
1nxm7qd,Issues with Phone Payment Plan,WendysWater,2025-10-04T06:04:46,1,1,Comcast_Xfinity,https://www.reddit.com/r/Comcast_Xfinity/comments/1nxm7qd/issues_with_phone_payment_plan/,https://www.reddit.com/r/Comcast_Xfinity/comments/1nxm7qd/issues_with_phone_payment_plan/
1nxkqha,S24 ultra ₹75000 or iphone 17 ₹78000,Bubbly_Programmer387,2025-10-04T04:38:51,1,0.66,IndiaTech,https://www.reddit.com/r/IndiaTech/comments/1nxkqha/s24_ultra_75000_or_iphone_17_78000/,https://www.reddit.com/r/IndiaTech/comments/1nxkqha/s24_ultra_75000_or_iphone_17_78000/
1nxkp03,S24 ultra or iphone 17,Bubbly_Programmer387,2025-10-04T04:36:31,2,0.67,S24Ultra,https://www.reddit.com/r/S24Ultra/comments/1nxkp03/s24_ultra_or_iphone_17/,https://www.reddit.com/r/S24Ultra/comments/1nxkp03/s24_ultra_or_iphone_17/
1nxhedf,Iphone 17,Alarmed-Squirrel-304,2025-10-04T01:45:11,2,1,iPhoneography,https://www.reddit.com/r/iPhoneography/comments/1nxhedf/iphone_17/,https://i.redd.it/2nl53za520tf1.jpeg
1nxf93y,iPhone 17 PM status change from “prepare to ship” to “pre-ordered”,Sep_powers,2025-10-03T23:59:47,0,0.25,ATT,https://www.reddit.com/r/ATT/comments/1nxf93y/iphone_17_pm_status_change_from_prepare_to_ship/,https://www.reddit.com/r/ATT/comments/1nxf93y/iphone_17_pm_status_change_from_prepare_to_ship/
1nxf6gk,iPhone 17 pro max restock is abysmal,Itouchmypokemon,2025-10-03T23:56:11,0,0.48,verizon,https://www.reddit.com/r/verizon/comments/1nxf6gk/iphone_17_pro_max_restock_is_abysmal/,https://www.reddit.com/r/verizon/comments/1nxf6gk/iphone_17_pro_max_restock_is_abysmal/
1nxf1h1,My experience with att's iphone 17 trade in deal,CheesecakeDazzling19,2025-10-03T23:49:52,16,0.74,ATT,https://www.reddit.com/r/ATT/comments/1nxf1h1/my_experience_with_atts_iphone_17_trade_in_deal/,https://www.reddit.com/r/ATT/comments/1nxf1h1/my_experience_with_atts_iphone_17_trade_in_deal/
1nxdaew,Why are y’all divas over chin strap hard hats.,Dangerous-Help4844,2025-10-03T22:32:51,260,0.82,Construction,https://www.reddit.com/r/Construction/comments/1nxdaew/why_are_yall_divas_over_chin_strap_hard_hats/,https://www.reddit.com/r/Construction/comments/1nxdaew/why_are_yall_divas_over_chin_strap_hard_hats/
1nxa08g,Best way to clean the IPhone 17 cameras?,bozofire123,2025-10-03T20:18:56,0,0.3,iphone,https://www.reddit.com/r/iphone/comments/1nxa08g/best_way_to_clean_the_iphone_17_cameras/,https://www.reddit.com/r/iphone/comments/1nxa08g/best_way_to_clean_the_iphone_17_cameras/
1nx9q8w,Nova alça da Apple para o iPhone 17 é um sucesso e já tem longas listas de espera,tugatech,2025-10-03T20:08:08,1,0.67,TugaTech,https://www.reddit.com/r/TugaTech/comments/1nx9q8w/nova_alça_da_apple_para_o_iphone_17_é_um_sucesso/,https://i.redd.it/n2zfo19jeysf1.jpeg
1nx91pk,Top deals on Refurbished iphones on BestBuy now,Top-Highway7596,2025-10-03T19:41:55,1,1,FrugalWatchers,https://www.reddit.com/r/FrugalWatchers/comments/1nx91pk/top_deals_on_refurbished_iphones_on_bestbuy_now/,https://www.reddit.com/r/FrugalWatchers/comments/1nx91pk/top_deals_on_refurbished_iphones_on_bestbuy_now/
1nx8w40,good strong clear case for base iphone 17?,Fickle_Musician4213,2025-10-03T19:35:52,0,0.43,iphone,https://www.reddit.com/r/iphone/comments/1nx8w40/good_strong_clear_case_for_base_iphone_17/,https://www.reddit.com/r/iphone/comments/1nx8w40/good_strong_clear_case_for_base_iphone_17/
1nx73tx,IPhone 17 shipping mega thread,thatdudeman52,2025-10-03T18:27:47,35,0.91,ATT,https://www.reddit.com/r/ATT/comments/1nx73tx/iphone_17_shipping_mega_thread/,https://www.reddit.com/r/ATT/comments/1nx73tx/iphone_17_shipping_mega_thread/
1nx676y,CarPlay for IPhones With USB C,Vallavan92,2025-10-03T17:53:53,0,0.5,Lexus,https://www.reddit.com/r/Lexus/comments/1nx676y/carplay_for_iphones_with_usb_c/,https://www.reddit.com/r/Lexus/comments/1nx676y/carplay_for_iphones_with_usb_c/
1nx60xb,Metrobank iPhone 17 Promo,North_Sierra_1223,2025-10-03T17:47:27,0,0.5,PHCreditCards,https://www.reddit.com/r/PHCreditCards/comments/1nx60xb/metrobank_iphone_17_promo/,https://www.metrobank.com.ph/promos/iphone-17-pmc-the-loop-2025
1nx5ynv,On the Dutch Amazon I see an ez fit “pro” screen protector. What’s the difference with the regular iPhone 17 screen protector? Is the pro ez fit worth it for a regular iPhone 17?,DoubleRNL,2025-10-03T17:45:10,3,1,Spigen,https://www.reddit.com/r/Spigen/comments/1nx5ynv/on_the_dutch_amazon_i_see_an_ez_fit_pro_screen/,https://www.reddit.com/r/Spigen/comments/1nx5ynv/on_the_dutch_amazon_i_see_an_ez_fit_pro_screen/
1nx5vqc,What are some experiences you guys had with ESR cases?,Feeling_Working_3710,2025-10-03T17:42:04,0,0.4,iphone,https://www.reddit.com/r/iphone/comments/1nx5vqc/what_are_some_experiences_you_guys_had_with_esr/,https://www.reddit.com/r/iphone/comments/1nx5vqc/what_are_some_experiences_you_guys_had_with_esr/
1nx5tdk,ESR Hybrid Magnetic Case iPhone 17 Air REVIEW,MacSources,2025-10-03T17:39:41,2,1,MacSources,https://www.reddit.com/r/MacSources/comments/1nx5tdk/esr_hybrid_magnetic_case_iphone_17_air_review/,https://www.reddit.com/r/MacSources/comments/1nx5tdk/esr_hybrid_magnetic_case_iphone_17_air_review/
1nx5p9y,New Customer!,bigboogiewoogie,2025-10-03T17:35:25,5,0.69,verizon,https://www.reddit.com/r/verizon/comments/1nx5p9y/new_customer/,https://www.reddit.com/r/verizon/comments/1nx5p9y/new_customer/
1nx5od9,Iphone 16 to pixel 9,Excellent_Ask6340,2025-10-03T17:34:29,5,0.69,Pixel9,https://www.reddit.com/r/Pixel9/comments/1nx5od9/iphone_16_to_pixel_9/,https://www.reddit.com/r/Pixel9/comments/1nx5od9/iphone_16_to_pixel_9/
1nx5gs2,Is the IPhone 17 with it??? I have a iPhone 11 and I wanted to upgrade it and get a new phone since I’ve had it for so long but I wasn’t sure if iPhone 17 was worth the trade it or if a 14 is better since it’s not too old but not to new either kinda in the middle??,Alina-23,2025-10-03T17:26:33,0,0.5,Smartphones,https://www.reddit.com/r/Smartphones/comments/1nx5gs2/is_the_iphone_17_with_it_i_have_a_iphone_11_and_i/,https://www.reddit.com/r/Smartphones/comments/1nx5gs2/is_the_iphone_17_with_it_i_have_a_iphone_11_and_i/
1nx2n5s,Is X200 FE worth for long term,PaleDirection3725,2025-10-03T15:42:32,5,1,Vivo,https://www.reddit.com/r/Vivo/comments/1nx2n5s/is_x200_fe_worth_for_long_term/,https://www.reddit.com/r/Vivo/comments/1nx2n5s/is_x200_fe_worth_for_long_term/
1o05jwg,BSS Transition + HomePod personal requests,drwhateverthefuck,2025-10-07T04:49:34,1,1,Ubiquiti,https://www.reddit.com/r/Ubiquiti/comments/1o05jwg/bss_transition_homepod_personal_requests/,https://www.reddit.com/r/Ubiquiti/comments/1o05jwg/bss_transition_homepod_personal_requests/
1o05d85,3-in-1 MagSafe Charging Dock/Stand Recommendations,x2TheMax13x,2025-10-07T04:39:12,1,1,iPhone17Pro,https://www.reddit.com/r/iPhone17Pro/comments/1o05d85/3in1_magsafe_charging_dockstand_recommendations/,https://www.reddit.com/r/iPhone17Pro/comments/1o05d85/3in1_magsafe_charging_dockstand_recommendations/
1o04x9c,Cancelling iPhone 17 pro max order,ZookeepergameOwn5626,2025-10-07T04:15:05,1,1,TelstraAustralia,https://www.reddit.com/r/TelstraAustralia/comments/1o04x9c/cancelling_iphone_17_pro_max_order/,https://www.reddit.com/r/TelstraAustralia/comments/1o04x9c/cancelling_iphone_17_pro_max_order/
1o04qd9,Testing new phone,zeuserb,2025-10-07T04:04:33,1,1,moon,https://www.reddit.com/r/moon/comments/1o04qd9/testing_new_phone/,https://www.reddit.com/gallery/1o04qd9
1o04bcs,"iPhone 17 pro max moon shot, just zoom in and turn down brightness by sliding down to the right of the center box.",iamjames,2025-10-07T03:43:01,0,0.5,moon,https://www.reddit.com/r/moon/comments/1o04bcs/iphone_17_pro_max_moon_shot_just_zoom_in_and_turn/,https://v.redd.it/1xbxmg3f2mtf1
1o047ep,"17PM, YouTube crashing out and other weird issues what to do?",marsplex,2025-10-07T03:36:31,0,0.5,iphone,https://www.reddit.com/r/iphone/comments/1o047ep/17pm_youtube_crashing_out_and_other_weird_issues/,https://www.reddit.com/r/iphone/comments/1o047ep/17pm_youtube_crashing_out_and_other_weird_issues/
1o04276,iPhone 17 Pro Max (NYC Availability),chouruti,2025-10-07T03:29:04,1,1,iPhone17Pro,https://www.reddit.com/r/iPhone17Pro/comments/1o04276/iphone_17_pro_max_nyc_availability/,https://i.redd.it/ei3vn29vzltf1.jpeg
1o03skx,Anyone else with the same issue? Upgraded to iPhone 17 Pro Max and can’t get any avatars to load properly…,1supercooldude,2025-10-07T03:15:31,1,1,beeper,https://www.reddit.com/r/beeper/comments/1o03skx/anyone_else_with_the_same_issue_upgraded_to/,https://i.redd.it/avepa9mixltf1.jpeg
1o03oun,harvest moon on iPhone 17 pro max!,taromari,2025-10-07T03:10:19,3,0.81,iPhoneography,https://www.reddit.com/r/iPhoneography/comments/1o03oun/harvest_moon_on_iphone_17_pro_max/,https://i.redd.it/0sknr1blwltf1.jpeg
1o033md,iPhone 17 preorders,Longlengthyman,2025-10-07T02:41:03,0,0.23,newzealand,https://www.reddit.com/r/newzealand/comments/1o033md/iphone_17_preorders/,https://www.reddit.com/r/newzealand/comments/1o033md/iphone_17_preorders/
1o02xom,iPhone 17 Pro Max battery draining faster than expected — is this normal?,Severe-Drop-1610,2025-10-07T02:33:01,0,0.33,iPhone17Pro,https://www.reddit.com/r/iPhone17Pro/comments/1o02xom/iphone_17_pro_max_battery_draining_faster_than/,https://www.reddit.com/r/iPhone17Pro/comments/1o02xom/iphone_17_pro_max_battery_draining_faster_than/
1o02jdo,iPhone 17 Pro Max vs iPhone 16 Pro Max - Which Is Best? | zollotech,ControlCAD,2025-10-07T02:14:01,0,0.14,apple,https://www.reddit.com/r/apple/comments/1o02jdo/iphone_17_pro_max_vs_iphone_16_pro_max_which_is/,https://www.youtube.com/watch?v=6I7w2vV6byQ
1o01eqd,iPhone 17 Pro Max took a pretty cool moon pic tonight!,ChickFilAK-47,2025-10-07T01:21:47,1,0.67,iPhoneography,https://www.reddit.com/r/iPhoneography/comments/1o01eqd/iphone_17_pro_max_took_a_pretty_cool_moon_pic/,https://i.redd.it/aoso8358dltf1.jpeg
1o01d9i,Next Up iPhone 17 Pro Max,Doublezero27,2025-10-07T01:19:55,2,1,ATT,https://www.reddit.com/r/ATT/comments/1o01d9i/next_up_iphone_17_pro_max/,https://www.reddit.com/r/ATT/comments/1o01d9i/next_up_iphone_17_pro_max/
1o01avo,Going back to S24 Ultra from iPhone 17 Pro Max,_Crispina_,2025-10-07T01:16:53,16,0.9,S24Ultra,https://www.reddit.com/r/S24Ultra/comments/1o01avo/going_back_to_s24_ultra_from_iphone_17_pro_max/,https://www.reddit.com/r/S24Ultra/comments/1o01avo/going_back_to_s24_ultra_from_iphone_17_pro_max/
1o00wye,iPhone 17 Pro Max trade-in question,Trom22,2025-10-07T00:58:48,0,0.5,ATT,https://www.reddit.com/r/ATT/comments/1o00wye/iphone_17_pro_max_tradein_question/,https://www.reddit.com/r/ATT/comments/1o00wye/iphone_17_pro_max_tradein_question/
1o003ki,Which phone is Mango like?,wontforget99,2025-10-07T00:20:55,0,0.17,SSBM,https://www.reddit.com/r/SSBM/comments/1o003ki/which_phone_is_mango_like/,https://www.reddit.com/r/SSBM/comments/1o003ki/which_phone_is_mango_like/
1o00285,Which one do you like best?,JunShem1122,2025-10-07T00:19:08,5,1,TechPhilippines,https://www.reddit.com/r/TechPhilippines/comments/1o00285/which_one_do_you_like_best/,https://i.redd.it/ntzdrgq12ltf1.jpeg
1nzzkmr,Update on the shipping date. iPhone 17 pro max 256 gb,lluvia1220,2025-10-06T23:57:03,3,0.72,verizon,https://www.reddit.com/r/verizon/comments/1nzzkmr/update_on_the_shipping_date_iphone_17_pro_max_256/,https://www.reddit.com/r/verizon/comments/1nzzkmr/update_on_the_shipping_date_iphone_17_pro_max_256/
1nzzc7i,Which iPhone to buy?,verygoodreason,2025-10-06T23:46:22,1,0.67,AppleWhatShouldIBuy,https://www.reddit.com/r/AppleWhatShouldIBuy/comments/1nzzc7i/which_iphone_to_buy/,https://www.reddit.com/r/AppleWhatShouldIBuy/comments/1nzzc7i/which_iphone_to_buy/
1nzycy1,Bye bye S24 ultra hello iPhone 17 pro max 2TB with AirPods Pro 3 and Apple Watch Ultra 3,fullyautomatic89,2025-10-06T23:03:12,2,1,iPhone17Pro,https://www.reddit.com/r/iPhone17Pro/comments/1nzycy1/bye_bye_s24_ultra_hello_iphone_17_pro_max_2tb/,https://www.reddit.com/gallery/1nzychm
1nzycl2,Question for iPhone 17 Pro Max case users,Aspox,2025-10-06T23:02:48,4,1,Spigen,https://www.reddit.com/r/Spigen/comments/1nzycl2/question_for_iphone_17_pro_max_case_users/,https://www.reddit.com/r/Spigen/comments/1nzycl2/question_for_iphone_17_pro_max_case_users/
1nzxhsv,16 to 17?,igotbannedtwicelmao,2025-10-06T22:26:30,0,0.5,iPhone17Pro,https://www.reddit.com/r/iPhone17Pro/comments/1nzxhsv/16_to_17/,https://i.redd.it/p5h8fo9yhktf1.jpeg
1nzx2vw,iPhone 17 Pro Max moon pic 🌙,w32211,2025-10-06T22:09:38,1,0.67,iPhoneography,https://www.reddit.com/r/iPhoneography/comments/1nzx2vw/iphone_17_pro_max_moon_pic/,https://i.redd.it/zmhpqo2yektf1.jpeg
1nzwnsk,"Finally due for an upgrade. Should I get iPhone 17 ProMax, Galaxy s25 Ultra or wait for the s26?!",tribal-chief556,2025-10-06T21:52:43,3,1,Smartphones,https://www.reddit.com/r/Smartphones/comments/1nzwnsk/finally_due_for_an_upgrade_should_i_get_iphone_17/,https://www.reddit.com/r/Smartphones/comments/1nzwnsk/finally_due_for_an_upgrade_should_i_get_iphone_17/
1nzwdrh,iPhone 17 pro max bad matrial 😩 dropped 16  titanium better  drop many time case same this,fnmodsofc,2025-10-06T21:41:58,20,0.59,iPhone16ProMax,https://www.reddit.com/r/iPhone16ProMax/comments/1nzwdrh/iphone_17_pro_max_bad_matrial_dropped_16_titanium/,https://www.reddit.com/gallery/1nzwdrh
1nzvh5z,This is What an iPhone 17 pro max looks like without its camera components and some handles. An iFridge pro max 😆,gregsanay,2025-10-06T21:07:43,149,0.75,applesucks,https://www.reddit.com/r/applesucks/comments/1nzvh5z/this_is_what_an_iphone_17_pro_max_looks_like/,https://i.redd.it/t3mjyj9w3ktf1.jpeg
1nzutxj,Contemplating returning iPhone 17 pro max orange,Learning-growing101,2025-10-06T20:44:05,0,0.47,iPhone17Pro,https://www.reddit.com/r/iPhone17Pro/comments/1nzutxj/contemplating_returning_iphone_17_pro_max_orange/,https://www.reddit.com/r/iPhone17Pro/comments/1nzutxj/contemplating_returning_iphone_17_pro_max_orange/
1nzul2a,iPhone 17 Pro Max: First Time Moment Buyer and Beginner,GibsonBanjos,2025-10-06T20:35:13,4,1,MOMENT,https://www.reddit.com/r/MOMENT/comments/1nzul2a/iphone_17_pro_max_first_time_moment_buyer_and/,https://www.reddit.com/r/MOMENT/comments/1nzul2a/iphone_17_pro_max_first_time_moment_buyer_and/
1nzufjd,iPhone 12 to iPhone 17 Pro Max,sweetchillichickenn,2025-10-06T20:29:50,20,1,iPhone17Pro,https://www.reddit.com/r/iPhone17Pro/comments/1nzufjd/iphone_12_to_iphone_17_pro_max/,https://i.redd.it/qfziley4xjtf1.jpeg
1nzu6os,So what case looks better on the Cosmic Orange 17 Pro Max?,TRIKSTER_Betin,2025-10-06T20:20:54,17,0.95,iPhone17Pro,https://www.reddit.com/r/iPhone17Pro/comments/1nzu6os/so_what_case_looks_better_on_the_cosmic_orange_17/,https://www.reddit.com/gallery/1nzu6os
1nzu33x,iPhone 17 Pro Max. Cosmic Orange with a black translucent case.  I like how the colors contrast,WeekendHammerMan,2025-10-06T20:17:19,4,1,iPhone17Pro,https://www.reddit.com/r/iPhone17Pro/comments/1nzu33x/iphone_17_pro_max_cosmic_orange_with_a_black/,https://i.redd.it/194vbenwujtf1.jpeg
1nzu15q,Dual-port charger block,Jnsd1,2025-10-06T20:15:24,1,1,UsbCHardware,https://www.reddit.com/r/UsbCHardware/comments/1nzu15q/dualport_charger_block/,https://www.reddit.com/r/UsbCHardware/comments/1nzu15q/dualport_charger_block/
1nztddi,Full moon (shot using iPhone 17 pro max),BABA_yaaGa,2025-10-06T19:51:58,5,0.86,IslamabadSocial,https://www.reddit.com/r/IslamabadSocial/comments/1nztddi/full_moon_shot_using_iphone_17_pro_max/,https://i.redd.it/3d0l2xqdqjtf1.jpeg
1nztcan,iPhone freezing and delayed notifications,immortalink1,2025-10-06T19:50:54,0,0.5,iphone,https://www.reddit.com/r/iphone/comments/1nztcan/iphone_freezing_and_delayed_notifications/,https://www.reddit.com/r/iphone/comments/1nztcan/iphone_freezing_and_delayed_notifications/
1nzt67k,iPhone 17 Pro/Max Lidar Module - was it upgraded?,DmtGrm,2025-10-06T19:44:41,0,0.5,iphone,https://www.reddit.com/r/iphone/comments/1nzt67k/iphone_17_promax_lidar_module_was_it_upgraded/,https://www.reddit.com/r/iphone/comments/1nzt67k/iphone_17_promax_lidar_module_was_it_upgraded/
1nzt3ma,Literally unusable OS,firstgenipadmini,2025-10-06T19:42:01,0,0.35,ios,https://www.reddit.com/r/ios/comments/1nzt3ma/literally_unusable_os/,https://i.redd.it/slml2mxlojtf1.jpeg
1nzsyno,Full moon (shot using iPhone 17 pro max),BABA_yaaGa,2025-10-06T19:37:01,4,1,LahoreSocial,https://www.reddit.com/r/LahoreSocial/comments/1nzsyno/full_moon_shot_using_iphone_17_pro_max/,https://i.redd.it/ftehpvnpnjtf1.jpeg
1nzsqou,iPhone 17 Pro Max BLE random disconnects on iOS 26 / 26.1 beta,Plastic_Emergency477,2025-10-06T19:28:59,1,1,reactnative,https://www.reddit.com/r/reactnative/comments/1nzsqou/iphone_17_pro_max_ble_random_disconnects_on_ios/,https://www.reddit.com/r/reactnative/comments/1nzsqou/iphone_17_pro_max_ble_random_disconnects_on_ios/
1nzsi7u,Whataphone,Commercial_Balance64,2025-10-06T19:20:25,19,0.95,Whataburger,https://www.reddit.com/r/Whataburger/comments/1nzsi7u/whataphone/,https://i.redd.it/1wffwh0rkjtf1.jpeg
1nzqsrl,iPhone 17 Pro Max vs. iPhone 16 Pro Max - GSMArena.com,Geeky_Gadgets,2025-10-06T18:16:22,1,1,TechnologyNewsIndia,https://www.reddit.com/r/TechnologyNewsIndia/comments/1nzqsrl/iphone_17_pro_max_vs_iphone_16_pro_max_gsmarenacom/,https://news.google.com/rss/articles/CBMitgFBVV95cUxOQzRsdVBsWkl6a2FweVFQTWF4NFFDMzFHd09fOE5BMFYxOFZ6TVVLcFk5dEFQODZfVTNELVA1aUFZTDdSVU5lc3lmRGpQVHhRRFJYSlJRbWZab3hneFZDS2dBQkhWRGtKcy0zeU9TSGJ1R0ZGWGlBRTA5SG9yOGxsdXMxSGo3azB2bUdqNHZhWFpDTC1MNGlyX1VUelRKaFNEVkZLVWNrTTUwdGNreDdvWmRiNWt6QQ?oc=5
1nzqsq8,Silly question/vent about deadnaming…,Ulf51,2025-10-06T18:16:19,3,1,MtF,https://www.reddit.com/r/MtF/comments/1nzqsq8/silly_questionvent_about_deadnaming/,https://www.reddit.com/r/MtF/comments/1nzqsq8/silly_questionvent_about_deadnaming/
1nzqlzz,Here we go again,Kindly-Rabbit-8682,2025-10-06T18:09:23,1,1,UAE_BestDeals,https://www.reddit.com/r/UAE_BestDeals/comments/1nzqlzz/here_we_go_again/,https://www.reddit.com/r/UAE_BestDeals/comments/1nzqlzz/here_we_go_again/
1nzq4fq,"Urgent ! Visiting Dubai, can’t find iPhone 17 Pro Max anywhere 😩",Serendipitous_Trio,2025-10-06T17:51:26,1,1,iphone17,https://www.reddit.com/r/iphone17/comments/1nzq4fq/urgent_visiting_dubai_cant_find_iphone_17_pro_max/,https://www.reddit.com/r/iphone17/comments/1nzq4fq/urgent_visiting_dubai_cant_find_iphone_17_pro_max/
1nzpv9p,iPhone 17 Pro Max Shipping,Appropriate_Plant457,2025-10-06T17:42:08,0,0.5,ATT,https://www.reddit.com/r/ATT/comments/1nzpv9p/iphone_17_pro_max_shipping/,https://www.reddit.com/r/ATT/comments/1nzpv9p/iphone_17_pro_max_shipping/
1nzpcvo,iPhone 17 Pro Max Spatial Video on Vision Pro: Compared to URSA Cine Immersive and Canon Spatial Lens,hughred22,2025-10-06T17:23:00,19,0.88,AppleVisionPro,https://www.reddit.com/r/AppleVisionPro/comments/1nzpcvo/iphone_17_pro_max_spatial_video_on_vision_pro/,https://www.reddit.com/r/AppleVisionPro/comments/1nzpcvo/iphone_17_pro_max_spatial_video_on_vision_pro/
1nzp06c,How much better is iPhone 17 Pro Max Spatial Video on Vision Pro? Tested vs URSA Cine Immersive,hughred22,2025-10-06T17:10:09,106,0.97,VisionPro,https://www.reddit.com/r/VisionPro/comments/1nzp06c/how_much_better_is_iphone_17_pro_max_spatial/,https://youtu.be/15njgUfE_f8?si=frejTztnZf7u7koX
1nzobze,Should I buy a temporary phone case?,ChrisConquest,2025-10-06T16:45:05,0,0.25,iPhone17Pro,https://www.reddit.com/r/iPhone17Pro/comments/1nzobze/should_i_buy_a_temporary_phone_case/,https://www.reddit.com/r/iPhone17Pro/comments/1nzobze/should_i_buy_a_temporary_phone_case/
1nzo970,Advice on what I should do with my iPhone 17 pro max,VirusGlad5686,2025-10-06T16:42:17,1,1,PWM_Sensitive,https://www.reddit.com/r/PWM_Sensitive/comments/1nzo970/advice_on_what_i_should_do_with_my_iphone_17_pro/,https://www.reddit.com/r/PWM_Sensitive/comments/1nzo970/advice_on_what_i_should_do_with_my_iphone_17_pro/
1nznqdl,Looking for a MagSafe case for iPhone 16 Pro Max that mimics the iPhone 17 Pro Max camera design,schwalbengott,2025-10-06T16:23:03,0,0.13,MagSafe,https://www.reddit.com/r/MagSafe/comments/1nznqdl/looking_for_a_magsafe_case_for_iphone_16_pro_max/,https://www.reddit.com/r/MagSafe/comments/1nznqdl/looking_for_a_magsafe_case_for_iphone_16_pro_max/
1nznfpt,Anyone else unimpressed with the Apple TechWoven case?,tcw60,2025-10-06T16:12:19,0,0.4,iPhone17Pro,https://www.reddit.com/r/iPhone17Pro/comments/1nznfpt/anyone_else_unimpressed_with_the_apple_techwoven/,https://www.reddit.com/r/iPhone17Pro/comments/1nznfpt/anyone_else_unimpressed_with_the_apple_techwoven/
1nzn8kl,Which filmmaking case to get for 17 pro max?,Jealous_Chemistry783,2025-10-06T16:05:00,3,1,smartphonefilming,https://www.reddit.com/r/smartphonefilming/comments/1nzn8kl/which_filmmaking_case_to_get_for_17_pro_max/,https://www.reddit.com/r/smartphonefilming/comments/1nzn8kl/which_filmmaking_case_to_get_for_17_pro_max/
1nzmyon,Trading in iphone that's still not paid off,Human-Swing5355,2025-10-06T15:55:14,0,0.5,verizon,https://www.reddit.com/r/verizon/comments/1nzmyon/trading_in_iphone_thats_still_not_paid_off/,https://www.reddit.com/r/verizon/comments/1nzmyon/trading_in_iphone_thats_still_not_paid_off/
1nzmqts,Where to purchase Apple products?,Joshjpe12,2025-10-06T15:47:20,1,1,hanoi,https://www.reddit.com/r/hanoi/comments/1nzmqts/where_to_purchase_apple_products/,https://www.reddit.com/r/hanoi/comments/1nzmqts/where_to_purchase_apple_products/
1nzlqa9,Does anyone know if there is a noticeable difference in battery life with the iPhone 17 Pro Max having a smaller 4823mAh battery in the physical sim versions?,Gaymerbro200269,2025-10-06T15:10:45,1,0.6,iPhone17Pro,https://www.reddit.com/r/iPhone17Pro/comments/1nzlqa9/does_anyone_know_if_there_is_a_noticeable/,https://www.reddit.com/r/iPhone17Pro/comments/1nzlqa9/does_anyone_know_if_there_is_a_noticeable/
1nzl2xd,"Confused about eSIM with China Mobile (Ningbo number, living in Tianjin, Japan iPhone 17 Pro Max)",BlackLabelF,2025-10-06T14:46:38,1,1,China,https://www.reddit.com/r/China/comments/1nzl2xd/confused_about_esim_with_china_mobile_ningbo/,/r/chinalife/comments/1nzl2e2/confused_about_esim_with_china_mobile_ningbo/
1nzl2e2,"Confused about eSIM with China Mobile (Ningbo number, living in Tianjin, Japan iPhone 17 Pro Max)",BlackLabelF,2025-10-06T14:46:04,0,0.5,chinalife,https://www.reddit.com/r/chinalife/comments/1nzl2e2/confused_about_esim_with_china_mobile_ningbo/,https://www.reddit.com/r/chinalife/comments/1nzl2e2/confused_about_esim_with_china_mobile_ningbo/
1nzl11l,1&1 und das iPhone 17 Pro Max – ein Meisterwerk des Chaos,Polarboy1244,2025-10-06T14:44:38,0,0.5,iphone,https://www.reddit.com/r/iphone/comments/1nzl11l/11_und_das_iphone_17_pro_max_ein_meisterwerk_des/,https://www.reddit.com/r/iphone/comments/1nzl11l/11_und_das_iphone_17_pro_max_ein_meisterwerk_des/
1nzimjk,[PhoneBuff] iPhone 17 Pro Max vs. Galaxy S25 Ultra vs Pixel 10 Pro XL Battery Test,icant-dothis-anymore,2025-10-06T13:09:58,2,0.75,pixel_phones,https://www.reddit.com/r/pixel_phones/comments/1nzimjk/phonebuff_iphone_17_pro_max_vs_galaxy_s25_ultra/,https://youtu.be/gYP2bnCcdxc
1nzic4u,Perfect time to buy an iPhone,MinevXD,2025-10-06T12:57:57,20,0.92,srilanka,https://www.reddit.com/r/srilanka/comments/1nzic4u/perfect_time_to_buy_an_iphone/,https://www.reddit.com/r/srilanka/comments/1nzic4u/perfect_time_to_buy_an_iphone/
1nzha53,iPhone 17 Pro Max (Orange),No-Piece-6500,2025-10-06T12:10:27,1,1,O2UK,https://www.reddit.com/r/O2UK/comments/1nzha53/iphone_17_pro_max_orange/,https://www.reddit.com/r/O2UK/comments/1nzha53/iphone_17_pro_max_orange/
1nzgv5m,Disappointed in screenprotector,Mysterious_Signal919,2025-10-06T11:50:45,1,1,TORRAS_Official,https://www.reddit.com/r/TORRAS_Official/comments/1nzgv5m/disappointed_in_screenprotector/,https://www.reddit.com/gallery/1nzgv5m
1nzgsk8,Does shipping really take that long?,Aedrone,2025-10-06T11:47:09,0,0.43,verizon,https://www.reddit.com/r/verizon/comments/1nzgsk8/does_shipping_really_take_that_long/,https://www.reddit.com/r/verizon/comments/1nzgsk8/does_shipping_really_take_that_long/
1nzg518,Audio Problem 17 Pro Max,Amazing-Charge-6003,2025-10-06T11:12:59,0,0.5,iphone,https://www.reddit.com/r/iphone/comments/1nzg518/audio_problem_17_pro_max/,https://www.reddit.com/r/iphone/comments/1nzg518/audio_problem_17_pro_max/
1nzg1ox,TechWoven case ship time?,Ok-Requirement8769,2025-10-06T11:07:47,1,0.6,iPhone17Pro,https://www.reddit.com/r/iPhone17Pro/comments/1nzg1ox/techwoven_case_ship_time/,https://i.redd.it/7txeus5v4htf1.jpeg
1nzfezi,Where are the computer screen photos?,desygnat,2025-10-06T10:32:51,1,1,ios,https://www.reddit.com/r/ios/comments/1nzfezi/where_are_the_computer_screen_photos/,https://www.reddit.com/r/ios/comments/1nzfezi/where_are_the_computer_screen_photos/
1nzf6e7,Do they just add fees??,killross2012,2025-10-06T10:18:41,0,0.5,ATT,https://www.reddit.com/r/ATT/comments/1nzf6e7/do_they_just_add_fees/,https://www.reddit.com/r/ATT/comments/1nzf6e7/do_they_just_add_fees/
1nzedad,Upgrade from iPhone 14 Pro,Satxrn23,2025-10-06T09:27:04,0,0.5,iPhone13Pro,https://www.reddit.com/r/iPhone13Pro/comments/1nzedad/upgrade_from_iphone_14_pro/,https://www.reddit.com/r/iPhone13Pro/comments/1nzedad/upgrade_from_iphone_14_pro/
1nzed58,Upgrade from iPhone 14 Pro,Satxrn23,2025-10-06T09:26:48,2,1,iPhone16ProMax,https://www.reddit.com/r/iPhone16ProMax/comments/1nzed58/upgrade_from_iphone_14_pro/,https://www.reddit.com/r/iPhone16ProMax/comments/1nzed58/upgrade_from_iphone_14_pro/
1nzed0d,Upgrade from iPhone 14 Pro,Satxrn23,2025-10-06T09:26:34,1,0.6,iphone15,https://www.reddit.com/r/iphone15/comments/1nzed0d/upgrade_from_iphone_14_pro/,https://www.reddit.com/r/iphone15/comments/1nzed0d/upgrade_from_iphone_14_pro/
1nzecth,Upgrade from iPhone 14 Pro,Satxrn23,2025-10-06T09:26:12,3,1,iPhone16,https://www.reddit.com/r/iPhone16/comments/1nzecth/upgrade_from_iphone_14_pro/,https://www.reddit.com/r/iPhone16/comments/1nzecth/upgrade_from_iphone_14_pro/
1nzecni,Upgrade from iPhone 14 Pro,Satxrn23,2025-10-06T09:25:51,1,0.67,iPhoneFC,https://www.reddit.com/r/iPhoneFC/comments/1nzecni/upgrade_from_iphone_14_pro/,https://www.reddit.com/r/iPhoneFC/comments/1nzecni/upgrade_from_iphone_14_pro/
1nzechx,Upgrade from iPhone 14 Pro,Satxrn23,2025-10-06T09:25:34,5,0.86,iphone14,https://www.reddit.com/r/iphone14/comments/1nzechx/upgrade_from_iphone_14_pro/,https://www.reddit.com/r/iphone14/comments/1nzechx/upgrade_from_iphone_14_pro/
1nze9yw,Upgrade from iPhone 14 Pro,Satxrn23,2025-10-06T09:20:58,1,1,iphone17,https://www.reddit.com/r/iphone17/comments/1nze9yw/upgrade_from_iphone_14_pro/,https://www.reddit.com/r/iphone17/comments/1nze9yw/upgrade_from_iphone_14_pro/
1nze9nt,Upgrade from iPhone 14 Pro,Satxrn23,2025-10-06T09:20:21,6,0.87,iPhone17Pro,https://www.reddit.com/r/iPhone17Pro/comments/1nze9nt/upgrade_from_iphone_14_pro/,https://www.reddit.com/r/iPhone17Pro/comments/1nze9nt/upgrade_from_iphone_14_pro/
1nze0c9,I feel like iPhone 17 pro (max) very slippery. Is that true?,idib_R,2025-10-06T09:02:50,0,0.45,iphone,https://www.reddit.com/r/iphone/comments/1nze0c9/i_feel_like_iphone_17_pro_max_very_slippery_is/,https://www.reddit.com/r/iphone/comments/1nze0c9/i_feel_like_iphone_17_pro_max_very_slippery_is/
1nzc6si,Preparing to ship,Routine-Fortune1518,2025-10-06T07:02:24,18,0.92,ATT,https://www.reddit.com/r/ATT/comments/1nzc6si/preparing_to_ship/,https://www.reddit.com/gallery/1nzc6si
1nzc1pn,Looking for a iPhone 17 Pro Max case,vSizre,2025-10-06T06:53:58,105,0.77,iphone,https://www.reddit.com/r/iphone/comments/1nzc1pn/looking_for_a_iphone_17_pro_max_case/,https://i.redd.it/8fcel6wkvftf1.jpeg
1nzaz8o,iPhone 17 Pro Max is more than I need but I love it. Going dual phone for at least a year.,Crowdfundingprojects,2025-10-06T05:47:08,0,0.43,iphone,https://www.reddit.com/r/iphone/comments/1nzaz8o/iphone_17_pro_max_is_more_than_i_need_but_i_love/,https://www.reddit.com/r/iphone/comments/1nzaz8o/iphone_17_pro_max_is_more_than_i_need_but_i_love/
1nzak2e,Best cases? iPhone 17 pro max,NiceAssignment6983,2025-10-06T05:21:44,0,0.25,iphone,https://www.reddit.com/r/iphone/comments/1nzak2e/best_cases_iphone_17_pro_max/,https://www.reddit.com/r/iphone/comments/1nzak2e/best_cases_iphone_17_pro_max/
1nzajgk,Best cases?,NiceAssignment6983,2025-10-06T05:20:46,1,1,iphone17,https://www.reddit.com/r/iphone17/comments/1nzajgk/best_cases/,https://www.reddit.com/r/iphone17/comments/1nzajgk/best_cases/
1nzagne,Trade-In deadline expires before 17PM arrives.,NinetiesBoy,2025-10-06T05:16:13,1,0.57,verizon,https://www.reddit.com/r/verizon/comments/1nzagne/tradein_deadline_expires_before_17pm_arrives/,https://www.reddit.com/r/verizon/comments/1nzagne/tradein_deadline_expires_before_17pm_arrives/
1nza0yl,Is it safe to stick an adhesive MagSafe ring lower on the iPhone 17 Pro Max?,phatlynx,2025-10-06T04:51:33,1,1,iPhone17Pro,https://www.reddit.com/r/iPhone17Pro/comments/1nza0yl/is_it_safe_to_stick_an_adhesive_magsafe_ring/,/r/MagSafe/comments/1nz9zdw/is_it_safe_to_stick_an_adhesive_magsafe_ring/
1nza0ik,Keeping things simple,idealdreams,2025-10-06T04:50:54,139,0.97,EDC,https://www.reddit.com/r/EDC/comments/1nza0ik/keeping_things_simple/,https://i.redd.it/g6ovyefm9ftf1.jpeg
1nz9zdw,Is it safe to stick an adhesive MagSafe ring lower on the iPhone 17 Pro Max?,phatlynx,2025-10-06T04:49:03,0,0.5,MagSafe,https://www.reddit.com/r/MagSafe/comments/1nz9zdw/is_it_safe_to_stick_an_adhesive_magsafe_ring/,https://www.reddit.com/r/MagSafe/comments/1nz9zdw/is_it_safe_to_stick_an_adhesive_magsafe_ring/
1nz9em0,Denied Xfinity Mobile Trade-In & Switch Promotions,name_nt_important,2025-10-06T04:16:41,3,0.81,Comcast_Xfinity,https://www.reddit.com/r/Comcast_Xfinity/comments/1nz9em0/denied_xfinity_mobile_tradein_switch_promotions/,https://www.reddit.com/r/Comcast_Xfinity/comments/1nz9em0/denied_xfinity_mobile_tradein_switch_promotions/
1nz91va,iPhone 17 prices in a third-world country,SULTAN963,2025-10-06T03:58:09,0,0.4,iPhone17Pro,https://www.reddit.com/r/iPhone17Pro/comments/1nz91va/iphone_17_prices_in_a_thirdworld_country/,https://i.redd.it/kksvmpk70ftf1.jpeg
1nz8k2t,Anyone Else Order on 9/12 and Haven't Received iPhone 17?,Fabulous-Pen-5468,2025-10-06T03:32:26,11,0.76,ATT,https://www.reddit.com/r/ATT/comments/1nz8k2t/anyone_else_order_on_912_and_havent_received/,https://www.reddit.com/r/ATT/comments/1nz8k2t/anyone_else_order_on_912_and_havent_received/
1nz7xrr,"Media loading very slow, or not at all",Mr_Plow-ur-Mom,2025-10-06T03:00:41,4,0.7,narwhalapp,https://www.reddit.com/r/narwhalapp/comments/1nz7xrr/media_loading_very_slow_or_not_at_all/,https://www.reddit.com/r/narwhalapp/comments/1nz7xrr/media_loading_very_slow_or_not_at_all/
1nz6vm3,iPhone 17 pro max Battery,CommunicationOk9336,2025-10-06T02:08:49,1,1,applehelp,https://www.reddit.com/r/applehelp/comments/1nz6vm3/iphone_17_pro_max_battery/,https://www.reddit.com/r/applehelp/comments/1nz6vm3/iphone_17_pro_max_battery/
1nz6osl,iPhone 17 Pro/Max Gaming Performance (And Emulation),Cyrex1352,2025-10-06T02:00:20,0,0.5,iphone,https://www.reddit.com/r/iphone/comments/1nz6osl/iphone_17_promax_gaming_performance_and_emulation/,https://www.reddit.com/r/iphone/comments/1nz6osl/iphone_17_promax_gaming_performance_and_emulation/
1nz6jcs,"iPhone 17 Pro Max users, after a while have you felt like the size and weight is just too much?",varvar334,2025-10-06T01:53:02,0,0.5,iphone,https://www.reddit.com/r/iphone/comments/1nz6jcs/iphone_17_pro_max_users_after_a_while_have_you/,https://www.reddit.com/r/iphone/comments/1nz6jcs/iphone_17_pro_max_users_after_a_while_have_you/
1nz6g6o,iPhone 17 pro max preorder delivery,lexusin77,2025-10-06T01:48:40,16,0.87,iPhone17Pro,https://www.reddit.com/r/iPhone17Pro/comments/1nz6g6o/iphone_17_pro_max_preorder_delivery/,https://www.reddit.com/r/iPhone17Pro/comments/1nz6g6o/iphone_17_pro_max_preorder_delivery/
1nz6fnr,Zoom shot of the moon on iPhone 17 Pro Max,Runningmad45,2025-10-06T01:47:55,2,1,iPhoneography,https://www.reddit.com/r/iPhoneography/comments/1nz6fnr/zoom_shot_of_the_moon_on_iphone_17_pro_max/,https://i.redd.it/1xmlpy8vcetf1.jpeg
1nz5706,Incredible Battery Life,Preston_2291,2025-10-06T00:48:17,11,1,iPhone17Pro,https://www.reddit.com/r/iPhone17Pro/comments/1nz5706/incredible_battery_life/,https://i.redd.it/j4eu8y8c2etf1.jpeg
1nz4n98,Delay on the new iPhones?,1dej,2025-10-06T00:22:18,3,1,bell,https://www.reddit.com/r/bell/comments/1nz4n98/delay_on_the_new_iphones/,https://www.reddit.com/r/bell/comments/1nz4n98/delay_on_the_new_iphones/
1nz45hj,Credit card charge,shanelledamango,2025-10-05T23:59:40,0,0.42,tmobile,https://www.reddit.com/r/tmobile/comments/1nz45hj/credit_card_charge/,https://www.reddit.com/r/tmobile/comments/1nz45hj/credit_card_charge/
1nz3ksj,Unable To Install ESIM On New iPhone 17 Pro Max,Glittering-Two-4222,2025-10-05T23:33:11,1,1,Comcast_Xfinity,https://www.reddit.com/r/Comcast_Xfinity/comments/1nz3ksj/unable_to_install_esim_on_new_iphone_17_pro_max/,https://www.reddit.com/r/Comcast_Xfinity/comments/1nz3ksj/unable_to_install_esim_on_new_iphone_17_pro_max/
1nz2id3,iPhone 17 Pro Max vs Vivo X200 Ultra camera comparison,RobbieNguyen,2025-10-05T22:45:30,9,1,Vivo,https://www.reddit.com/r/Vivo/comments/1nz2id3/iphone_17_pro_max_vs_vivo_x200_ultra_camera/,https://youtu.be/K2ovXi2pOys?si=atxmrI7pB-r0WpmC
1nz2ajf,My iPhone 17? pro Max loses 4 % after restarting it(For a second time in 4 days),kid_ello878,2025-10-05T22:35:46,1,0.67,iPhone17Pro,https://www.reddit.com/r/iPhone17Pro/comments/1nz2ajf/my_iphone_17_pro_max_loses_4_after_restarting/,https://www.reddit.com/r/iPhone17Pro/comments/1nz2ajf/my_iphone_17_pro_max_loses_4_after_restarting/
1nz17d0,iPhone 17 Pro Max,Whatcom_Robbie,2025-10-05T21:49:27,0,0.46,iphone,https://www.reddit.com/r/iphone/comments/1nz17d0/iphone_17_pro_max/,https://www.reddit.com/r/iphone/comments/1nz17d0/iphone_17_pro_max/
1nz1712,iPhone 17 pro Max,Elizabethg_7,2025-10-05T21:49:00,0,0.5,iphone,https://www.reddit.com/r/iphone/comments/1nz1712/iphone_17_pro_max/,https://www.reddit.com/r/iphone/comments/1nz1712/iphone_17_pro_max/
1nz0llj,Finally decided between 17 Pro Max and Air — went with the 17PM!,Felixdai1999,2025-10-05T21:24:55,50,0.86,iPhone17Pro,https://www.reddit.com/r/iPhone17Pro/comments/1nz0llj/finally_decided_between_17_pro_max_and_air_went/,https://i.redd.it/rl7lcb022dtf1.jpeg
1nyxm9n,W2C Apple Case,Antique-Song-6356,2025-10-05T19:30:11,4,1,RepTronics,https://www.reddit.com/r/RepTronics/comments/1nyxm9n/w2c_apple_case/,https://i.redd.it/s8kh93hjhctf1.jpeg
1nyxlba,W2C iPhone 17 Case,Antique-Song-6356,2025-10-05T19:29:08,0,0.3,DecorReps,https://www.reddit.com/r/DecorReps/comments/1nyxlba/w2c_iphone_17_case/,https://i.redd.it/3bknnz4ehctf1.jpeg
1nyxdvd,"iPhone 17 Pro Max while visiting Austin, TX for the 2nd time ever this weekend - Unedited",PALERIDE155,2025-10-05T19:21:30,32,0.97,iPhoneography,https://www.reddit.com/r/iPhoneography/comments/1nyxdvd/iphone_17_pro_max_while_visiting_austin_tx_for/,https://www.reddit.com/gallery/1nyxdvd
1nyxa3h,iPhone17 Pro Max speaker soft or hardware issue,No_Island963,2025-10-05T19:17:37,0,0.33,ios,https://www.reddit.com/r/ios/comments/1nyxa3h/iphone17_pro_max_speaker_soft_or_hardware_issue/,https://www.reddit.com/r/ios/comments/1nyxa3h/iphone17_pro_max_speaker_soft_or_hardware_issue/
1nyx6yl,iPhone17 Pro Max speaker,No_Island963,2025-10-05T19:14:20,0,0.5,iphone,https://www.reddit.com/r/iphone/comments/1nyx6yl/iphone17_pro_max_speaker/,https://www.reddit.com/r/iphone/comments/1nyx6yl/iphone17_pro_max_speaker/
1nywp9n,iPhone 17 ProMax Case,gaboanthony619,2025-10-05T18:56:08,5,0.79,TORRAS_Official,https://www.reddit.com/r/TORRAS_Official/comments/1nywp9n/iphone_17_promax_case/,https://www.reddit.com/gallery/1nywp9n
1nywct7,Better offer than $830 off iPhone 17 pro max on unlimited welcome?,skrap112,2025-10-05T18:42:50,4,0.7,verizon,https://www.reddit.com/r/verizon/comments/1nywct7/better_offer_than_830_off_iphone_17_pro_max_on/,https://www.reddit.com/r/verizon/comments/1nywct7/better_offer_than_830_off_iphone_17_pro_max_on/
1nyw6kv,Help with an upgrade issue,Fabulous_Silver_855,2025-10-05T18:36:21,1,1,BoostMobile,https://www.reddit.com/r/BoostMobile/comments/1nyw6kv/help_with_an_upgrade_issue/,https://www.reddit.com/r/BoostMobile/comments/1nyw6kv/help_with_an_upgrade_issue/
1nyuo8t,Curious glitch or iOS limit? 48MP RAW on ProCamera forces HDR ON - can anyone confirm?,superlip2003,2025-10-05T17:40:13,1,1,iPhoneography,https://www.reddit.com/r/iPhoneography/comments/1nyuo8t/curious_glitch_or_ios_limit_48mp_raw_on_procamera/,https://www.reddit.com/gallery/1nyuo8t
1nyu82k,Resignation — one more sensitivity to add to my collection: PWM.,soyHD,2025-10-05T17:23:26,13,0.85,PWM_Sensitive,https://www.reddit.com/r/PWM_Sensitive/comments/1nyu82k/resignation_one_more_sensitivity_to_add_to_my/,https://www.reddit.com/r/PWM_Sensitive/comments/1nyu82k/resignation_one_more_sensitivity_to_add_to_my/
1nytmyf,From 15PM: 17 or 17PM?,purrandburr,2025-10-05T17:01:28,2,0.6,Tech_Philippines,https://www.reddit.com/r/Tech_Philippines/comments/1nytmyf/from_15pm_17_or_17pm/,https://i.redd.it/w4xy6fu1rbtf1.jpeg
1nyt5z2,thoughts on camera plateau protectors?,EruptiveTown,2025-10-05T16:43:27,0,0.38,iPhone17Pro,https://www.reddit.com/r/iPhone17Pro/comments/1nyt5z2/thoughts_on_camera_plateau_protectors/,https://i.redd.it/jraxxi4unbtf1.jpeg
1nysrr9,Reliable place to buy iPhone 17 and trade in my old phone,beefburglar7,2025-10-05T16:28:24,3,1,Lahore,https://www.reddit.com/r/Lahore/comments/1nysrr9/reliable_place_to_buy_iphone_17_and_trade_in_my/,https://www.reddit.com/r/Lahore/comments/1nysrr9/reliable_place_to_buy_iphone_17_and_trade_in_my/
1nysn2z,The iPhone 17 Pro Max Zoom power,gabrimatic,2025-10-05T16:23:20,18,0.92,iPhoneography,https://www.reddit.com/r/iPhoneography/comments/1nysn2z/the_iphone_17_pro_max_zoom_power/,https://v.redd.it/5jy6jms6kbtf1
1nyse7r,iPhone 17 pro max edge to edge protectors?,NerdyWeaponX,2025-10-05T16:13:51,175,0.87,iphone,https://www.reddit.com/r/iphone/comments/1nyse7r/iphone_17_pro_max_edge_to_edge_protectors/,https://i.redd.it/sdzgmx0kibtf1.jpeg
1nyse3r,Apple Flagship Store - Shopee,NIJ5442,2025-10-05T16:13:43,14,0.7,Tech_Philippines,https://www.reddit.com/r/Tech_Philippines/comments/1nyse3r/apple_flagship_store_shopee/,https://www.reddit.com/gallery/1nyse3r
1nysd9s,Is it just me or the aptic feedback sucks?,rNasta17,2025-10-05T16:12:52,1,1,iPhone17Pro,https://www.reddit.com/r/iPhone17Pro/comments/1nysd9s/is_it_just_me_or_the_aptic_feedback_sucks/,https://www.reddit.com/r/iPhone17Pro/comments/1nysd9s/is_it_just_me_or_the_aptic_feedback_sucks/
1nys7g6,iPhone 17 PM delivery order.,LingonberryAfraid929,2025-10-05T16:06:46,3,0.72,iPhone17Pro,https://www.reddit.com/r/iPhone17Pro/comments/1nys7g6/iphone_17_pm_delivery_order/,https://i.redd.it/e59ox9lahbtf1.jpeg
1nyrhha,AppleCare+ outside the coverage country,Kitchengrowerc,2025-10-05T15:39:27,1,1,iphonehelp,https://www.reddit.com/r/iphonehelp/comments/1nyrhha/applecare_outside_the_coverage_country/,https://www.reddit.com/r/iphonehelp/comments/1nyrhha/applecare_outside_the_coverage_country/
1nyrgxj,AppleCare+ outside the coverage country,Kitchengrowerc,2025-10-05T15:38:51,0,0.5,iphone,https://www.reddit.com/r/iphone/comments/1nyrgxj/applecare_outside_the_coverage_country/,https://www.reddit.com/r/iphone/comments/1nyrgxj/applecare_outside_the_coverage_country/
1nyr2h6,iPhone 17 Pro Max Unlock,wfs29223,2025-10-05T15:23:10,7,0.71,verizon,https://www.reddit.com/r/verizon/comments/1nyr2h6/iphone_17_pro_max_unlock/,https://www.reddit.com/r/verizon/comments/1nyr2h6/iphone_17_pro_max_unlock/
1nyqye1,Sunset,ranjeetc,2025-10-05T15:18:43,18,0.95,iPhoneography,https://www.reddit.com/r/iPhoneography/comments/1nyqye1/sunset/,https://i.redd.it/cqtvzlzp8btf1.jpeg
1nyqlw4,Anyone returning iPhone 17 Pro Max for the Pro?,annienhatanh,2025-10-05T15:05:17,2,0.67,iPhone17Pro,https://www.reddit.com/r/iPhone17Pro/comments/1nyqlw4/anyone_returning_iphone_17_pro_max_for_the_pro/,https://www.reddit.com/r/iPhone17Pro/comments/1nyqlw4/anyone_returning_iphone_17_pro_max_for_the_pro/
1nyqayb,How Many Hours Of Work Pay For An iPhone 17,sweety-priya,2025-10-05T14:53:34,10,0.92,StockMarketIndia,https://www.reddit.com/r/StockMarketIndia/comments/1nyqayb/how_many_hours_of_work_pay_for_an_iphone_17/,https://i.redd.it/f7o357a84btf1.jpeg
1nyqahr,How Many Hours Of Work Pay For An iPhone 17,sweety-priya,2025-10-05T14:53:04,365,0.97,IndianStreetBets,https://www.reddit.com/r/IndianStreetBets/comments/1nyqahr/how_many_hours_of_work_pay_for_an_iphone_17/,https://i.redd.it/6czi0jw44btf1.jpeg
1nyq177,Transferring to new iPhone without Updating,technolical,2025-10-05T14:42:58,0,0.5,iphone,https://www.reddit.com/r/iphone/comments/1nyq177/transferring_to_new_iphone_without_updating/,https://www.reddit.com/r/iphone/comments/1nyq177/transferring_to_new_iphone_without_updating/
1nypik0,iPhone 17 Pro Issue,invaderdevin,2025-10-05T14:22:11,0,0.5,iphone,https://www.reddit.com/r/iphone/comments/1nypik0/iphone_17_pro_issue/,https://www.reddit.com/r/iphone/comments/1nypik0/iphone_17_pro_issue/
1nyp7jy,The Silver iPhone 17 Pro Max is underrated,genetichazzard,2025-10-05T14:09:37,111,0.91,iphone17,https://www.reddit.com/r/iphone17/comments/1nyp7jy/the_silver_iphone_17_pro_max_is_underrated/,https://www.reddit.com/gallery/1nyp7jy
1nyou83,My first shots with the iPhone 17 Pro Max in Berlin,gabrimatic,2025-10-05T13:54:24,22,0.89,iPhoneography,https://www.reddit.com/r/iPhoneography/comments/1nyou83/my_first_shots_with_the_iphone_17_pro_max_in/,https://www.reddit.com/gallery/1nyotbw
1nyotbw,My first shots with the iPhone 17 Pro Max in Berlin,gabrimatic,2025-10-05T13:53:25,183,1,iPhone17Pro,https://www.reddit.com/r/iPhone17Pro/comments/1nyotbw/my_first_shots_with_the_iphone_17_pro_max_in/,https://www.reddit.com/gallery/1nyotbw
1nyo7jh,Soro not showing up in shortcuts,BetterSite2844,2025-10-05T13:27:33,1,1,sonos,https://www.reddit.com/r/sonos/comments/1nyo7jh/soro_not_showing_up_in_shortcuts/,https://www.reddit.com/r/sonos/comments/1nyo7jh/soro_not_showing_up_in_shortcuts/
1nynnqx,App defaulting to “Create” tab when opening rather than “Photos”?,lewwyt,2025-10-05T13:03:48,6,1,googlephotos,https://www.reddit.com/r/googlephotos/comments/1nynnqx/app_defaulting_to_create_tab_when_opening_rather/,https://i.redd.it/thgbb8mmkatf1.jpeg
1nynirw,Kyalami Orange meets iPhone 17 Pro Max Cosmic Orange,Ancient_Ad7555,2025-10-05T12:57:47,191,0.84,BMW,https://www.reddit.com/r/BMW/comments/1nynirw/kyalami_orange_meets_iphone_17_pro_max_cosmic/,https://www.reddit.com/gallery/1nynirw
1nynh10,iPhone 17 Pro Max – Speaker volume drops on lower tones,No_Island963,2025-10-05T12:55:34,0,0.5,ios,https://www.reddit.com/r/ios/comments/1nynh10/iphone_17_pro_max_speaker_volume_drops_on_lower/,https://www.reddit.com/r/ios/comments/1nynh10/iphone_17_pro_max_speaker_volume_drops_on_lower/
1nyndiq,When your wife drags you to Anthropology - After/Before,MrHppyPhotography,2025-10-05T12:51:02,24,0.75,postprocessing,https://www.reddit.com/r/postprocessing/comments/1nyndiq/when_your_wife_drags_you_to_anthropology/,https://www.reddit.com/gallery/1nyndiq
1nyn8ko,iPhone 17 Pro Max – Speaker volume drops on lower tones,No_Island963,2025-10-05T12:44:30,1,1,iPhone17Pro,https://www.reddit.com/r/iPhone17Pro/comments/1nyn8ko/iphone_17_pro_max_speaker_volume_drops_on_lower/,https://www.reddit.com/r/iPhone17Pro/comments/1nyn8ko/iphone_17_pro_max_speaker_volume_drops_on_lower/
1nymxol,Game needs a patch,misterdeeter,2025-10-05T12:30:25,1,1,PlanetCrusher,https://www.reddit.com/r/PlanetCrusher/comments/1nymxol/game_needs_a_patch/,https://www.reddit.com/r/PlanetCrusher/comments/1nymxol/game_needs_a_patch/
1nyltxz,CarPlay wireless disconnection,CameronNad,2025-10-05T11:32:58,2,0.75,CarPlay,https://www.reddit.com/r/CarPlay/comments/1nyltxz/carplay_wireless_disconnection/,https://www.reddit.com/r/CarPlay/comments/1nyltxz/carplay_wireless_disconnection/
1nylp3l,People doing Apple vs Samsung. While vivo sits at the top.,etalha,2025-10-05T11:25:40,131,0.95,Vivo,https://www.reddit.com/r/Vivo/comments/1nylp3l/people_doing_apple_vs_samsung_while_vivo_sits_at/,https://i.redd.it/s8cszd353atf1.jpeg
1nylcrg,Moving to iPhone 17 Pro Max from Android,montanajr27,2025-10-05T11:06:49,8,0.75,iphone,https://www.reddit.com/r/iphone/comments/1nylcrg/moving_to_iphone_17_pro_max_from_android/,https://www.reddit.com/r/iphone/comments/1nylcrg/moving_to_iphone_17_pro_max_from_android/
1nykwb7,iPhone 17 pro or iPhone 7 pro max?,Political-smell,2025-10-05T10:39:58,0,0.5,iPhone17Pro,https://www.reddit.com/r/iPhone17Pro/comments/1nykwb7/iphone_17_pro_or_iphone_7_pro_max/,https://www.reddit.com/r/iPhone17Pro/comments/1nykwb7/iphone_17_pro_or_iphone_7_pro_max/
1nykknl,Is iPhone 17 pro max could record 4K HDR 60 FPS on internal storage?,Legitimate_Ad7208,2025-10-05T10:20:50,0,0.33,iPhone17Pro,https://www.reddit.com/r/iPhone17Pro/comments/1nykknl/is_iphone_17_pro_max_could_record_4k_hdr_60_fps/,https://i.redd.it/0fipzznkr9tf1.jpeg
1nykgmk,Brake Lights and Rainfall.,VortexCOX,2025-10-05T10:14:07,9,1,iPhoneography,https://www.reddit.com/r/iPhoneography/comments/1nykgmk/brake_lights_and_rainfall/,https://i.redd.it/d3oraocbq9tf1.jpeg
1nyk73p,17 Pro Max inkl. returresa New York,Mizudashi,2025-10-05T09:57:50,0,0.35,sweden,https://www.reddit.com/r/sweden/comments/1nyk73p/17_pro_max_inkl_returresa_new_york/,https://www.reddit.com/gallery/1nyk73p
1nyk5z7,"By now everyone knows that the new iPhone 17 Pro Max is available in Gaza, but is anyone buying? Light Phone on Wahda St. Gaza City show Mahmoud Rayan buying one from them for 40,000 shekels in installments!!! Timestamp: 1 day ago",LedofZeppelin,2025-10-05T09:55:50,1,0.6,BeneiYisraelNews,https://www.reddit.com/r/BeneiYisraelNews/comments/1nyk5z7/by_now_everyone_knows_that_the_new_iphone_17_pro/,https://www.reddit.com/r/BeneiYisraelNews/comments/1nyk5z7/by_now_everyone_knows_that_the_new_iphone_17_pro/
1nyjy20,Which case looks best on the Silver iPhone 17 Pro Max?,Agreeable-Dinner6230,2025-10-05T09:41:46,0,0.5,iPhone17Pro,https://www.reddit.com/r/iPhone17Pro/comments/1nyjy20/which_case_looks_best_on_the_silver_iphone_17_pro/,https://www.reddit.com/gallery/1nyjy20
1nyjemo,iPhone 17 pro max haptic randomly working,samokolnica69,2025-10-05T09:07:49,0,0.33,iphone,https://www.reddit.com/r/iphone/comments/1nyjemo/iphone_17_pro_max_haptic_randomly_working/,https://www.reddit.com/r/iphone/comments/1nyjemo/iphone_17_pro_max_haptic_randomly_working/
1nyj4m4,Stuck on “Tap to start playing”,tribbletronn,2025-10-05T08:50:27,4,0.83,xcloud,https://www.reddit.com/r/xcloud/comments/1nyj4m4/stuck_on_tap_to_start_playing/,https://i.redd.it/wvxazy9gb9tf1.jpeg
1nyipmg,Is it just me or is the iPhone 17 ProMax poorer build quality than the 16?,adminsreachout,2025-10-05T08:24:10,0,0.29,iphone,https://www.reddit.com/r/iphone/comments/1nyipmg/is_it_just_me_or_is_the_iphone_17_promax_poorer/,https://www.reddit.com/r/iphone/comments/1nyipmg/is_it_just_me_or_is_the_iphone_17_promax_poorer/
1nyiljm,"Dropped my 17 PM (in a case) for the first time - guess what, nothing happened.",WarBeginsWithYou,2025-10-05T08:17:02,42,0.67,iphone,https://www.reddit.com/r/iphone/comments/1nyiljm/dropped_my_17_pm_in_a_case_for_the_first_time/,https://www.reddit.com/r/iphone/comments/1nyiljm/dropped_my_17_pm_in_a_case_for_the_first_time/
1nyibt0,Vivo X300 Pro/Ultra - No RAW Video like iPhone 17 Pro (Max)?,NewTeo,2025-10-05T08:00:15,0,0.5,Vivo,https://www.reddit.com/r/Vivo/comments/1nyibt0/vivo_x300_proultra_no_raw_video_like_iphone_17/,https://www.reddit.com/r/Vivo/comments/1nyibt0/vivo_x300_proultra_no_raw_video_like_iphone_17/
1nyhf5z,She bought an iPhone 17 Pro Max… and asked for stainless-steel cleaner,jbrincat2000,2025-10-05T07:03:00,180,0.99,retailhell,https://www.reddit.com/r/retailhell/comments/1nyhf5z/she_bought_an_iphone_17_pro_max_and_asked_for/,https://www.reddit.com/r/retailhell/comments/1nyhf5z/she_bought_an_iphone_17_pro_max_and_asked_for/
1nygoii,Finally got the iPhone 17 PM :),tastychaii,2025-10-05T06:18:43,184,0.98,iPhone17Pro,https://www.reddit.com/r/iPhone17Pro/comments/1nygoii/finally_got_the_iphone_17_pm/,https://www.reddit.com/gallery/1nygoii
1nyfj7u,Still my iPhone 17 Pro Max Delivery is pending.,Electronic-Young8942,2025-10-05T05:11:19,1,1,FuckFlipkart,https://www.reddit.com/r/FuckFlipkart/comments/1nyfj7u/still_my_iphone_17_pro_max_delivery_is_pending/,https://www.reddit.com/r/FuckFlipkart/comments/1nyfj7u/still_my_iphone_17_pro_max_delivery_is_pending/
1nyfdhj,iPhone 13 Mini to iPhone 17 Pro Max,rorymeister,2025-10-05T05:02:16,60,0.98,iPhone17Pro,https://www.reddit.com/r/iPhone17Pro/comments/1nyfdhj/iphone_13_mini_to_iphone_17_pro_max/,https://i.redd.it/7mi9hqs668tf1.jpeg
1nyf17m,The Real Cost of the iPhone 17 Pro Max: What’s Behind Apple’s Billion-Dollar Pricing Machine - NEWS NEST,iongi,2025-10-05T04:43:23,1,1,news_nest,https://www.reddit.com/r/news_nest/comments/1nyf17m/the_real_cost_of_the_iphone_17_pro_max_whats/,https://news-nest.com/2025/10/05/the-real-cost-of-the-iphone-17-pro-max-whats-behind-apples-billion-dollar-pricing-machine/?preview=true&frame-nonce=1d5223740b
1nyem8u,iPhone 17 pro max WiFi issues,Abiy_1,2025-10-05T04:20:16,1,0.57,iphone,https://www.reddit.com/r/iphone/comments/1nyem8u/iphone_17_pro_max_wifi_issues/,https://www.reddit.com/r/iphone/comments/1nyem8u/iphone_17_pro_max_wifi_issues/
1nydqgb,I’m staring at the back of my iPhone 17 Pro Max Silver all day.,TurkeySizzler,2025-10-05T03:32:12,24,0.76,iPhone17Pro,https://www.reddit.com/r/iPhone17Pro/comments/1nydqgb/im_staring_at_the_back_of_my_iphone_17_pro_max/,https://www.reddit.com/r/iPhone17Pro/comments/1nydqgb/im_staring_at_the_back_of_my_iphone_17_pro_max/
1nydexj,iPhone 17 Pro Max and Oceanic+ dive housing,cuepower147,2025-10-05T03:14:56,1,0.99,iphone,https://www.reddit.com/r/iphone/comments/1nydexj/iphone_17_pro_max_and_oceanic_dive_housing/,https://www.reddit.com/r/scubadiving/comments/1be0qof/anyone_have_experiences_with_the_new_oceanic/nhtxfmb/
1nyczsv,[OC] Da Brat,DYNAKYRIS,2025-10-05T02:52:29,11,0.92,TetoCirclejerk,https://www.reddit.com/r/TetoCirclejerk/comments/1nyczsv/oc_da_brat/,https://www.reddit.com/gallery/1nyczsv
1nyckq7,iPhone 17 pro max pre-order,Original-Editor6128,2025-10-05T02:30:43,3,0.71,bell,https://www.reddit.com/r/bell/comments/1nyckq7/iphone_17_pro_max_preorder/,https://www.reddit.com/r/bell/comments/1nyckq7/iphone_17_pro_max_preorder/
1nycjam,iPhone 11 to iPhone 17 Pro Max,OkRepresentative9939,2025-10-05T02:28:48,0,0.5,iphone,https://www.reddit.com/r/iphone/comments/1nycjam/iphone_11_to_iphone_17_pro_max/,https://www.reddit.com/r/iphone/comments/1nycjam/iphone_11_to_iphone_17_pro_max/
1nybjfs,Considering the iPhone 17 Pro Max decided nah for now. Here's to another year or two hopefully after battery refresh.,Diotima245,2025-10-05T01:38:16,7,0.83,iPhone13Pro,https://www.reddit.com/r/iPhone13Pro/comments/1nybjfs/considering_the_iphone_17_pro_max_decided_nah_for/,https://www.reddit.com/r/iPhone13Pro/comments/1nybjfs/considering_the_iphone_17_pro_max_decided_nah_for/
1nybfxs,iOS 26.0.1 battery life on iPhone 17 pro max,MNTotoro1988,2025-10-05T01:33:37,1,1,iPhone17Pro,https://www.reddit.com/r/iPhone17Pro/comments/1nybfxs/ios_2601_battery_life_on_iphone_17_pro_max/,https://www.reddit.com/r/iPhone17Pro/comments/1nybfxs/ios_2601_battery_life_on_iphone_17_pro_max/
1nybcfn,iPhone 17 12GB Ram Question,Ok_Faithlessness4622,2025-10-05T01:28:45,0,0.25,iphone,https://www.reddit.com/r/iphone/comments/1nybcfn/iphone_17_12gb_ram_question/,https://www.reddit.com/r/iphone/comments/1nybcfn/iphone_17_12gb_ram_question/
1nyajz2,Waveform: A Moment Ellis Would Appreciate,WhiteishLlama,2025-10-05T00:49:41,33,0.95,mkbhd,https://www.reddit.com/r/mkbhd/comments/1nyajz2/waveform_a_moment_ellis_would_appreciate/,https://www.reddit.com/r/mkbhd/comments/1nyajz2/waveform_a_moment_ellis_would_appreciate/
1nyajqw,Messaging Weirdness,avengedzerofold,2025-10-05T00:49:22,0,0.5,iphone,https://www.reddit.com/r/iphone/comments/1nyajqw/messaging_weirdness/,https://i.redd.it/uzjzaifmx6tf1.jpeg
1nyacwf,Leather Case Suggestions for iPhone 17 Pro Max,WhiteishLlama,2025-10-05T00:39:56,1,0.6,iphone,https://www.reddit.com/r/iphone/comments/1nyacwf/leather_case_suggestions_for_iphone_17_pro_max/,https://www.reddit.com/r/iphone/comments/1nyacwf/leather_case_suggestions_for_iphone_17_pro_max/
1nya716,iPhone 17 Pro Max Glitchy,Sea_Parsley_9595,2025-10-05T00:31:51,0,0.43,iphone,https://www.reddit.com/r/iphone/comments/1nya716/iphone_17_pro_max_glitchy/,https://www.reddit.com/r/iphone/comments/1nya716/iphone_17_pro_max_glitchy/
1ny9rv6,The Real Problem with the iPhone Air,tva_raylan,2025-10-05T00:11:25,0,0.44,iphone,https://www.reddit.com/r/iphone/comments/1ny9rv6/the_real_problem_with_the_iphone_air/,https://www.reddit.com/r/iphone/comments/1ny9rv6/the_real_problem_with_the_iphone_air/
1ny8dhk,"Random mmWave, downtown Denver on AT&T",hungleftie,2025-10-04T23:06:28,52,1,cellmapper,https://www.reddit.com/r/cellmapper/comments/1ny8dhk/random_mmwave_downtown_denver_on_att/,https://www.reddit.com/gallery/1ny8dhk
1ny8bmz,Something is visible inside the iPhone 17 Pro Max cameras and I don't know what it is.,Environmental-Yam823,2025-10-04T23:04:10,0,0.5,iPhoneography,https://www.reddit.com/r/iPhoneography/comments/1ny8bmz/something_is_visible_inside_the_iphone_17_pro_max/,https://i.redd.it/cjwpva4te6tf1.png
1ny7bg8,Can’t seem to stop zooming in. Shot on iPhone 17 Pro Max.,imthaz,2025-10-04T22:20:09,1440,0.98,iPhoneography,https://www.reddit.com/r/iPhoneography/comments/1ny7bg8/cant_seem_to_stop_zooming_in_shot_on_iphone_17/,https://www.reddit.com/gallery/1ny7bg8
1ny761p,If Samsung and Apple switched fonts,Deep_Attention_3864,2025-10-04T22:13:49,202,0.94,samsunggalaxy,https://www.reddit.com/r/samsunggalaxy/comments/1ny761p/if_samsung_and_apple_switched_fonts/,https://www.reddit.com/gallery/1ny761p
1ny70uh,Mail app on iOS with gmail,Frosty-Alfalfa8035,2025-10-04T22:07:40,0,0.5,iphonehelp,https://www.reddit.com/r/iphonehelp/comments/1ny70uh/mail_app_on_ios_with_gmail/,https://www.reddit.com/r/iphonehelp/comments/1ny70uh/mail_app_on_ios_with_gmail/
1ny6zl8,"I feel like my soul is dead, while my body is alive. I have to come out with how I feel because I’ve kept it in me for too long.",MSchmidt96,2025-10-04T22:06:15,8,0.91,depression,https://www.reddit.com/r/depression/comments/1ny6zl8/i_feel_like_my_soul_is_dead_while_my_body_is/,https://www.reddit.com/r/depression/comments/1ny6zl8/i_feel_like_my_soul_is_dead_while_my_body_is/
1ny6y1o,"I feel like my soul is dead, while my body is alive. I have to come out with how I feel because I’ve kept it in me for too long.",MSchmidt96,2025-10-04T22:04:29,0,0.5,Life,https://www.reddit.com/r/Life/comments/1ny6y1o/i_feel_like_my_soul_is_dead_while_my_body_is/,https://www.reddit.com/r/Life/comments/1ny6y1o/i_feel_like_my_soul_is_dead_while_my_body_is/
1ny6k8z,Anomaly of the iPhone 17 Pro Max...,Slow_Significance190,2025-10-04T21:48:08,0,0.33,iphone,https://www.reddit.com/r/iphone/comments/1ny6k8z/anomaly_of_the_iphone_17_pro_max/,https://www.reddit.com/r/iphone/comments/1ny6k8z/anomaly_of_the_iphone_17_pro_max/
1ny6ifv,Do you find that most experiences and interactions in life are just more awful now?,seattleswiss2,2025-10-04T21:46:04,0,0.5,Life,https://www.reddit.com/r/Life/comments/1ny6ifv/do_you_find_that_most_experiences_and/,https://www.reddit.com/r/Life/comments/1ny6ifv/do_you_find_that_most_experiences_and/
1ny6hyx,"One year my iPhone couldn’t charge by cable, but turned out it just needed cleaning",notyourtrain,2025-10-04T21:45:35,92,0.93,CleaningTips,https://www.reddit.com/r/CleaningTips/comments/1ny6hyx/one_year_my_iphone_couldnt_charge_by_cable_but/,https://www.reddit.com/r/CleaningTips/comments/1ny6hyx/one_year_my_iphone_couldnt_charge_by_cable_but/
1ny6ghj,Do you find that most experiences and interactions in life are just more awful now?,seattleswiss2,2025-10-04T21:43:51,0,0.46,HENRYfinance,https://www.reddit.com/r/HENRYfinance/comments/1ny6ghj/do_you_find_that_most_experiences_and/,https://www.reddit.com/r/HENRYfinance/comments/1ny6ghj/do_you_find_that_most_experiences_and/
1ny6f7d,Apple 17,drspankenstein,2025-10-04T21:42:21,5,1,welltory,https://www.reddit.com/r/welltory/comments/1ny6f7d/apple_17/,https://www.reddit.com/r/welltory/comments/1ny6f7d/apple_17/
1ny5ywr,Something is visible inside the iPhone 17 Pro Max cameras and I don't know what it is.,Environmental-Yam823,2025-10-04T21:23:33,0,0.43,iphone,https://www.reddit.com/r/iphone/comments/1ny5ywr/something_is_visible_inside_the_iphone_17_pro_max/,https://www.reddit.com/r/iphone/comments/1ny5ywr/something_is_visible_inside_the_iphone_17_pro_max/
1ny3t36,iPhone 17 Pro Max Battery Question,DocIndyJones,2025-10-04T19:56:39,3,0.81,iPhone17Pro,https://www.reddit.com/r/iPhone17Pro/comments/1ny3t36/iphone_17_pro_max_battery_question/,https://www.reddit.com/gallery/1ny3t36
1ny3m31,Looking to buy a Hong Kong iPhone 17 pro max on taobao,Subject-Square8620,2025-10-04T19:48:46,5,0.73,chinalife,https://www.reddit.com/r/chinalife/comments/1ny3m31/looking_to_buy_a_hong_kong_iphone_17_pro_max_on/,https://www.reddit.com/gallery/1ny3m31
1ny2ug0,Ayuda con. iPhone en iShop.,Key_Program_6359,2025-10-04T19:18:22,1,1,ayudamexico,https://www.reddit.com/r/ayudamexico/comments/1ny2ug0/ayuda_con_iphone_en_ishop/,https://www.reddit.com/r/ayudamexico/comments/1ny2ug0/ayuda_con_iphone_en_ishop/
1ny2sdl,[USA-VA] [H] Google Pixel 10 Pro XL Jade 256GB [W] Local Cash or PayPal or Trade,chevchelo,2025-10-04T19:16:08,1,1,hardwareswap,https://www.reddit.com/r/hardwareswap/comments/1ny2sdl/usava_h_google_pixel_10_pro_xl_jade_256gb_w_local/,https://www.reddit.com/r/hardwareswap/comments/1ny2sdl/usava_h_google_pixel_10_pro_xl_jade_256gb_w_local/
1ny2g60,Shipping Times,Joshmk7gti,2025-10-04T19:02:57,6,1,dbrand,https://www.reddit.com/r/dbrand/comments/1ny2g60/shipping_times/,https://www.reddit.com/r/dbrand/comments/1ny2g60/shipping_times/
1ny2blz,iPhone 17 Pro Max Cosmic Orange,ObamaNation2018,2025-10-04T18:58:08,150,0.82,iPhone17Pro,https://www.reddit.com/r/iPhone17Pro/comments/1ny2blz/iphone_17_pro_max_cosmic_orange/,https://i.redd.it/yg6zc2hy65tf1.jpeg
1ny0w6k,-38% OFF: VICSEED for MagSafe Car Mount [Upgraded Strongest Magnet Power] Magnetic Phone Holder for Car Vent 360 Adjustable Magnetic Car Phone Holder Mount for iPhone 17 Pro Max 16 15 14 13 12 Plus Mini - NOW $22.93 (WAS $36.99),Illustrious_Read9681,2025-10-04T18:02:25,1,1,dealsonamazon,https://www.reddit.com/r/dealsonamazon/comments/1ny0w6k/38_off_vicseed_for_magsafe_car_mount_upgraded/,https://amzn.to/4gYvUZS
1ny0sed,How to master the Camera app on iPhone 17 Pro & iPhone 17 Pro Max,UnixxinU,2025-10-04T17:58:30,1,1,federationTechnology,https://www.reddit.com/r/federationTechnology/comments/1ny0sed/how_to_master_the_camera_app_on_iphone_17_pro/,https://appleinsider.com/inside/iphone-17/tips/how-to-master-the-camera-app-on-iphone-17-pro-iphone-17-pro-max
1ny0cqt,UFO video over my head in 1080p 24 fps iPhone 17 telephoto 100mm lens’s,Whole_Relationship93,2025-10-04T17:41:25,0,0.38,UFOs,https://www.reddit.com/r/UFOs/comments/1ny0cqt/ufo_video_over_my_head_in_1080p_24_fps_iphone_17/,https://v.redd.it/hcr1ve08t4tf1
1nxzxny,UFO sighting over my home. Removed from r/UFOs by moderators just a minute ago,Whole_Relationship93,2025-10-04T17:25:10,2,0.62,AncientAI,https://www.reddit.com/r/AncientAI/comments/1nxzxny/ufo_sighting_over_my_home_removed_from_rufos_by/,https://v.redd.it/hcz9zd3cq4tf1
1nxz04e,iPhone 17 Pro Max battery drain on restart?,Healthy-Nectarine596,2025-10-04T16:48:23,2,1,iPhone17Pro,https://www.reddit.com/r/iPhone17Pro/comments/1nxz04e/iphone_17_pro_max_battery_drain_on_restart/,https://www.reddit.com/r/iPhone17Pro/comments/1nxz04e/iphone_17_pro_max_battery_drain_on_restart/
1nxyeh0,Should ı wait for s26 ultra?,HASNYO,2025-10-04T16:24:37,0,0.4,samsunggalaxy,https://www.reddit.com/r/samsunggalaxy/comments/1nxyeh0/should_ı_wait_for_s26_ultra/,https://www.reddit.com/r/samsunggalaxy/comments/1nxyeh0/should_ı_wait_for_s26_ultra/
1nxybye,"Just got my iPhone 17 pro max yesterday, the Backbone pro fits with this case",Firmteacher,2025-10-04T16:21:45,19,0.96,Backbone,https://www.reddit.com/r/Backbone/comments/1nxybye/just_got_my_iphone_17_pro_max_yesterday_the/,https://i.redd.it/lpjhpd12f4tf1.jpeg
1nxxlsr,"What can Apple users, who have made the switch, tell me are the main differences I'd experience switching from my pixel?",MrCoolHandLukie,2025-10-04T15:53:10,1,1,AppleWhatShouldIBuy,https://www.reddit.com/r/AppleWhatShouldIBuy/comments/1nxxlsr/what_can_apple_users_who_have_made_the_switch/,https://www.reddit.com/r/AppleWhatShouldIBuy/comments/1nxxlsr/what_can_apple_users_who_have_made_the_switch/
1nxx12o,Slim & Strong! Benks Kevlar Fiber Cases for iPhone 17 Pro Max,demcrumblies,2025-10-04T15:30:23,1,1,demcrumbliestech,https://www.reddit.com/r/demcrumbliestech/comments/1nxx12o/slim_strong_benks_kevlar_fiber_cases_for_iphone/,https://youtube.com/watch?v=fFBrN-Y0Ow8&si=4hC6lMNpHD7u6Gt_
1nxws79,"Apple Authorized Reseller In Pakistan. Mercantile, GNext and AirLink Official Prices For iPhone 17, 17 Pro, 17 Pro Max and iPhone Air",iPhone13pm,2025-10-04T15:20:38,35,0.91,PakistaniTech,https://www.reddit.com/r/PakistaniTech/comments/1nxws79/apple_authorized_reseller_in_pakistan_mercantile/,https://www.reddit.com/gallery/1nxws79
1nxws23,"iPhone 17 Pro Max Preorder Delivery Timeline ,what’s the Usual Trend?",Superb-Kitchen5759,2025-10-04T15:20:29,2,1,AppleIndia,https://www.reddit.com/r/AppleIndia/comments/1nxws23/iphone_17_pro_max_preorder_delivery_timeline/,https://www.reddit.com/r/AppleIndia/comments/1nxws23/iphone_17_pro_max_preorder_delivery_timeline/
1nxwqys,"New Phone, New Setup",ftp009,2025-10-04T15:19:18,2,0.75,iOSsetups,https://www.reddit.com/r/iOSsetups/comments/1nxwqys/new_phone_new_setup/,https://www.reddit.com/gallery/1nxwqys
1nxwknk,Maxwells refuse to connect to new iPhone 17 pro max through the app.,Ok-Fennel-3908,2025-10-04T15:12:14,0,0.5,Audeze,https://www.reddit.com/r/Audeze/comments/1nxwknk/maxwells_refuse_to_connect_to_new_iphone_17_pro/,https://www.reddit.com/r/Audeze/comments/1nxwknk/maxwells_refuse_to_connect_to_new_iphone_17_pro/
1nxw6ie,Try to port over myself or go to T-Mobile?,randydufrane,2025-10-04T14:57:02,0,0.4,tmobile,https://www.reddit.com/r/tmobile/comments/1nxw6ie/try_to_port_over_myself_or_go_to_tmobile/,https://www.reddit.com/r/tmobile/comments/1nxw6ie/try_to_port_over_myself_or_go_to_tmobile/
1nxuyo5,eSIM в Україні,Equivalent-Bad-563,2025-10-04T14:08:37,8,0.7,reddit_ukr,https://www.reddit.com/r/reddit_ukr/comments/1nxuyo5/esim_в_україні/,https://www.reddit.com/r/reddit_ukr/comments/1nxuyo5/esim_в_україні/
1nxuswi,Arrived today- Defect,UKMATTNZ,2025-10-04T14:01:53,21,1,Mous,https://www.reddit.com/r/Mous/comments/1nxuswi/arrived_today_defect/,https://i.redd.it/aay8q2l3q3tf1.jpeg
1nxuo7q,iPhone 17 Pro Max,DoesItStankDaddy,2025-10-04T13:56:33,1,1,Spectrum,https://www.reddit.com/r/Spectrum/comments/1nxuo7q/iphone_17_pro_max/,https://www.reddit.com/r/Spectrum/comments/1nxuo7q/iphone_17_pro_max/
1nxu4hh,Anyone else’s battery for iPhone 17 Pro Max draining very fast after updating to ios 26.1?,kid_ello878,2025-10-04T13:33:05,5,0.86,iPhone17Pro,https://www.reddit.com/r/iPhone17Pro/comments/1nxu4hh/anyone_elses_battery_for_iphone_17_pro_max/,https://www.reddit.com/r/iPhone17Pro/comments/1nxu4hh/anyone_elses_battery_for_iphone_17_pro_max/
1nxtyz5,iPhone 17 Pro Max,Sq9900,2025-10-04T13:26:35,13,0.94,iPhoneography,https://www.reddit.com/r/iPhoneography/comments/1nxtyz5/iphone_17_pro_max/,https://i.redd.it/ntfw7xnsj3tf1.jpeg
1nxtlhn,xaomi 17 pro max,Express-Complex-8285,2025-10-04T13:10:25,1,1,Orbil,https://www.reddit.com/r/Orbil/comments/1nxtlhn/xaomi_17_pro_max/,https://i.redd.it/t5wxb4stg3tf1.png
1nxtf41,Problemas de energía en todos los iPhone 17 por USB-C,djmac81,2025-10-04T13:02:42,0,0.5,iphone,https://www.reddit.com/r/iphone/comments/1nxtf41/problemas_de_energía_en_todos_los_iphone_17_por/,https://www.reddit.com/r/iphone/comments/1nxtf41/problemas_de_energía_en_todos_los_iphone_17_por/
1o05qvn,Why do some app icons look low res and blurry on iPhone 17?,avidrunner84,2025-10-07T05:00:21,0,0.5,iphone,https://www.reddit.com/r/iphone/comments/1o05qvn/why_do_some_app_icons_look_low_res_and_blurry_on/,https://www.reddit.com/gallery/1o05qvn
1o05is3,iPhone 17 Pro clarity problem,luxiesui,2025-10-07T04:47:48,1,1,Mous,https://www.reddit.com/r/Mous/comments/1o05is3/iphone_17_pro_clarity_problem/,https://v.redd.it/71i32i5zdmtf1
1o05hf1,Why is FLOLAB low ratings and ships late?,mandbeyn,2025-10-07T04:45:41,0,0.14,iphone,https://www.reddit.com/r/iphone/comments/1o05hf1/why_is_flolab_low_ratings_and_ships_late/,https://i.redd.it/951olrsjdmtf1.jpeg
1o055px,Very likely will switch back to android.,TheArchitect515,2025-10-07T04:27:41,0,0.2,ios,https://www.reddit.com/r/ios/comments/1o055px/very_likely_will_switch_back_to_android/,https://www.reddit.com/gallery/1o055px
1o0559b,Clicks for iPhone 17: UPDATE!,ColtonsKeys,2025-10-07T04:27:01,1,1,ClicksKeyboard,https://www.reddit.com/r/ClicksKeyboard/comments/1o0559b/clicks_for_iphone_17_update/,https://youtu.be/FSwLrZh91kI?si=zHJuwBf6JPng2xOJ
1o052tr,iPhone Series BTB Pricelist and Freebies,only-_-me,2025-10-07T04:23:20,16,0.94,Tech_Philippines,https://www.reddit.com/r/Tech_Philippines/comments/1o052tr/iphone_series_btb_pricelist_and_freebies/,https://www.reddit.com/gallery/1o052tr
1o04iig,Cancelled.. Reordered from Best Buy,PeachDazey144,2025-10-07T03:53:15,0,0.38,ATT,https://www.reddit.com/r/ATT/comments/1o04iig/cancelled_reordered_from_best_buy/,https://www.reddit.com/r/ATT/comments/1o04iig/cancelled_reordered_from_best_buy/
1o047lx,Are there any major problems with the iPhone 17 yet?  Does it have scratching or denting issues like some of the Pro models do?,Mister-Lavender,2025-10-07T03:36:46,1,0.67,iphone,https://www.reddit.com/r/iphone/comments/1o047lx/are_there_any_major_problems_with_the_iphone_17/,https://www.reddit.com/r/iphone/comments/1o047lx/are_there_any_major_problems_with_the_iphone_17/
1o03wzi,"I don’t want an iPhone 17/Air, but this design concept has me curious",MobileNewsBot,2025-10-07T03:21:43,1,1,mobiles,https://www.reddit.com/r/mobiles/comments/1o03wzi/i_dont_want_an_iphone_17air_but_this_design/,https://www.sammobile.com/opinion/dont-want-iphone-17-air-but-this-design-concept-has-me-curious/
1o03sx3,Gloucester Cathedral while trying out my iPhone 17 Pro,aB4sith,2025-10-07T03:15:59,4,1,iPhoneography,https://www.reddit.com/r/iPhoneography/comments/1o03sx3/gloucester_cathedral_while_trying_out_my_iphone/,https://www.reddit.com/gallery/1nq48f1
1o034r7,Beyond The Box unveils pre-order freebies for iPhone 17 Series worth PHP 15K,PeterPaulGG,2025-10-07T02:42:33,6,1,Tech_Philippines,https://www.reddit.com/r/Tech_Philippines/comments/1o034r7/beyond_the_box_unveils_preorder_freebies_for/,https://i.redd.it/gh2q90mfrltf1.png
1o033yi,iPhone 17 dos técnicos,PlusCommand6428,2025-10-07T02:41:30,1,1,memeDeProgramacao,https://www.reddit.com/r/memeDeProgramacao/comments/1o033yi/iphone_17_dos_técnicos/,https://v.redd.it/gn09vksfrltf1
1o030mi,Beyond The Box unveils pre-order freebies for iPhone 17 Series worth PHP 15K,PeterPaulGG,2025-10-07T02:37:00,1,1,Tech_Philippines,https://www.reddit.com/r/Tech_Philippines/comments/1o030mi/beyond_the_box_unveils_preorder_freebies_for/,https://www.gizguide.com/2025/10/iphone-17-series-beyond-the-box-freebies.html
1o02ope,First Design: A Wavy MagSafe Charging Dock,Define-Studio,2025-10-07T02:21:04,0,0.5,cults3d,https://www.reddit.com/r/cults3d/comments/1o02ope/first_design_a_wavy_magsafe_charging_dock/,https://www.reddit.com/gallery/1o02ope
1o02hz7,I just don’t understand the hate Apple can get,Swimming_Hurry265,2025-10-07T02:12:09,0,0.45,Smartphones,https://www.reddit.com/r/Smartphones/comments/1o02hz7/i_just_dont_understand_the_hate_apple_can_get/,https://www.reddit.com/r/Smartphones/comments/1o02hz7/i_just_dont_understand_the_hate_apple_can_get/
1o02ez6,"Charlie Kirk could’ve watched the iPhone 17 Event, but couldn’t have bought the phone",dakotahlayne,2025-10-07T02:08:04,2,0.67,Scale4BarbaraWalters,https://www.reddit.com/r/Scale4BarbaraWalters/comments/1o02ez6/charlie_kirk_couldve_watched_the_iphone_17_event/,https://www.reddit.com/gallery/1o02ez6
1o028fj,iPhone 17 won’t play music through car Bluetooth or USB,WombatWandersWild,2025-10-07T01:59:47,0,0.5,iphone,https://www.reddit.com/r/iphone/comments/1o028fj/iphone_17_wont_play_music_through_car_bluetooth/,https://www.reddit.com/r/iphone/comments/1o028fj/iphone_17_wont_play_music_through_car_bluetooth/
1o0277h,iPhone 17 Pro and the Ultra 2 looking 🔥,InstructionFun2127,2025-10-07T01:58:07,83,0.99,iPhone17Pro,https://www.reddit.com/r/iPhone17Pro/comments/1o0277h/iphone_17_pro_and_the_ultra_2_looking/,https://www.reddit.com/gallery/1o0277h
1o026qs,18’ Buick Regal Sportback software update,No_Growth7369,2025-10-07T01:57:31,2,1,Buick,https://www.reddit.com/r/Buick/comments/1o026qs/18_buick_regal_sportback_software_update/,https://www.reddit.com/r/Buick/comments/1o026qs/18_buick_regal_sportback_software_update/
1o026kn,Super Moon Shot,greengadget81,2025-10-07T01:57:17,12,1,iPhone17Pro,https://www.reddit.com/r/iPhone17Pro/comments/1o026kn/super_moon_shot/,https://i.redd.it/o122zp6kjltf1.jpeg
1o025o5,iPhone 17 Pro and the Ultra 2 looking 🔥,InstructionFun2127,2025-10-07T01:56:06,71,0.9,AppleWatch,https://www.reddit.com/r/AppleWatch/comments/1o025o5/iphone_17_pro_and_the_ultra_2_looking/,https://www.reddit.com/gallery/1o025o5
1o01vr6,USB port on the iPhone 17 is just as fast as the one on the iPod nano 19 years ago.,WeakCamel9115,2025-10-07T01:43:28,1,1,u_WeakCamel9115,https://www.reddit.com/r/u_WeakCamel9115/comments/1o01vr6/usb_port_on_the_iphone_17_is_just_as_fast_as_the/,https://i.redd.it/jlvaly2atetf1.jpeg
1o01t5f,iPhone 17 Pro - cleaning question,Creative_Map_5887,2025-10-07T01:40:00,0,0.5,iphone,https://www.reddit.com/r/iphone/comments/1o01t5f/iphone_17_pro_cleaning_question/,https://www.reddit.com/r/iphone/comments/1o01t5f/iphone_17_pro_cleaning_question/
1o00rz9,iPhone 17 not working on CarPlay,Ok-Anxiety-9974,2025-10-07T00:52:24,1,1,techsupport,https://www.reddit.com/r/techsupport/comments/1o00rz9/iphone_17_not_working_on_carplay/,https://www.reddit.com/r/techsupport/comments/1o00rz9/iphone_17_not_working_on_carplay/
1nzzyn5,Need help,DaddyS1Ns,2025-10-07T00:14:42,0,0.4,ATT,https://www.reddit.com/r/ATT/comments/1nzzyn5/need_help/,https://www.reddit.com/gallery/1nzzyn5
1nzzy6d,iPhone 17 X-ray skin,stewy197,2025-10-07T00:14:05,1,1,dbrand,https://www.reddit.com/r/dbrand/comments/1nzzy6d/iphone_17_xray_skin/,https://www.reddit.com/r/dbrand/comments/1nzzy6d/iphone_17_xray_skin/
1nzzo3n,iPhone 17 backorder (not ProMax),Opposite_Tonight9083,2025-10-07T00:01:20,1,0.66,verizon,https://www.reddit.com/r/verizon/comments/1nzzo3n/iphone_17_backorder_not_promax/,https://www.reddit.com/r/verizon/comments/1nzzo3n/iphone_17_backorder_not_promax/
1nzzhhg,"My estimated shipping date changed to the past, what does this mean?",oh_my_lemons_,2025-10-06T23:53:00,1,0.66,verizon,https://www.reddit.com/r/verizon/comments/1nzzhhg/my_estimated_shipping_date_changed_to_the_past/,https://www.reddit.com/r/verizon/comments/1nzzhhg/my_estimated_shipping_date_changed_to_the_past/
1nzz7ho,Help me choose colour for iPhone 17,Forward-Breath2393,2025-10-06T23:40:26,2,0.75,iPhoneWale,https://www.reddit.com/r/iPhoneWale/comments/1nzz7ho/help_me_choose_colour_for_iphone_17/,https://www.reddit.com/r/iPhoneWale/comments/1nzz7ho/help_me_choose_colour_for_iphone_17/
1nzz541,Steps to Use Unlimited Ultimate's International Calling/Data?,plinydogg,2025-10-06T23:37:31,1,0.66,verizon,https://www.reddit.com/r/verizon/comments/1nzz541/steps_to_use_unlimited_ultimates_international/,https://www.reddit.com/r/verizon/comments/1nzz541/steps_to_use_unlimited_ultimates_international/
1nzypix,Chargers for iPhone 17,mr_wierdo_02,2025-10-06T23:18:08,2,0.76,iphone,https://www.reddit.com/r/iphone/comments/1nzypix/chargers_for_iphone_17/,https://www.reddit.com/r/iphone/comments/1nzypix/chargers_for_iphone_17/
1nzyp35,Pumpkin Spice EDC,ShadowOfLink,2025-10-06T23:17:36,221,0.98,EDC,https://www.reddit.com/r/EDC/comments/1nzyp35/pumpkin_spice_edc/,https://i.redd.it/k8ibsaj2rktf1.jpeg
1nzyoue,I wanna know something…,SwordfishHot6182,2025-10-06T23:17:18,5,1,nairobi,https://www.reddit.com/r/nairobi/comments/1nzyoue/i_wanna_know_something/,https://i.redd.it/3avdbhh0rktf1.jpeg
1nzxvw2,Upgrading from Pixel 7 Pro,ExpensiveIron2341,2025-10-06T22:43:08,1,1,PixelUsersIndia,https://www.reddit.com/r/PixelUsersIndia/comments/1nzxvw2/upgrading_from_pixel_7_pro/,https://www.reddit.com/r/PixelUsersIndia/comments/1nzxvw2/upgrading_from_pixel_7_pro/
1nzxulr,iPhone 17 lock screen clock malfunctioning,Boring_Coast178,2025-10-06T22:41:34,2,0.67,iphone,https://www.reddit.com/r/iphone/comments/1nzxulr/iphone_17_lock_screen_clock_malfunctioning/,https://i.redd.it/ts7z76wmkktf1.jpeg
1nzxgb7,Pixel Vs iPhone (student pov),ExpensiveIron2341,2025-10-06T22:24:49,2,1,AskConsumerAdvice,https://www.reddit.com/r/AskConsumerAdvice/comments/1nzxgb7/pixel_vs_iphone_student_pov/,https://www.reddit.com/r/AskConsumerAdvice/comments/1nzxgb7/pixel_vs_iphone_student_pov/
1nzxfne,Pixel Vs iPhone (pov student),ExpensiveIron2341,2025-10-06T22:24:04,2,1,ConsumerAdvice,https://www.reddit.com/r/ConsumerAdvice/comments/1nzxfne/pixel_vs_iphone_pov_student/,https://www.reddit.com/r/ConsumerAdvice/comments/1nzxfne/pixel_vs_iphone_pov_student/
1nzxddv,iPhone 17 Pro vs Pixel 10 Pro,ExpensiveIron2341,2025-10-06T22:21:25,1,1,WhatShouldIDo,https://www.reddit.com/r/WhatShouldIDo/comments/1nzxddv/iphone_17_pro_vs_pixel_10_pro/,https://www.reddit.com/r/WhatShouldIDo/comments/1nzxddv/iphone_17_pro_vs_pixel_10_pro/
1nzxa5k,Question,Over-Log-54,2025-10-06T22:17:47,0,0.5,ATT,https://www.reddit.com/r/ATT/comments/1nzxa5k/question/,https://www.reddit.com/r/ATT/comments/1nzxa5k/question/
1nzx8vn,Top part of my iPhone 17 Pro screen looks a bit brighter than the bottom — normal?,EduardSark,2025-10-06T22:16:20,0,0.5,iphone,https://www.reddit.com/r/iphone/comments/1nzx8vn/top_part_of_my_iphone_17_pro_screen_looks_a_bit/,https://www.reddit.com/r/iphone/comments/1nzx8vn/top_part_of_my_iphone_17_pro_screen_looks_a_bit/
1nzx83c,Upgrading from Pixel 7 Pro,ExpensiveIron2341,2025-10-06T22:15:25,1,1,GooglePixel,https://www.reddit.com/r/GooglePixel/comments/1nzx83c/upgrading_from_pixel_7_pro/,https://www.reddit.com/r/GooglePixel/comments/1nzx83c/upgrading_from_pixel_7_pro/
1nzx5nr,Upgrading from Pixel 7 Pro,ExpensiveIron2341,2025-10-06T22:12:42,2,1,pixel_phones,https://www.reddit.com/r/pixel_phones/comments/1nzx5nr/upgrading_from_pixel_7_pro/,https://www.reddit.com/r/pixel_phones/comments/1nzx5nr/upgrading_from_pixel_7_pro/
1nzwz6y,Lost Visual Voicemail after upgrading to iPhone 17 Pro — need help!,Alisa20220,2025-10-06T22:05:27,2,0.75,USMobile,https://www.reddit.com/r/USMobile/comments/1nzwz6y/lost_visual_voicemail_after_upgrading_to_iphone/,https://www.reddit.com/r/USMobile/comments/1nzwz6y/lost_visual_voicemail_after_upgrading_to_iphone/
1nzwkkt,Finally upgrading and I’m sad,Dry-Assignment-7527,2025-10-06T21:49:13,23,0.96,iPhone11,https://www.reddit.com/r/iPhone11/comments/1nzwkkt/finally_upgrading_and_im_sad/,https://www.reddit.com/r/iPhone11/comments/1nzwkkt/finally_upgrading_and_im_sad/
1nzwand,Love these cameras! iPhone 17 Pro edited in Lightroom,Adorable-Limit638,2025-10-06T21:38:40,12,1,iPhoneography,https://www.reddit.com/r/iPhoneography/comments/1nzwand/love_these_cameras_iphone_17_pro_edited_in/,https://i.redd.it/ye885y4v5ktf1.jpeg
1nzvqye,Is 'blue shift' when turning the phone normal on OLED iPhones?,Advanced_Concern7910,2025-10-06T21:17:51,2,1,iphone,https://www.reddit.com/r/iphone/comments/1nzvqye/is_blue_shift_when_turning_the_phone_normal_on/,https://www.reddit.com/r/iphone/comments/1nzvqye/is_blue_shift_when_turning_the_phone_normal_on/
1nzvja3,Settings for iMessage in Japan,Karla_n_CaptKremmen,2025-10-06T21:09:55,3,1,Airalo,https://www.reddit.com/r/Airalo/comments/1nzvja3/settings_for_imessage_in_japan/,https://www.reddit.com/r/Airalo/comments/1nzvja3/settings_for_imessage_in_japan/
1nzvbge,iPhone 15 Pro Max: to fix or not to fix? It hates non genuine Apple parts,throwaway10327591,2025-10-06T21:02:00,2,0.76,iphone,https://www.reddit.com/r/iphone/comments/1nzvbge/iphone_15_pro_max_to_fix_or_not_to_fix_it_hates/,https://www.reddit.com/r/iphone/comments/1nzvbge/iphone_15_pro_max_to_fix_or_not_to_fix_it_hates/
1nzuxxq,Took a trip to Joshua tree,alaskin_pipeline,2025-10-06T20:48:14,110,1,GRCorolla,https://www.reddit.com/r/GRCorolla/comments/1nzuxxq/took_a_trip_to_joshua_tree/,https://www.reddit.com/gallery/1nzuxxq
1nzugwi,Moon,Mamutu7,2025-10-06T20:31:05,38,0.95,iPhoneography,https://www.reddit.com/r/iPhoneography/comments/1nzugwi/moon/,https://www.reddit.com/gallery/1nzugwi
1nzu1zc,Camera comparison,Admirable_Bread824,2025-10-06T20:16:11,3,0.72,iPhone15Pro,https://www.reddit.com/r/iPhone15Pro/comments/1nzu1zc/camera_comparison/,https://www.reddit.com/r/iPhone15Pro/comments/1nzu1zc/camera_comparison/
1nztuzy,iPhone 17 promo,Educational-Kick6099,2025-10-06T20:09:14,1,1,Comcast_Xfinity,https://www.reddit.com/r/Comcast_Xfinity/comments/1nztuzy/iphone_17_promo/,https://www.reddit.com/r/Comcast_Xfinity/comments/1nztuzy/iphone_17_promo/
1nztr88,iPhone Air Damaged during Day 1!,its-christianu,2025-10-06T20:05:30,0,0.33,IphoneAir,https://www.reddit.com/r/IphoneAir/comments/1nztr88/iphone_air_damaged_during_day_1/,https://i.redd.it/4xp02uxqsjtf1.jpeg
1nztj46,Het Ontstaan van Fair Repair,Any-Natural5111,2025-10-06T19:57:35,1,1,FairRepairCommunity,https://www.reddit.com/r/FairRepairCommunity/comments/1nztj46/het_ontstaan_van_fair_repair/,https://www.reddit.com/r/FairRepairCommunity/comments/1nztj46/het_ontstaan_van_fair_repair/
1nztg5q,DO NOT switch from a legacy plan!,smugdoug,2025-10-06T19:54:42,0,0.2,ATT,https://www.reddit.com/r/ATT/comments/1nztg5q/do_not_switch_from_a_legacy_plan/,https://www.reddit.com/r/ATT/comments/1nztg5q/do_not_switch_from_a_legacy_plan/
1nzskz5,Yo sigo aquí esperando a que nazca,lovefavorit,2025-10-06T19:23:13,89,0.97,Memesenmundoenfermo,https://www.reddit.com/r/Memesenmundoenfermo/comments/1nzskz5/yo_sigo_aquí_esperando_a_que_nazca/,https://i.redd.it/ici9sn39ljtf1.jpeg
1nzsidt,iPhone 17 preorder not shipped,tonasaso-,2025-10-06T19:20:33,0,0.5,verizon,https://www.reddit.com/r/verizon/comments/1nzsidt/iphone_17_preorder_not_shipped/,https://www.reddit.com/r/verizon/comments/1nzsidt/iphone_17_preorder_not_shipped/
1nzscuj,iPhone 17 Vs Samsung Galaxy s25 for a life long android user,hj576,2025-10-06T19:14:51,7,1,Smartphones,https://www.reddit.com/r/Smartphones/comments/1nzscuj/iphone_17_vs_samsung_galaxy_s25_for_a_life_long/,https://www.reddit.com/r/Smartphones/comments/1nzscuj/iphone_17_vs_samsung_galaxy_s25_for_a_life_long/
1nzs87o,How long you planning on keeping the iPhone 17?,RedSupreme20,2025-10-06T19:09:55,59,0.97,iphone17,https://www.reddit.com/r/iphone17/comments/1nzs87o/how_long_you_planning_on_keeping_the_iphone_17/,https://www.reddit.com/r/iphone17/comments/1nzs87o/how_long_you_planning_on_keeping_the_iphone_17/
1nzrvhi,iPhone 13 to iPhone 17. Very satisfied.,Kolormekensington,2025-10-06T18:56:38,98,0.97,iPhone13,https://www.reddit.com/r/iPhone13/comments/1nzrvhi/iphone_13_to_iphone_17_very_satisfied/,https://www.reddit.com/gallery/1nzrvhi
1nzrs75,So heartbroken 💔,TheGamerDocta,2025-10-06T18:53:11,2,0.63,VITURE,https://www.reddit.com/r/VITURE/comments/1nzrs75/so_heartbroken/,https://www.reddit.com/r/VITURE/comments/1nzrs75/so_heartbroken/
1nzrkvh,iPhone 17 12 month free multi network verification,forvisor,2025-10-06T18:45:38,0,0.5,USMobile,https://www.reddit.com/r/USMobile/comments/1nzrkvh/iphone_17_12_month_free_multi_network_verification/,https://www.reddit.com/r/USMobile/comments/1nzrkvh/iphone_17_12_month_free_multi_network_verification/
1nzrg3o,iPhone 17 Pro Battery usage,OhTheePain,2025-10-06T18:40:35,5,0.86,iPhone17Pro,https://www.reddit.com/r/iPhone17Pro/comments/1nzrg3o/iphone_17_pro_battery_usage/,https://www.reddit.com/gallery/1nzrg3o
1nzrc7k,"First iPhone – 15 Plus (pink), 16, 16 Plus, or 17?",Single-Log3832,2025-10-06T18:36:28,0,0.4,iphone,https://www.reddit.com/r/iphone/comments/1nzrc7k/first_iphone_15_plus_pink_16_16_plus_or_17/,https://www.reddit.com/r/iphone/comments/1nzrc7k/first_iphone_15_plus_pink_16_16_plus_or_17/
1nzqyua,iPhone 17 Pro Deep Blue in the Luckycoin dark brown leather case,nosetaddress,2025-10-06T18:22:42,21,0.9,patinaproud,https://www.reddit.com/r/patinaproud/comments/1nzqyua/iphone_17_pro_deep_blue_in_the_luckycoin_dark/,https://www.reddit.com/gallery/1nzqyua
1nzqvjb,iPhone 17 performance and battery life,Kruemelkacker,2025-10-06T18:19:14,0,0.35,TheSilphRoad,https://www.reddit.com/r/TheSilphRoad/comments/1nzqvjb/iphone_17_performance_and_battery_life/,https://www.reddit.com/r/TheSilphRoad/comments/1nzqvjb/iphone_17_performance_and_battery_life/
1nzqtrr,iPhone 17 or iPhone 16 Pro/Max,Ill_Measurement5769,2025-10-06T18:17:24,3,1,iphone17,https://www.reddit.com/r/iphone17/comments/1nzqtrr/iphone_17_or_iphone_16_promax/,https://www.reddit.com/r/iphone17/comments/1nzqtrr/iphone_17_or_iphone_16_promax/
1nzqsjm,Dustproof durable case,Cactus_Jack888,2025-10-06T18:16:09,0,0.5,iphone,https://www.reddit.com/r/iphone/comments/1nzqsjm/dustproof_durable_case/,https://www.reddit.com/r/iphone/comments/1nzqsjm/dustproof_durable_case/
1nzqpmb,"Which iphone to get, 17 or 17 pro?",Murky_Evening6169,2025-10-06T18:13:07,1,0.67,iphonehelp,https://www.reddit.com/r/iphonehelp/comments/1nzqpmb/which_iphone_to_get_17_or_17_pro/,https://www.reddit.com/r/iphonehelp/comments/1nzqpmb/which_iphone_to_get_17_or_17_pro/
1nzqc8s,"Which iPhone should I get, iPhone 17 or 17 Pro?",Murky_Evening6169,2025-10-06T17:59:42,1,1,applehelp,https://www.reddit.com/r/applehelp/comments/1nzqc8s/which_iphone_should_i_get_iphone_17_or_17_pro/,https://www.reddit.com/r/applehelp/comments/1nzqc8s/which_iphone_should_i_get_iphone_17_or_17_pro/
1nzq8hd,Loving the cameras,Victorbaro,2025-10-06T17:55:43,69,0.97,iPhone17Pro,https://www.reddit.com/r/iPhone17Pro/comments/1nzq8hd/loving_the_cameras/,https://www.reddit.com/gallery/1nzq8hd
1nzq3xa,Do trade in promotions carry over when upgrading plans?,tehflamex,2025-10-06T17:50:53,6,0.99,tmobile,https://www.reddit.com/r/tmobile/comments/1nzq3xa/do_trade_in_promotions_carry_over_when_upgrading/,https://www.reddit.com/r/tmobile/comments/1nzq3xa/do_trade_in_promotions_carry_over_when_upgrading/
1nzptmr,"On my iPhone 17, when I take a selfie photo on WhatsApp, image stabilization automatically activates and I can’t turn it off. Is anyone else experiencing this issue?",tayyarraga,2025-10-06T17:40:30,0,0.5,ios,https://www.reddit.com/r/ios/comments/1nzptmr/on_my_iphone_17_when_i_take_a_selfie_photo_on/,https://www.reddit.com/r/ios/comments/1nzptmr/on_my_iphone_17_when_i_take_a_selfie_photo_on/
1nzpswv,Slide Over Back in iPadOS 26.1 Beta 2,freaktheclown,2025-10-06T17:39:46,910,0.98,ipad,https://www.reddit.com/r/ipad/comments/1nzpswv/slide_over_back_in_ipados_261_beta_2/,https://www.reddit.com/gallery/1nzpswv
1nzprxe,"3 in 1 Charging Station for iPhone, Wireless Charger for iPhone 17 16e 16 15 14 13 12 11 X Pro Max & Apple Watch - Wireless Charging Station for AirPods 4 3 Pro #3 #in",AndreaNewsHub,2025-10-06T17:38:43,1,1,ItaliaBox,https://www.reddit.com/r/ItaliaBox/comments/1nzprxe/3_in_1_charging_station_for_iphone_wireless/,https://www.amazon.com/dp/B0BFCC18FS?tag=andreasgrignu-20
1nzpruj,"On my iPhone 17, when I take a selfie photo on WhatsApp, image stabilization automatically activates and I can’t turn it off. Is anyone else experiencing this issue?",tayyarraga,2025-10-06T17:38:38,0,0.5,iphone17,https://www.reddit.com/r/iphone17/comments/1nzpruj/on_my_iphone_17_when_i_take_a_selfie_photo_on/,https://www.reddit.com/r/iphone17/comments/1nzpruj/on_my_iphone_17_when_i_take_a_selfie_photo_on/
1nzpmos,Internet connection lost over Mesh (iPhone 17 Pro),Chiotas,2025-10-06T17:33:19,1,1,TpLink,https://www.reddit.com/r/TpLink/comments/1nzpmos/internet_connection_lost_over_mesh_iphone_17_pro/,https://www.reddit.com/r/TpLink/comments/1nzpmos/internet_connection_lost_over_mesh_iphone_17_pro/
1nzpe8l,DOH iPhone 17 pro availability,No-Tadpole574,2025-10-06T17:24:22,0,0.4,qatarairways,https://www.reddit.com/r/qatarairways/comments/1nzpe8l/doh_iphone_17_pro_availability/,https://www.reddit.com/r/qatarairways/comments/1nzpe8l/doh_iphone_17_pro_availability/
1nzp9om,Sangeetha Mobiles running a scam,Vegetable-Success-92,2025-10-06T17:19:44,18,0.87,iPhoneWale,https://www.reddit.com/r/iPhoneWale/comments/1nzp9om/sangeetha_mobiles_running_a_scam/,https://www.reddit.com/r/iPhoneWale/comments/1nzp9om/sangeetha_mobiles_running_a_scam/
1nzouve,Smartish Gripzilla MagSafe Case for iPhone 17 Pro Unboxing (Walnut Woods),Techusiast,2025-10-06T17:04:24,1,1,Techusiast,https://www.reddit.com/r/Techusiast/comments/1nzouve/smartish_gripzilla_magsafe_case_for_iphone_17_pro/,https://www.youtube.com/watch?v=hz-lfbML7No
1nzoq4c,Costco Trade in confusion - Go 5G Plus and iPhone 17,ryantyrant,2025-10-06T16:59:39,10,0.77,tmobile,https://www.reddit.com/r/tmobile/comments/1nzoq4c/costco_trade_in_confusion_go_5g_plus_and_iphone_17/,https://www.reddit.com/r/tmobile/comments/1nzoq4c/costco_trade_in_confusion_go_5g_plus_and_iphone_17/
1nzom1z,iPhone 17 Pro used wrong eSim data when running 26.0 on first day. $80 in overages.,c2cali,2025-10-06T16:55:26,1,1,applehelp,https://www.reddit.com/r/applehelp/comments/1nzom1z/iphone_17_pro_used_wrong_esim_data_when_running/,https://www.reddit.com/r/applehelp/comments/1nzom1z/iphone_17_pro_used_wrong_esim_data_when_running/
1nzogsd,"Compact external storage for iPhone 17 Pro ProRes (not a long USB stick, not a dangling SSD)",Boule250,2025-10-06T16:49:59,1,1,iPhone17Pro,https://www.reddit.com/r/iPhone17Pro/comments/1nzogsd/compact_external_storage_for_iphone_17_pro_prores/,https://www.reddit.com/r/iPhone17Pro/comments/1nzogsd/compact_external_storage_for_iphone_17_pro_prores/
1nzo159,Pictures in motion,nerrood,2025-10-06T16:33:55,1,1,iphone17,https://www.reddit.com/r/iphone17/comments/1nzo159/pictures_in_motion/,https://www.reddit.com/r/iphone17/comments/1nzo159/pictures_in_motion/
1nznyls,iPhone trade in condition,Juhmil,2025-10-06T16:31:19,0,0.4,tmobile,https://www.reddit.com/r/tmobile/comments/1nznyls/iphone_trade_in_condition/,https://www.reddit.com/r/tmobile/comments/1nznyls/iphone_trade_in_condition/
1nznpzz,"is this legit? If I place order now, I will get $200 back? : Claimcredit",First_Brilliant4572,2025-10-06T16:22:41,2,0.75,TemuThings,https://www.reddit.com/r/TemuThings/comments/1nznpzz/is_this_legit_if_i_place_order_now_i_will_get_200/,https://i.redd.it/6d1i52p1pitf1.jpeg
1nznnav,Quite surprise a lot still on old iPhone?,Hazys,2025-10-06T16:19:59,0,0.31,iphone,https://www.reddit.com/r/iphone/comments/1nznnav/quite_surprise_a_lot_still_on_old_iphone/,https://www.reddit.com/r/iphone/comments/1nznnav/quite_surprise_a_lot_still_on_old_iphone/
1nznn5g,New iPhone 17 pro running into this issue. Stuck on this any time I try to use the AI stuff. Anyone else?,IllustratorOk6044,2025-10-06T16:19:50,1,1,ios,https://www.reddit.com/r/ios/comments/1nznn5g/new_iphone_17_pro_running_into_this_issue_stuck/,https://i.redd.it/5wcjltejoitf1.jpeg
1nznjrv,iPhone 17 P from Best Buy,305queen,2025-10-06T16:16:22,0,0.5,ATT,https://www.reddit.com/r/ATT/comments/1nznjrv/iphone_17_p_from_best_buy/,https://www.reddit.com/r/ATT/comments/1nznjrv/iphone_17_p_from_best_buy/
1nznfiq,Has anyone got their iPhone 17 yet?,PrudentBuilding5674,2025-10-06T16:12:07,8,0.91,OPTIMUM,https://www.reddit.com/r/OPTIMUM/comments/1nznfiq/has_anyone_got_their_iphone_17_yet/,https://www.reddit.com/r/OPTIMUM/comments/1nznfiq/has_anyone_got_their_iphone_17_yet/
1nzn34b,iPhone 17 - $200 Upgrade Credit - When?,New-Replacement-5871,2025-10-06T15:59:47,2,0.67,TotalWireless,https://www.reddit.com/r/TotalWireless/comments/1nzn34b/iphone_17_200_upgrade_credit_when/,https://www.reddit.com/r/TotalWireless/comments/1nzn34b/iphone_17_200_upgrade_credit_when/
1nzmok1,"iPhone 17 > iPhone 13, go for it!",s2ukuna,2025-10-06T15:45:09,334,0.91,iPhone13,https://www.reddit.com/r/iPhone13/comments/1nzmok1/iphone_17_iphone_13_go_for_it/,https://i.redd.it/cpqf2elciitf1.jpeg
1nzmnn7,iPhone 17 Pro Camera,Available_Bar_8205,2025-10-06T15:44:18,41,0.98,iPhone17Pro,https://www.reddit.com/r/iPhone17Pro/comments/1nzmnn7/iphone_17_pro_camera/,https://www.reddit.com/gallery/1nzmnn7
1nzmetc,« Transformer votre Android en un iPhone Temu » : l’idée de génie de Dbrand pour copier les iPhone 17 Pro,Droidfr,2025-10-06T15:35:37,1,1,Frandroid,https://www.reddit.com/r/Frandroid/comments/1nzmetc/transformer_votre_android_en_un_iphone_temu_lidée/,https://www.frandroid.com/marques/apple/2820457_transformer-votre-android-en-un-iphone-temu-lidee-de-genie-de-dbrand-pour-copier-les-iphone-17-pro?utm_medium=distibuted&utm_source=reddit&utm_content=directlink&utm_campaign=2820457
1nzlxlm,Lumix s9 vs iPhone 17 Pro,-6h0st-,2025-10-06T15:18:11,10,0.92,LumixS9,https://www.reddit.com/r/LumixS9/comments/1nzlxlm/lumix_s9_vs_iphone_17_pro/,https://www.reddit.com/r/LumixS9/comments/1nzlxlm/lumix_s9_vs_iphone_17_pro/
1nzlwwm,Lumix s9 ?,-6h0st-,2025-10-06T15:17:29,0,0.33,photography,https://www.reddit.com/r/photography/comments/1nzlwwm/lumix_s9/,https://www.reddit.com/r/photography/comments/1nzlwwm/lumix_s9/
1nzlt0c,"Returning Base 17 for Pro -- What Does ""Like New"" Mean Exactly?",veritymoon19,2025-10-06T15:13:35,1,0.6,ATT,https://www.reddit.com/r/ATT/comments/1nzlt0c/returning_base_17_for_pro_what_does_like_new_mean/,https://www.reddit.com/r/ATT/comments/1nzlt0c/returning_base_17_for_pro_what_does_like_new_mean/
1nzlpz4,Vous n’avez pas assez d’argent pour un iPhone 17 Pro orange ? Achetez un autocollant orange,Droidfr,2025-10-06T15:10:25,2,1,Numerama,https://www.reddit.com/r/Numerama/comments/1nzlpz4/vous_navez_pas_assez_dargent_pour_un_iphone_17/,https://www.numerama.com/tech/2088691-vous-navez-pas-assez-dargent-pour-un-iphone-17-pro-orange-achetez-un-autocollant-orange.html?utm_medium=distibuted&utm_source=reddit&utm_content=directlink&utm_campaign=2088691
1nzlnfk,PMC. Selling 1 slot!! For iPhone 17 midnight pre order,Lopsided_Bar9651,2025-10-06T15:07:50,0,0.15,Tech_Philippines,https://www.reddit.com/r/Tech_Philippines/comments/1nzlnfk/pmc_selling_1_slot_for_iphone_17_midnight_pre/,https://www.reddit.com/r/Tech_Philippines/comments/1nzlnfk/pmc_selling_1_slot_for_iphone_17_midnight_pre/
1nzl51q,Is it possible to automate call forwarding in iPhone 17?,Hoo_AmI,2025-10-06T14:48:53,1,0.57,iphone,https://www.reddit.com/r/iphone/comments/1nzl51q/is_it_possible_to_automate_call_forwarding_in/,https://www.reddit.com/r/iphone/comments/1nzl51q/is_it_possible_to_automate_call_forwarding_in/
1nzk4c8,Penelope via Iphone 11,SkepticalPenguin2319,2025-10-06T14:10:16,3,0.81,iPhoneography,https://www.reddit.com/r/iPhoneography/comments/1nzk4c8/penelope_via_iphone_11/,https://i.redd.it/rnwhpml51itf1.jpeg
1nzjye7,For iPhone 17 wifi issue,fourluo94,2025-10-06T14:03:49,0,0.5,iphone,https://www.reddit.com/r/iphone/comments/1nzjye7/for_iphone_17_wifi_issue/,https://www.reddit.com/r/iphone/comments/1nzjye7/for_iphone_17_wifi_issue/
1nzjxlx,iPhone 17 Pro & Ring,kilick000,2025-10-06T14:02:59,1,1,ouraring,https://www.reddit.com/r/ouraring/comments/1nzjxlx/iphone_17_pro_ring/,https://www.reddit.com/r/ouraring/comments/1nzjxlx/iphone_17_pro_ring/
1nzjpui,"Just switched from Android to iOS, and….",GADG3Tx87,2025-10-06T13:54:36,97,0.82,Smartphones,https://www.reddit.com/r/Smartphones/comments/1nzjpui/just_switched_from_android_to_ios_and/,https://www.reddit.com/r/Smartphones/comments/1nzjpui/just_switched_from_android_to_ios_and/
1nzjeao,8% discount on iPhone 17 models,Jrt2040,2025-10-06T13:41:52,1,1,amazondeals_au,https://www.reddit.com/r/amazondeals_au/comments/1nzjeao/8_discount_on_iphone_17_models/,https://amzn.to/3IVdtsl
1nzj7ob,iPhone 17 order no longer showing on AT&T app,Additional-Hawk3601,2025-10-06T13:34:14,3,1,ATT,https://www.reddit.com/r/ATT/comments/1nzj7ob/iphone_17_order_no_longer_showing_on_att_app/,https://www.reddit.com/r/ATT/comments/1nzj7ob/iphone_17_order_no_longer_showing_on_att_app/
1nziuvs,Universal Adapter w. Lenovo Thinkpad,No-Present6102,2025-10-06T13:19:43,1,0.67,onebag,https://www.reddit.com/r/onebag/comments/1nziuvs/universal_adapter_w_lenovo_thinkpad/,https://www.reddit.com/r/onebag/comments/1nziuvs/universal_adapter_w_lenovo_thinkpad/
1nzisz8,Morning Sky in New England Fall 2025 Edition,AstroFanM31,2025-10-06T13:17:28,20,0.89,Astronomy,https://www.reddit.com/r/Astronomy/comments/1nzisz8/morning_sky_in_new_england_fall_2025_edition/,https://i.redd.it/oia5nk10shtf1.jpeg
1nzisnp,Is the iPhone 17 camera better than iPhone 15?,Due_Replacement_8815,2025-10-06T13:17:05,11,0.87,iPhoneWale,https://www.reddit.com/r/iPhoneWale/comments/1nzisnp/is_the_iphone_17_camera_better_than_iphone_15/,/r/iphone17/comments/1nzir7q/is_the_iphone_17_camera_better_than_iphone_15/
1nzir7q,Is the iPhone 17 camera better than iPhone 15?,Due_Replacement_8815,2025-10-06T13:15:27,16,0.9,iphone17,https://www.reddit.com/r/iphone17/comments/1nzir7q/is_the_iphone_17_camera_better_than_iphone_15/,https://www.reddit.com/r/iphone17/comments/1nzir7q/is_the_iphone_17_camera_better_than_iphone_15/
1nzimca,iPhone 17 or Samsung Galaxy s25,hj576,2025-10-06T13:09:45,2,0.75,PakistaniTech,https://www.reddit.com/r/PakistaniTech/comments/1nzimca/iphone_17_or_samsung_galaxy_s25/,https://www.reddit.com/r/PakistaniTech/comments/1nzimca/iphone_17_or_samsung_galaxy_s25/
1nzikuv,Iphone 16 pro or iPhone 17 ? Which one I should buy .,vishnu_027,2025-10-06T13:07:59,0,0.33,Advice,https://www.reddit.com/r/Advice/comments/1nzikuv/iphone_16_pro_or_iphone_17_which_one_i_should_buy/,https://www.reddit.com/r/Advice/comments/1nzikuv/iphone_16_pro_or_iphone_17_which_one_i_should_buy/
1nzig0b,Durability of iPhone 17 Pro Shell/Paint,Jecli-One,2025-10-06T13:02:18,0,0.4,iPhone17Pro,https://www.reddit.com/r/iPhone17Pro/comments/1nzig0b/durability_of_iphone_17_pro_shellpaint/,https://youtu.be/FwFjBMb2A-Y?si=3qW6JKIwDyaS1_eo&t=227
1nziea8,iPhone 16 pro or iPhone 17 (coming from 12 pro),cosmicselva,2025-10-06T13:00:26,0,0.5,iphone17,https://www.reddit.com/r/iphone17/comments/1nziea8/iphone_16_pro_or_iphone_17_coming_from_12_pro/,https://www.reddit.com/r/iphone17/comments/1nziea8/iphone_16_pro_or_iphone_17_coming_from_12_pro/
1nziddr,Should I buy the new iPhone 17 with or without plan?,Fabulous-Barnacle-88,2025-10-06T12:59:24,0,0.25,PersonalFinanceCanada,https://www.reddit.com/r/PersonalFinanceCanada/comments/1nziddr/should_i_buy_the_new_iphone_17_with_or_without/,https://www.reddit.com/r/PersonalFinanceCanada/comments/1nziddr/should_i_buy_the_new_iphone_17_with_or_without/
1nzi68h,Visual Intelligence - IOS 26 - iPhone 17 Pro,yflo95,2025-10-06T12:50:48,0,0.4,iphone,https://www.reddit.com/r/iphone/comments/1nzi68h/visual_intelligence_ios_26_iphone_17_pro/,https://www.reddit.com/r/iphone/comments/1nzi68h/visual_intelligence_ios_26_iphone_17_pro/
1nzi4ub,Can iPhone Air handle this?,Dry-Dragonfruit5216,2025-10-06T12:49:05,0,0.33,IphoneAir,https://www.reddit.com/r/IphoneAir/comments/1nzi4ub/can_iphone_air_handle_this/,https://www.reddit.com/r/IphoneAir/comments/1nzi4ub/can_iphone_air_handle_this/
1nzhruf,Free upgrade?,Conscious_Ad9386,2025-10-06T12:33:21,25,0.82,ATT,https://www.reddit.com/r/ATT/comments/1nzhruf/free_upgrade/,https://i.redd.it/3yvtl9r4khtf1.jpeg
1nzhng0,Pre-order iPhone 17: Shopee or Lazada?,broskiebrodie,2025-10-06T12:27:55,4,0.83,Tech_Philippines,https://www.reddit.com/r/Tech_Philippines/comments/1nzhng0/preorder_iphone_17_shopee_or_lazada/,https://www.reddit.com/r/Tech_Philippines/comments/1nzhng0/preorder_iphone_17_shopee_or_lazada/
1nzhljs,New Update: Version 10.80.0,Guttler003,2025-10-06T12:25:26,14,0.94,RaidShadowLegends,https://www.reddit.com/r/RaidShadowLegends/comments/1nzhljs/new_update_version_10800/,https://www.reddit.com/r/RaidShadowLegends/comments/1nzhljs/new_update_version_10800/
1nzgmds,Order Question,Background_Data_3726,2025-10-06T11:38:23,4,1,dbrand,https://www.reddit.com/r/dbrand/comments/1nzgmds/order_question/,https://www.reddit.com/r/dbrand/comments/1nzgmds/order_question/
1nzgjm0,Sister got his brother iPhone 17,phoexnixfunjpr,2025-10-06T11:34:22,1601,0.91,MadeMeSmile,https://www.reddit.com/r/MadeMeSmile/comments/1nzgjm0/sister_got_his_brother_iphone_17/,https://v.redd.it/td72reol9htf1
1nzghjs,USB port on the iPhone 17 is just as fast as the one on the iPod nano 19 years ago.,Deep-Inspection-3878,2025-10-06T11:31:19,277,0.99,GadgetsIndia,https://www.reddit.com/r/GadgetsIndia/comments/1nzghjs/usb_port_on_the_iphone_17_is_just_as_fast_as_the/,https://i.redd.it/an73dkx19htf1.png
1nzggmk,Philly VZW subscribers: Have you noticed degradation of MmWave?,DistinctAmbition1272,2025-10-06T11:30:05,5,0.78,verizon,https://www.reddit.com/r/verizon/comments/1nzggmk/philly_vzw_subscribers_have_you_noticed/,https://www.reddit.com/r/verizon/comments/1nzggmk/philly_vzw_subscribers_have_you_noticed/
1nzg7pl,Supporting Travel + Sport activities with my first Watch?,Urakata,2025-10-06T11:17:03,2,0.76,AppleWatch,https://www.reddit.com/r/AppleWatch/comments/1nzg7pl/supporting_travel_sport_activities_with_my_first/,https://www.reddit.com/r/AppleWatch/comments/1nzg7pl/supporting_travel_sport_activities_with_my_first/
1nzg4rq,Why's the iPhone 17 not in stock anywhere??,ChemicalWrap_,2025-10-06T11:12:32,0,0.25,saudiarabia,https://www.reddit.com/r/saudiarabia/comments/1nzg4rq/whys_the_iphone_17_not_in_stock_anywhere/,https://www.reddit.com/r/saudiarabia/comments/1nzg4rq/whys_the_iphone_17_not_in_stock_anywhere/
1nnspd6,Personal iPhone 17 Generation Review,I_EAT_THE_RICH,2025-09-22T17:23:49,0,0.38,apple,https://www.reddit.com/r/apple/comments/1nnspd6/personal_iphone_17_generation_review/,https://www.reddit.com/r/apple/comments/1nnspd6/personal_iphone_17_generation_review/
1negcgo,"Pre-Order and Shipping Megathread | iPhone 17 Series, iPhone Air, Apple Watch Series 11/Ultra 3/SE 3, AirPods Pro 3rd Gen",exjr_,2025-09-11T18:20:51,260,0.94,apple,https://www.reddit.com/r/apple/comments/1negcgo/preorder_and_shipping_megathread_iphone_17_series/,https://www.reddit.com/r/apple/comments/1negcgo/preorder_and_shipping_megathread_iphone_17_series/
1nkkmn7,PSA: AppleCare One Covering New iPhone Order Provisionally,erikeric,2025-09-18T21:15:52,10,0.75,apple,https://www.reddit.com/r/apple/comments/1nkkmn7/psa_applecare_one_covering_new_iphone_order/,https://www.reddit.com/r/apple/comments/1nkkmn7/psa_applecare_one_covering_new_iphone_order/
1ndd9qx,You Can Do A Test With Your Current IPhone To Check If Mono Audio Will Bother You On IPhone Air. Here’s How.,Xenokitten,2025-09-10T12:48:21,5,0.54,apple,https://www.reddit.com/r/apple/comments/1ndd9qx/you_can_do_a_test_with_your_current_iphone_to/,https://www.reddit.com/r/apple/comments/1ndd9qx/you_can_do_a_test_with_your_current_iphone_to/
1nbh6vu,Moment offering pre-orders of iPhone 17 Gear,ok_within_reason,2025-09-08T07:21:24,14,0.6,apple,https://www.reddit.com/r/apple/comments/1nbh6vu/moment_offering_preorders_of_iphone_17_gear/,https://www.shopmoment.com/pages/iphone-17
5iqwnm,iPhone upgrade?,Coreyfsu1,2016-12-16T21:40:00,1,0.6,apple,https://www.reddit.com/r/apple/comments/5iqwnm/iphone_upgrade/,https://www.reddit.com/r/apple/comments/5iqwnm/iphone_upgrade/
1nxhd9z,iPhone 17 Pro Max Review: Against The Grain,atlwhore_,2025-10-04T01:43:37,98,0.79,apple,https://www.reddit.com/r/apple/comments/1nxhd9z/iphone_17_pro_max_review_against_the_grain/,https://youtu.be/0bWl9pZdNNA?si=sT0n6_pU_XoKpV9L
1nvxoxv,iPhone 17 Pro Max mod with SSD cooler maintains 90% stability in 3DMark stress test,karan4lp,2025-10-02T07:56:59,168,0.88,apple,https://www.reddit.com/r/apple/comments/1nvxoxv/iphone_17_pro_max_mod_with_ssd_cooler_maintains/,https://www.notebookcheck.net/iPhone-17-Pro-Max-mod-with-SSD-cooler-maintains-90-stability-in-3DMark-stress-test.1129821.0.html
1ntqyou,iPhone 17 Pro Max Review: One Review After The Other | ben's gadget reviews,ControlCAD,2025-09-29T19:08:10,2,0.52,apple,https://www.reddit.com/r/apple/comments/1ntqyou/iphone_17_pro_max_review_one_review_after_the/,https://www.youtube.com/watch?v=vfJCw5RYR7g
1nq0kie,iPhone 17 Pro Max AAA gaming test shows Resident Evil 4 running at 60 FPS without thermal throttling,karan4lp,2025-09-25T07:40:52,1174,0.97,apple,https://www.reddit.com/r/apple/comments/1nq0kie/iphone_17_pro_max_aaa_gaming_test_shows_resident/,https://www.notebookcheck.net/iPhone-17-Pro-Max-AAA-gaming-test-shows-Resident-Evil-4-running-at-60-FPS-without-thermal-throttling.1122893.0.html
1npw51q,[GSMArena] Apple iPhone 17 Pro Max review,nuclear_wynter,2025-09-25T03:16:03,137,0.79,apple,https://www.reddit.com/r/apple/comments/1npw51q/gsmarena_apple_iphone_17_pro_max_review/,https://gsmarena.com/apple_iphone_17_pro_max-review-2884.php
1nnpgo1,"iPhone 17 Pro Max charges faster than ever, here’s how much [36 W compared to 30 W for the iPhone 16 Pro]",iMacmatician,2025-09-22T15:23:09,871,0.93,apple,https://www.reddit.com/r/apple/comments/1nnpgo1/iphone_17_pro_max_charges_faster_than_ever_heres/,https://9to5mac.com/2025/09/22/iphone-17-pro-max-charges-faster-than-ever-heres-how-much/
1nkhxdr,iPhone 17 Ultimate Battery Test - 17 | Air | Pro | Pro Max | The Tech Chap,ControlCAD,2025-09-18T19:32:34,451,0.91,apple,https://www.reddit.com/r/apple/comments/1nkhxdr/iphone_17_ultimate_battery_test_17_air_pro_pro/,https://www.youtube.com/watch?v=uQHID_kjVSM
1nk6ukh,iPhone 17 Pro Max vs Samsung Galaxy S25 Ultra Camera Test Comparison,atlwhore_,2025-09-18T12:25:25,0,0.2,apple,https://www.reddit.com/r/apple/comments/1nk6ukh/iphone_17_pro_max_vs_samsung_galaxy_s25_ultra/,https://youtu.be/M5w4rPISKtU?si=tP5c9qghp4RbLeS1
1njbet1,iPhone 17 Pro Max Review - Even BETTER Than You Think!,atlwhore_,2025-09-17T12:12:09,1296,0.92,apple,https://www.reddit.com/r/apple/comments/1njbet1/iphone_17_pro_max_review_even_better_than_you/,https://youtu.be/X763A7yGh5E?si=aI4mum3lPxELI9XD
1nip2jm,"iPhone 17 Pro Max Demand Surges, iPhone Air Faces Uncertainty",RaffySY,2025-09-16T18:10:18,0,0.39,apple,https://www.reddit.com/r/apple/comments/1nip2jm/iphone_17_pro_max_demand_surges_iphone_air_faces/,https://www.tuaw.com/2025/09/16/iphone-17-pro-max-demand-surges-iphone-air-faces-uncertainty/
1nhvvpj,Should I upgrade from my iPhone 14 Plus to the iPhone 17 Pro Max or the Air?,Necessary_Donkey4378,2025-09-15T19:41:04,0,0.27,apple,https://www.reddit.com/r/apple/comments/1nhvvpj/should_i_upgrade_from_my_iphone_14_plus_to_the/,https://www.reddit.com/r/apple/comments/1nhvvpj/should_i_upgrade_from_my_iphone_14_plus_to_the/
1ng14l4,New iPhone Air & iPhone 17 Pro Max Challenges - SVP John Ternus Explains,Fer65432_Plays,2025-09-13T15:58:58,30,0.72,apple,https://www.reddit.com/r/apple/comments/1ng14l4/new_iphone_air_iphone_17_pro_max_challenges_svp/,https://m.youtube.com/watch?v=sR2gDFTVxUA
1ndbi07,Leaked benchmark suggests Apple A19 Pro GPU rivals this M series chip in performance,karan4lp,2025-09-10T11:23:34,168,0.86,apple,https://www.reddit.com/r/apple/comments/1ndbi07/leaked_benchmark_suggests_apple_a19_pro_gpu/,https://www.notebookcheck.net/Leaked-benchmark-suggests-Apple-A19-Pro-GPU-rivals-this-M-series-chip-in-performance.1110812.0.html
1nco13y,Awe Dropping | Event Megathread,exjr_,2025-09-09T16:44:17,920,0.8,apple,https://www.reddit.com/r/apple/comments/1nco13y/awe_dropping_event_megathread/,https://www.reddit.com/r/apple/comments/1nco13y/awe_dropping_event_megathread/
1nc1x90,Awe Dropping | Pre-Event Megathread,aaronp613,2025-09-08T22:28:21,878,0.92,apple,https://www.reddit.com/r/apple/comments/1nc1x90/awe_dropping_preevent_megathread/,https://www.reddit.com/r/apple/comments/1nc1x90/awe_dropping_preevent_megathread/
1nbydze,Two More iPhone 17 Air and iPhone 17 Pro Max Rumors Drop Before Apple Event,spearson0,2025-09-08T20:09:00,180,0.83,apple,https://www.reddit.com/r/apple/comments/1nbydze/two_more_iphone_17_air_and_iphone_17_pro_max/,https://www.macrumors.com/2025/09/08/iphone-17-air-and-pro-max-rumors/
1nbdevv,"iPhone 17 battery sizes from a Chinese regulatory filing, eSIM only models have larger batteries.",LankeeM9,2025-09-08T03:40:39,581,0.94,apple,https://www.reddit.com/r/apple/comments/1nbdevv/iphone_17_battery_sizes_from_a_chinese_regulatory/,https://x.com/vnchocotaco/status/1964884846100254931?s=46
1n89u0z,New Report Lists RAM Amounts in iPhone 17 and iPhone 17 Pro Models,Fer65432_Plays,2025-09-04T13:15:50,414,0.93,apple,https://www.reddit.com/r/apple/comments/1n89u0z/new_report_lists_ram_amounts_in_iphone_17_and/,https://www.macrumors.com/2025/09/04/iphone-17-ram-amounts-trendforce/
1n7o07p,iPhone 17 Pro Max leaks in purported hands-on video from the production line,LevexTech,2025-09-03T19:13:02,0,0.36,apple,https://www.reddit.com/r/apple/comments/1n7o07p/iphone_17_pro_max_leaks_in_purported_handson/,https://www.gsmarena.com/iphone_17_pro_max_leaks_in_purported_handson_video_from_the_production_line-news-69320.php
1mr30y2,iPhone 17 Pro Max's Internal Design With Metal Battery Allegedly Leaks,Fer65432_Plays,2025-08-15T16:37:13,307,0.92,apple,https://www.reddit.com/r/apple/comments/1mr30y2/iphone_17_pro_maxs_internal_design_with_metal/,https://www.macrumors.com/2025/08/15/alleged-iphone-17-pro-max-internal-design/
1mq0spu,'A19 Pro' Chip Coming to Studio Display 2,Fer65432_Plays,2025-08-14T13:32:47,737,0.96,apple,https://www.reddit.com/r/apple/comments/1mq0spu/a19_pro_chip_coming_to_studio_display_2/,https://www.macrumors.com/2025/08/14/a19-pro-chip-coming-to-studio-display-2/
1lvlaa8,Leaker Reveals Amount of RAM in iPhone 17 Through iPhone 17 Pro Max,chrisdh79,2025-07-09T15:11:23,250,0.86,apple,https://www.reddit.com/r/apple/comments/1lvlaa8/leaker_reveals_amount_of_ram_in_iphone_17_through/,https://www.macrumors.com/2025/07/09/iphone-17-ram-amounts-rumor/
1lso3qh,Here's How the iPhone 17 Pro Max Will Compare to the iPhone 17 Pro,iMacmatician,2025-07-06T00:17:45,55,0.59,apple,https://www.reddit.com/r/apple/comments/1lso3qh/heres_how_the_iphone_17_pro_max_will_compare_to/,https://www.macrumors.com/2025/07/05/iphone-17-pro-max-vs-pro/
1lqoufq,"iPhone 17 Pro Max Battery Capacity Leaked (~5,000mAh)",Fer65432_Plays,2025-07-03T12:54:01,1127,0.95,apple,https://www.reddit.com/r/apple/comments/1lqoufq/iphone_17_pro_max_battery_capacity_leaked_5000mah/,https://www.macrumors.com/2025/07/03/iphone-17-pro-max-battery-capacity-leaked/
1llu3ck,iPhone 17 Base Model Rumored to Feature Larger Display,tomtau,2025-06-27T13:37:06,596,0.93,apple,https://www.reddit.com/r/apple/comments/1llu3ck/iphone_17_base_model_rumored_to_feature_larger/,https://www.macrumors.com/2025/06/27/iphone-17-base-model-larger-display-rumor/
1kxipeq,"Thicker, heavier iPhone 17 Pro Max revealed in new hands-on video",iMacmatician,2025-05-28T14:36:04,0,0.35,apple,https://www.reddit.com/r/apple/comments/1kxipeq/thicker_heavier_iphone_17_pro_max_revealed_in_new/,https://9to5mac.com/2025/05/28/thicker-heavier-iphone-17-pro-max-revealed-in-new-hands-on-video/
1jb7etl,iPhone 17 Pro Max Rumors Allegedly Refer to 'iPhone 17 Ultra' Model,ControlCAD,2025-03-14T16:03:50,631,0.94,apple,https://www.reddit.com/r/apple/comments/1jb7etl/iphone_17_pro_max_rumors_allegedly_refer_to/,https://www.macrumors.com/2025/03/14/iphone-17-ultra-replacing-iphone-17-pro-max-claim/
1j5lw7e,iPhone 17 Pro Max Said to Be Thicker to Accommodate Larger Battery,chrisdh79,2025-03-07T12:01:30,1306,0.94,apple,https://www.reddit.com/r/apple/comments/1j5lw7e/iphone_17_pro_max_said_to_be_thicker_to/,https://www.macrumors.com/2025/03/07/iphone-17-pro-max-thicker-larger-battery/
1ioh0le,"iPhone 17 Pro Max Will Feature Smaller Dynamic Island, Claims Leaker",favicondotico,2025-02-13T11:28:31,640,0.89,apple,https://www.reddit.com/r/apple/comments/1ioh0le/iphone_17_pro_max_will_feature_smaller_dynamic/,https://www.macrumors.com/2025/02/13/iphone-17-pro-max-smaller-dynamic-island/
1f3t13w,Kuo: Next Year's Upgrade to 12GB RAM Will Be Limited to iPhone 17 Pro Max,iMacmatician,2024-08-29T03:42:17,732,0.91,apple,https://www.reddit.com/r/apple/comments/1f3t13w/kuo_next_years_upgrade_to_12gb_ram_will_be/,https://www.macrumors.com/2024/08/28/kuo-12gb-ram-iphone-17-pro-max-exclusive/
1e0lvn3,iPhone 17 Pro Max Will Be First to Feature Three 48MP Camera Lenses,chrisdh79,2024-07-11T10:42:02,1008,0.89,apple,https://www.reddit.com/r/apple/comments/1e0lvn3/iphone_17_pro_max_will_be_first_to_feature_three/,https://www.macrumors.com/2024/07/11/iphone-17-pro-max-48mp-telephoto/
1c6gxt4,Report: iPhone 17 Plus to feature a smaller screen than current 'Plus' phones,peterosity,2024-04-17T18:14:09,0,0.38,apple,https://www.reddit.com/r/apple/comments/1c6gxt4/report_iphone_17_plus_to_feature_a_smaller_screen/,https://9to5mac.com/2024/04/17/iphone-17-plus-screen-size-rumor/
18jcf03,iPhone 17 Pro Max Rumored to Feature 48MP Telephoto Lens,iMacmatician,2023-12-15T22:41:54,254,0.74,apple,https://www.reddit.com/r/apple/comments/18jcf03/iphone_17_pro_max_rumored_to_feature_48mp/,https://www.macrumors.com/2023/12/15/iphone-17-pro-max-48mp-telephoto-lens-rumor/
1nyoztg,"The Official Reason for Those iPhone 17 Scratches, According to Apple",Fun-Inevitable-9812,2025-10-05T14:00:56,0,0.41,apple,https://www.reddit.com/r/apple/comments/1nyoztg/the_official_reason_for_those_iphone_17_scratches/,https://www.cnet.com/tech/mobile/the-official-reason-for-those-iphone-17-scratches-according-to-apple/
1nx20vg,"Apple iPhone 17 Pro review: Come for the camera, stay for the battery | Ars Technica",ControlCAD,2025-10-03T15:19:22,896,0.95,apple,https://www.reddit.com/r/apple/comments/1nx20vg/apple_iphone_17_pro_review_come_for_the_camera/,https://arstechnica.com/gadgets/2025/10/apple-iphone-17-pro-review-come-for-the-camera-stay-for-the-battery/
1nwof3d,Best color grading for iPhone 17,Odd-Leading-7735,2025-10-03T03:25:02,0,0.29,apple,https://www.reddit.com/r/apple/comments/1nwof3d/best_color_grading_for_iphone_17/,https://youtu.be/ouojxoV2EH4
1nw8a0n,"I never imagined to say this but, is Apple becoming one of the most budget friendly brands?",Awkward-Sky-5982,2025-10-02T16:18:40,348,0.8,apple,https://www.reddit.com/r/apple/comments/1nw8a0n/i_never_imagined_to_say_this_but_is_apple/,https://www.reddit.com/r/apple/comments/1nw8a0n/i_never_imagined_to_say_this_but_is_apple/
1nvjxec,iPhone 17 Review: No Asterisks!,atlwhore_,2025-10-01T20:42:29,694,0.84,apple,https://www.reddit.com/r/apple/comments/1nvjxec/iphone_17_review_no_asterisks/,https://youtu.be/rng_yUSwrgU?si=1j0jDYVFkjT98NPL
1nvgx91,iPhone 17 Pro 1x 2x 4x 8x video test,rage2amg,2025-10-01T18:51:22,72,0.84,apple,https://www.reddit.com/r/apple/comments/1nvgx91/iphone_17_pro_1x_2x_4x_8x_video_test/,https://youtu.be/bmLzXCmblEM
1nveqqi,"I took 1,000 photos with the iPhone 17 Pro...",atlwhore_,2025-10-01T17:33:16,347,0.8,apple,https://www.reddit.com/r/apple/comments/1nveqqi/i_took_1000_photos_with_the_iphone_17_pro/,https://youtu.be/0sw-9LcNYuU?si=V2XlfhzH_8xfEpP8
1ntnx5f,Apple Releases iOS 26.0.1!,exjr_,2025-09-29T17:14:42,1231,0.94,apple,https://www.reddit.com/r/apple/comments/1ntnx5f/apple_releases_ios_2601/,https://www.reddit.com/r/apple/comments/1ntnx5f/apple_releases_ios_2601/
1nta0dt,Here’s how Apple Stores are combating iPhone 17 scratches,faizyMD,2025-09-29T05:37:58,0,0.4,apple,https://www.reddit.com/r/apple/comments/1nta0dt/heres_how_apple_stores_are_combating_iphone_17/,https://9to5mac.com/2025/09/28/heres-how-apple-stores-are-combating-iphone-17-scratches/
1ns3oxe,I tested the Apple iPhone 17 for a week. | CNN Underscored,ControlCAD,2025-09-27T19:15:28,0,0.31,apple,https://www.reddit.com/r/apple/comments/1ns3oxe/i_tested_the_apple_iphone_17_for_a_week_cnn/,https://www.youtube.com/shorts/xvFhLw6z_pU
1nrcz7x,iPhone 17 Pro Review: Paradox in a Box!,zangah_,2025-09-26T21:04:27,0,0.37,apple,https://www.reddit.com/r/apple/comments/1nrcz7x/iphone_17_pro_review_paradox_in_a_box/,https://youtu.be/q0aFOxT6TNw?si=9QS_fsoRciTeDETi
1nr9f5f,"Apple Aware of Issue With Apple Intelligence on Some iPhone 17 Models, Fix Coming",Fer65432_Plays,2025-09-26T18:44:39,666,0.97,apple,https://www.reddit.com/r/apple/comments/1nr9f5f/apple_aware_of_issue_with_apple_intelligence_on/,https://www.macrumors.com/2025/09/26/iphone-17-apple-intelligence-bug/
1nqiram,iPhone 17 Pro Camera Review: Rule of Three,favicondotico,2025-09-25T21:10:53,1189,0.97,apple,https://www.reddit.com/r/apple/comments/1nqiram/iphone_17_pro_camera_review_rule_of_three/,https://www.lux.camera/iphone-17-pro-camera-review-rule-of-three/
1nqgso6,Apple iPhone 17 review: Sometimes boring is best | Ars Technica,ControlCAD,2025-09-25T19:54:06,483,0.95,apple,https://www.reddit.com/r/apple/comments/1nqgso6/apple_iphone_17_review_sometimes_boring_is_best/,https://arstechnica.com/gadgets/2025/09/review-apples-injects-just-the-right-amount-of-pro-into-the-regular-iphone-17/
1nq6exb,iPhone 17 Durability Test -- What Scratches are Permanent?,favicondotico,2025-09-25T13:12:46,73,0.68,apple,https://www.reddit.com/r/apple/comments/1nq6exb/iphone_17_durability_test_what_scratches_are/,https://www.youtube.com/watch?v=i9HXGAOtn2A
1nq5gcg,What can the iPhone 17 Pro tell us about M5?,favicondotico,2025-09-25T12:30:01,38,0.72,apple,https://www.reddit.com/r/apple/comments/1nq5gcg/what_can_the_iphone_17_pro_tell_us_about_m5/,https://youtu.be/u2vEF3oQJY8
1nq1dhb,iPhone 17 Pro Review — HTX Studio,favicondotico,2025-09-25T08:34:59,732,0.87,apple,https://www.reddit.com/r/apple/comments/1nq1dhb/iphone_17_pro_review_htx_studio/,https://www.youtube.com/watch?v=zC7IIJCz8Dw
1npjlm5,Apple Blames In-Store MagSafe Chargers for iPhone 17 Pro Display Model Scratches,iMacmatician,2025-09-24T18:14:30,2140,0.95,apple,https://www.reddit.com/r/apple/comments/1npjlm5/apple_blames_instore_magsafe_chargers_for_iphone/,https://www.macrumors.com/2025/09/24/apple-iphone-17-pro-scratches-magsafe-chargers/
1npd2oc,"New iPhone Air, iPhone 17, and iPhone 17 Pro have an anti-spyware feature",ahothabeth,2025-09-24T14:06:06,1012,0.97,apple,https://www.reddit.com/r/apple/comments/1npd2oc/new_iphone_air_iphone_17_and_iphone_17_pro_have/,https://moonlock.com/new-iphones-anti-spyware
1npbb1o,"iPhone 17 Pro Teardown: Fascinating Battery, New Vapor Chamber & Scratchgate! | iFixit",ControlCAD,2025-09-24T12:52:05,160,0.88,apple,https://www.reddit.com/r/apple/comments/1npbb1o/iphone_17_pro_teardown_fascinating_battery_new/,https://www.youtube.com/watch?v=sUn0_GdGDk4
1np2wzn,iPhone 17 Pro Teardown Reveals Apple's New Approach to Thermal Management and Repairs,iMacmatician,2025-09-24T04:27:37,643,0.96,apple,https://www.reddit.com/r/apple/comments/1np2wzn/iphone_17_pro_teardown_reveals_apples_new/,https://www.macrumors.com/2025/09/23/ifixit-iphone-17-pro-teardown/
1non1mg,"Apple's iPhone 17 ""cycle is better than we expected"", says Morgan Stanley's Erik Woodring",ControlCAD,2025-09-23T17:03:59,122,0.79,apple,https://www.reddit.com/r/apple/comments/1non1mg/apples_iphone_17_cycle_is_better_than_we_expected/,https://www.youtube.com/watch?v=seYwck5TLRk
1noakh7,iPhone 17 Pro Review - Something’s Missing,Srihari_stan,2025-09-23T07:00:29,0,0.31,apple,https://www.reddit.com/r/apple/comments/1noakh7/iphone_17_pro_review_somethings_missing/,https://youtu.be/xRla0izRxqU?si=xAdlU5o7jdDITK2j
1nnub47,"Apple iPhone 17 demand is ""quite strong,"" says BofA's Wamsi Mohan",ControlCAD,2025-09-22T18:22:41,0,0.48,apple,https://www.reddit.com/r/apple/comments/1nnub47/apple_iphone_17_demand_is_quite_strong_says_bofas/,https://www.youtube.com/watch?app=desktop&v=YhIhao6a684
1nncwdq,"Apple iPhone 17 Unboxing, Hands-On & First Impressions! (Sage Green) | TechDaily",ControlCAD,2025-09-22T04:20:12,6,0.54,apple,https://www.reddit.com/r/apple/comments/1nncwdq/apple_iphone_17_unboxing_handson_first/,https://www.youtube.com/watch?app=desktop&v=_ISiD6bM6ac
1nnci5n,WiFi Disconnects When Unlocked on iPhone 17 - Workaround,pilot3033,2025-09-22T03:58:52,248,0.94,apple,https://www.reddit.com/r/apple/comments/1nnci5n/wifi_disconnects_when_unlocked_on_iphone_17/,https://www.reddit.com/r/iphone/comments/1nlenlp/iphone_17pm_wireless_issues/
1nmw69u,Wired CarPlay not currently supported iPhone 17 Pro,BricksDugout,2025-09-21T16:16:57,53,0.66,apple,https://www.reddit.com/r/apple/comments/1nmw69u/wired_carplay_not_currently_supported_iphone_17/,https://www.reddit.com/r/apple/comments/1nmw69u/wired_carplay_not_currently_supported_iphone_17/
1nmsept,iPhone 17 Pro Scratch Gate is Real -- But its not your fault,Diesel7390,2025-09-21T13:46:59,1770,0.84,apple,https://www.reddit.com/r/apple/comments/1nmsept/iphone_17_pro_scratch_gate_is_real_but_its_not/,https://youtu.be/KrOBzFwVzwA?si=Mk9788DkRPWl48Gx
1nmq478,Apple’s iPhone 17 Shows Device’s Staying Power — At Least for Now,iMacmatician,2025-09-21T12:01:19,354,0.91,apple,https://www.reddit.com/r/apple/comments/1nmq478/apples_iphone_17_shows_devices_staying_power_at/,https://www.bloomberg.com/news/newsletters/2025-09-21/mark-gurman-s-iphone-17-first-impressions-touchscreen-macbook-pro-meta-glasses
1nmn4w3,iPhone 17: Using the New Dual Capture Video Feature,faizyMD,2025-09-21T09:03:25,265,0.93,apple,https://www.reddit.com/r/apple/comments/1nmn4w3/iphone_17_using_the_new_dual_capture_video_feature/,https://www.macrumors.com/how-to/iphone-17-dual-capture-video/
1nmgy7e,Apple spotted filming in 3D at iPhone 17 launch,Fer65432_Plays,2025-09-21T02:56:08,708,0.96,apple,https://www.reddit.com/r/apple/comments/1nmgy7e/apple_spotted_filming_in_3d_at_iphone_17_launch/,https://9to5mac.com/2025/09/20/apple-spotted-filming-in-3d-at-iphone-17-launch/
1nmapcp,iPhone Air Beats iPhone 17 PM and S25 Ultra in Latest Battery Test,Mother-Prize-3647,2025-09-20T21:53:39,14,0.59,apple,https://www.reddit.com/r/apple/comments/1nmapcp/iphone_air_beats_iphone_17_pm_and_s25_ultra_in/,https://youtu.be/NZsvoqsqFp4?si=03w9rAaMBpmSc8F8
1nlvl97,iPhone 17 Ultimate Battery Test!,JeremyMeetsWorld,2025-09-20T11:20:35,474,0.81,apple,https://www.reddit.com/r/apple/comments/1nlvl97/iphone_17_ultimate_battery_test/,https://www.youtube.com/watch?v=9CggZxyWl-g
1nlrb3n,I tested the Apple iPhone 17 for a week. Here’s why it’s the one you should buy,Wild_Interaction_790,2025-09-20T06:56:36,0,0.48,apple,https://www.reddit.com/r/apple/comments/1nlrb3n/i_tested_the_apple_iphone_17_for_a_week_heres_why/,https://edition.cnn.com/cnn-underscored/reviews/iphone-17
1nlp2e6,"Early indications show the iPhone 17 will be a great cycle, says Deepwater's Gene Munster",ControlCAD,2025-09-20T04:46:19,72,0.74,apple,https://www.reddit.com/r/apple/comments/1nlp2e6/early_indications_show_the_iphone_17_will_be_a/,https://www.youtube.com/watch?v=bsSWGieCOMM
1nlcjlv,Two iPhone 17 Pro and iPhone Air Colors Appear to Scratch More Easily,Diesel7390,2025-09-19T19:10:23,1073,0.93,apple,https://www.reddit.com/r/apple/comments/1nlcjlv/two_iphone_17_pro_and_iphone_air_colors_appear_to/,https://www.macrumors.com/2025/09/19/iphone-17-pro-iphone-air-scratching-reports/
1nlccih,Apple has told at least two suppliers to boost production of the entry-level model iPhone 17 by at least 30% after strong pre-orders,nohup_me,2025-09-19T19:02:47,1681,0.98,apple,https://www.reddit.com/r/apple/comments/1nlccih/apple_has_told_at_least_two_suppliers_to_boost/,https://www.reuters.com/business/apple-has-asked-suppliers-boost-production-iphone-17-model-information-reports-2025-09-19/
1nlbzc7,Final Cut Pro for Mac and iPad Updated With New iPhone 17 Pro and iPadOS 26 Features,Fer65432_Plays,2025-09-19T18:49:08,87,0.97,apple,https://www.reddit.com/r/apple/comments/1nlbzc7/final_cut_pro_for_mac_and_ipad_updated_with_new/,https://www.macrumors.com/2025/09/19/final-cut-pro-iphone-17-pro-prores-raw/
1nl7ec0,iPhone 17 Pro Teardown: Big Upgrades Make Repair Harder?,mrtareq778,2025-09-19T15:56:20,0,0.35,apple,https://www.reddit.com/r/apple/comments/1nl7ec0/iphone_17_pro_teardown_big_upgrades_make_repair/,https://youtu.be/ZBwEjKosM0E?si=wYIMNVaW4BHcXuTM
1nl52b7,iPhone 17 Pro Drop Test,SkyGuy182,2025-09-19T14:27:34,0,0.38,apple,https://www.reddit.com/r/apple/comments/1nl52b7/iphone_17_pro_drop_test/,https://www.youtube.com/watch?v=oof5z3BNTdY
1nl3djv,"Apple CEO Tim Cook on iPhone 17 launch: ""It's the most important day of the year for us.""",ControlCAD,2025-09-19T13:19:27,430,0.83,apple,https://www.reddit.com/r/apple/comments/1nl3djv/apple_ceo_tim_cook_on_iphone_17_launch_its_the/,https://www.youtube.com/watch?v=y6I1-8r5pO0
1nl2r6u,iPhone 17 goes on sale: Apple CEO Tim Cook opens flagship Fifth Avenue store in New York City,ControlCAD,2025-09-19T12:53:09,167,0.85,apple,https://www.reddit.com/r/apple/comments/1nl2r6u/iphone_17_goes_on_sale_apple_ceo_tim_cook_opens/,https://www.youtube.com/watch?app=desktop&v=yoH4uH1Wv8E
1nkgwku,iPhone 17 Pro Camera Review: Dolomites — Austin Mann,favicondotico,2025-09-18T18:53:22,462,0.95,apple,https://www.reddit.com/r/apple/comments/1nkgwku/iphone_17_pro_camera_review_dolomites_austin_mann/,https://www.austinmann.com/trek/iphone-17-pro-camera-review-dolomites
1nkfyl2,"iOS 26.0.1 Coming Soon, Likely With iPhone Air and iPhone 17 Pro Fix",iMacmatician,2025-09-18T18:17:49,799,0.96,apple,https://www.reddit.com/r/apple/comments/1nkfyl2/ios_2601_coming_soon_likely_with_iphone_air_and/,https://www.macrumors.com/2025/09/18/ios-26-0-1-coming-soon/
1nkcni4,"Exit Interview: iPhone 16, 16 Plus, 16 Pro, 16 Pro Max",exjr_,2025-09-18T16:15:21,267,0.87,apple,https://www.reddit.com/r/apple/comments/1nkcni4/exit_interview_iphone_16_16_plus_16_pro_16_pro_max/,https://www.reddit.com/r/apple/comments/1nkcni4/exit_interview_iphone_16_16_plus_16_pro_16_pro_max/
1nk9uw7,Another Chinese reviewer with a clear focus on iPhone 17 photography and video capabilities (with English subtitles),DrCalFun,2025-09-18T14:30:07,100,0.72,apple,https://www.reddit.com/r/apple/comments/1nk9uw7/another_chinese_reviewer_with_a_clear_focus_on/,https://youtu.be/L64o5NtChYs?feature=shared
1njy65a,iPhone 17 Pro vs. iPhone Air Review | The Verge,ControlCAD,2025-09-18T03:51:38,0,0.47,apple,https://www.reddit.com/r/apple/comments/1njy65a/iphone_17_pro_vs_iphone_air_review_the_verge/,https://www.youtube.com/watch?app=desktop&v=3DK7fiAkpRM
1njrkij,iPhone 17: A Photographer's Review,somewhat_asleep,2025-09-17T22:39:24,308,0.91,apple,https://www.reddit.com/r/apple/comments/1njrkij/iphone_17_a_photographers_review/,https://www.youtube.com/watch?v=KIwKEIMjBLM
1njpqul,Apple to Fix Camera Glitch Affecting iPhone Air and iPhone 17 Pro,Fer65432_Plays,2025-09-17T21:24:22,47,0.87,apple,https://www.reddit.com/r/apple/comments/1njpqul/apple_to_fix_camera_glitch_affecting_iphone_air/,https://www.macrumors.com/2025/09/17/apple-iphone-17-camera-glitch-fix/
1njo2oa,iPhone 17 battery life test shows strong results across the lineup.,Valinaut,2025-09-17T20:18:13,717,0.96,apple,https://www.reddit.com/r/apple/comments/1njo2oa/iphone_17_battery_life_test_shows_strong_results/,https://9to5mac.com/2025/09/17/iphone-17-battery-life-test-iphone-air-longevity/
1njn6zi,Geekerwan’s Analysis of the iPhone 17 Series - A Huge Leap in Performance!,WhoIsHappy2,2025-09-17T19:44:13,249,0.9,apple,https://www.reddit.com/r/apple/comments/1njn6zi/geekerwans_analysis_of_the_iphone_17_series_a/,https://youtu.be/Y9SwluJ9qPI?si=brDhq5gt1joGrFkp
1njmju8,Apple iPhone 17 review,JuicyButDry,2025-09-17T19:19:15,42,0.76,apple,https://www.reddit.com/r/apple/comments/1njmju8/apple_iphone_17_review/,https://uk.pcmag.com/mobile-phones/160116/apple-iphone-17
1njk2lv,What in the world is the iPhone 17 Pro PRO,Velocifyer,2025-09-17T17:47:36,0,0.34,apple,https://www.reddit.com/r/apple/comments/1njk2lv/what_in_the_world_is_the_iphone_17_pro_pro/,https://mastodon.social/@Velocifyer/115220774153681402
1njj5re,iPhone 17 Review | Skip the Pro? This Year’s Standard Model Is Seriously Impressive,Rocky4OnDVD,2025-09-17T17:14:38,38,0.66,apple,https://www.reddit.com/r/apple/comments/1njj5re/iphone_17_review_skip_the_pro_this_years_standard/,https://youtu.be/5Mqav3DhzMY?si=eoJbCXnh3esBAf_e
1njiku6,iPhone 17 Pro/Pro Max Review - Apple Made It Even MOAR Pro! | Brian Tong,ControlCAD,2025-09-17T16:53:19,0,0.46,apple,https://www.reddit.com/r/apple/comments/1njiku6/iphone_17_propro_max_review_apple_made_it_even/,https://www.youtube.com/watch?v=Yy_n8CXeO2o
1njegx2,Chinese review of iPhone 17,DrCalFun,2025-09-17T14:20:29,1333,0.89,apple,https://www.reddit.com/r/apple/comments/1njegx2/chinese_review_of_iphone_17/,https://youtu.be/su9aqYLcAhw?feature=shared
1nje12n,Is the current criticism on iPhones (and Apple in general) warranted? Especially with the new Liquid Glass design choices?,placeholder-123,2025-09-17T14:03:09,0,0.33,apple,https://www.reddit.com/r/apple/comments/1nje12n/is_the_current_criticism_on_iphones_and_apple_in/,https://www.reddit.com/r/apple/comments/1nje12n/is_the_current_criticism_on_iphones_and_apple_in/
1njdx6k,iPhone 17/Air/Pro Unboxing - What Apple didn’t tell you,Mushroomhouse,2025-09-17T13:59:00,0,0.36,apple,https://www.reddit.com/r/apple/comments/1njdx6k/iphone_17airpro_unboxing_what_apple_didnt_tell_you/,https://youtu.be/BU9gKr1miS8?si=Ga7y61KgxnOY6y8A
1njd6hy,iPhone 17 Reviews: Choosing the Base Model 'No Longer Means Missing Out',chrisdh79,2025-09-17T13:28:32,1740,0.97,apple,https://www.reddit.com/r/apple/comments/1njd6hy/iphone_17_reviews_choosing_the_base_model_no/,https://www.macrumors.com/review/iphone-17-reviews-choosing-the-standard-iphone-no-longer-means-missing-out/
1njbcip,[PetaPixel] iPhone 17 Pro & Pro Max Review For Photographers!,nuclear_wynter,2025-09-17T12:09:07,249,0.86,apple,https://www.reddit.com/r/apple/comments/1njbcip/petapixel_iphone_17_pro_pro_max_review_for/,https://youtu.be/bpqrCoy0ZHc
1njbblg,iPhone 17/Pro/Air Unboxing: 1 Hot Take!,atlwhore_,2025-09-17T12:07:55,103,0.64,apple,https://www.reddit.com/r/apple/comments/1njbblg/iphone_17proair_unboxing_1_hot_take/,https://youtu.be/s0EbxhQYeCA?si=mKfFjLCIom0h6V1i
1njbb44,iPhone 17 Pro vs. iPhone Air Review,atlwhore_,2025-09-17T12:07:12,0,0.44,apple,https://www.reddit.com/r/apple/comments/1njbb44/iphone_17_pro_vs_iphone_air_review/,https://youtu.be/3DK7fiAkpRM?si=GPQICzHBIbQIV8_u
1nhzb0r,Improved precision finding with AirPods Pro 3 ONLY works with iPhone 17 series,Opposite-Row2760,2025-09-15T21:51:35,621,0.95,apple,https://www.reddit.com/r/apple/comments/1nhzb0r/improved_precision_finding_with_airpods_pro_3/,https://www.apple.com/ca/airpods-pro/
1nhxp18,iPhone 17 Series Ships With iOS 26's Adaptive Power Mode Enabled by Default,Fer65432_Plays,2025-09-15T20:47:59,773,0.97,apple,https://www.reddit.com/r/apple/comments/1nhxp18/iphone_17_series_ships_with_ios_26s_adaptive/,https://www.macrumors.com/2025/09/15/iphone-17-adaptive-power/
1nhs94z,"How come Apple is saying the iPhone 17 Pro features their first aluminium unibody, when the iPhone 6 also did?",Educational-Coyote62,2025-09-15T17:28:36,29,0.64,apple,https://www.reddit.com/r/apple/comments/1nhs94z/how_come_apple_is_saying_the_iphone_17_pro/,https://www.reddit.com/r/apple/comments/1nhs94z/how_come_apple_is_saying_the_iphone_17_pro/
1nhme1j,Why must it be iPhone 17?,ErivanYal,2025-09-15T13:50:08,18,0.59,apple,https://www.reddit.com/r/apple/comments/1nhme1j/why_must_it_be_iphone_17/,https://www.reddit.com/r/apple/comments/1nhme1j/why_must_it_be_iphone_17/
1nhiwqs,"Kuo: High Demand for iPhone 17 Models, But Questions Remain About iPhone Air",chrisdh79,2025-09-15T11:10:35,226,0.89,apple,https://www.reddit.com/r/apple/comments/1nhiwqs/kuo_high_demand_for_iphone_17_models_but/,https://www.macrumors.com/2025/09/15/high-demand-for-iphone-17-but-questions-about-air/
1nhbvs8,iPhone Air and iPhone 17 Pro Boxes Revealed,Fer65432_Plays,2025-09-15T04:01:10,200,0.8,apple,https://www.reddit.com/r/apple/comments/1nhbvs8/iphone_air_and_iphone_17_pro_boxes_revealed/,https://www.macrumors.com/2025/09/14/iphone-air-and-iphone-17-pro-box/
1ngyzg1,PSA: You'll need a new charger to take advantage of iPhone 17 Pro's fast charging - 9to5Mac,futuristicalnur,2025-09-14T18:33:05,1053,0.87,apple,https://www.reddit.com/r/apple/comments/1ngyzg1/psa_youll_need_a_new_charger_to_take_advantage_of/,https://9to5mac.com/2025/09/13/iphone-17-pro-fast-charging-psa/
1ngwzfa,The new iPhone 17 Center Stage camera with square pixels is clearly made for the iPhone Fold,m4sr4,2025-09-14T17:15:53,0,0.42,apple,https://www.reddit.com/r/apple/comments/1ngwzfa/the_new_iphone_17_center_stage_camera_with_square/,https://www.reddit.com/r/apple/comments/1ngwzfa/the_new_iphone_17_center_stage_camera_with_square/
1ngpcdc,"iPhone 17 sales off to a strong start in China, while iPhone Air launch is blocked",bsoci,2025-09-14T11:53:52,144,0.92,apple,https://www.reddit.com/r/apple/comments/1ngpcdc/iphone_17_sales_off_to_a_strong_start_in_china/,https://9to5mac.com/2025/09/14/iphone-17-sales-off-to-a-strong-chart/
1ng8c7j,"Street expectations are too conservative going into this iPhone 17 launch, says Wedbush's Dan Ives",ControlCAD,2025-09-13T20:47:26,43,0.72,apple,https://www.reddit.com/r/apple/comments/1ng8c7j/street_expectations_are_too_conservative_going/,https://www.youtube.com/watch?app=desktop&v=XNPSHVSwy3E
1ng3auj,"Apple's New N1 Chip in iPhone 17, iPhone 17 Pro, and iPhone Air Has a Wi-Fi 7 Limitation (“the N1 chip in all of the new iPhone models supports up to 160 MHz channel bandwidth for Wi-Fi 7, short of the standard's 320 MHz maximum.”)",Fer65432_Plays,2025-09-13T17:24:45,597,0.9,apple,https://www.reddit.com/r/apple/comments/1ng3auj/apples_new_n1_chip_in_iphone_17_iphone_17_pro_and/,https://www.macrumors.com/2025/09/13/apple-n1-chip-has-wi-fi-7-limitation/
1nfw187,Chinese pre-orders for Apple’s iPhone 17 break records amid strong demand,Fer65432_Plays,2025-09-13T12:18:00,701,0.96,apple,https://www.reddit.com/r/apple/comments/1nfw187/chinese_preorders_for_apples_iphone_17_break/,https://www.scmp.com/tech/big-tech/article/3325424/chinese-pre-orders-apples-iphone-17-break-records-amid-strong-demand
1nf487x,"Except the Air, 17 series is Apple's best launch of the decade. Surprised by the uncalled criticism.",Alien_Eleven,2025-09-12T14:08:08,0,0.44,apple,https://www.reddit.com/r/apple/comments/1nf487x/except_the_air_17_series_is_apples_best_launch_of/,https://www.reddit.com/r/apple/comments/1nf487x/except_the_air_17_series_is_apples_best_launch_of/
1nf446b,All-New Apple Store in Downtown Detroit Opens on iPhone 17 and iPhone Air Launch Day,HelloitsWojan,2025-09-12T14:03:39,51,0.88,apple,https://www.reddit.com/r/apple/comments/1nf446b/allnew_apple_store_in_downtown_detroit_opens_on/,https://www.macrumors.com/2025/09/12/apple-downtown-detroit-grand-opening/
1newjsz,"Apple Store is down ahead of iPhone 17, iPhone 17 Pro and iPhone Air preorders",Tom42-59,2025-09-12T07:12:32,407,0.9,apple,https://www.reddit.com/r/apple/comments/1newjsz/apple_store_is_down_ahead_of_iphone_17_iphone_17/,https://9to5mac.com/2025/09/11/apple-store-is-down-ahead-of-iphone-17-iphone-17-pro-and-iphone-air-preorders/?extended-comments=1
1net17o,"Apple's Polishing Cloth now supports iPhone 17, iPhone Air, and Apple Watch Ultra 3!",Fer65432_Plays,2025-09-12T03:42:36,1132,0.9,apple,https://www.reddit.com/r/apple/comments/1net17o/apples_polishing_cloth_now_supports_iphone_17/,https://x.com/9to5mac/status/1966318641495912798?s=46&t=YCHBKDDgt5ARq7ki7RMPmA
1nemwfq,"Apple's Joz & John on iPhone 17 Pro: ""You want a fun color? How about Cosmic Orange, baby!""",Fer65432_Plays,2025-09-11T22:42:52,41,0.74,apple,https://www.reddit.com/r/apple/comments/1nemwfq/apples_joz_john_on_iphone_17_pro_you_want_a_fun/,https://m.youtube.com/watch?v=mKoUUarBflw
1nekkg8,"Apple's A19 Pro beats Ryzen 9 9950X in single-thread Geekbench tests — iPhone 17 Pro chip packs 11-12% CPU performance bump, GPU performance up 37% over predecessor",ControlCAD,2025-09-11T21:03:58,2507,0.96,apple,https://www.reddit.com/r/apple/comments/1nekkg8/apples_a19_pro_beats_ryzen_9_9950x_in/,https://www.tomshardware.com/pc-components/cpus/apples-a19-pro-beats-ryzen-9-9950x-in-single-thread-geekbench-tests-iphone-17-pro-chip-packs-11-12-percent-cpu-performance-bump-gpu-performance-up-37-percent-over-predecessor
1ne6v9d,"Buyer's Guide: iPhone 17, Air, Pro, or Pro Max? 40 Differences Compared",MCKLMT,2025-09-11T11:59:03,490,0.93,apple,https://www.reddit.com/r/apple/comments/1ne6v9d/buyers_guide_iphone_17_air_pro_or_pro_max_40/,https://forums.macrumors.com/threads/buyers-guide-iphone-17-air-pro-or-pro-max-40-differences-compared.2465152/
1ndxlfa,No 256GB variant in base iPhone 16 anymore?,Athene_belwitti,2025-09-11T02:44:30,168,0.83,apple,https://www.reddit.com/r/apple/comments/1ndxlfa/no_256gb_variant_in_base_iphone_16_anymore/,https://www.apple.com/in/shop/buy-iphone/iphone-16
1ndues6,"Lossless, realtime audio support in iPhone 17 and AirPods Pro 3? Sounds great, but if true why didn't Apple announce it?",skilless,2025-09-11T00:06:45,124,0.87,apple,https://www.reddit.com/r/apple/comments/1ndues6/lossless_realtime_audio_support_in_iphone_17_and/,https://www.patentlyapple.com/2025/09/how-apples-new-wireless-protocol-spr-avs-powers-their-spatial-ecosystem.html
1ndgahe,iPhone 17 Pro and iPhone Air Benchmarks Reveal Speed of A19 Pro Chip,spearson0,2025-09-10T14:49:52,929,0.97,apple,https://www.reddit.com/r/apple/comments/1ndgahe/iphone_17_pro_and_iphone_air_benchmarks_reveal/,https://www.macrumors.com/2025/09/10/iphone-17-pro-iphone-air-a19-pro-benchmarks/
1ndfhcp,iPhone 17 / Pro / Air – A BIG Update!! | Dave2D,ControlCAD,2025-09-10T14:18:30,87,0.77,apple,https://www.reddit.com/r/apple/comments/1ndfhcp/iphone_17_pro_air_a_big_update_dave2d/,https://www.youtube.com/watch?app=desktop&v=cw2pmKfHa7o
1nden7w,iPhone 17 Base – The best of the iPhone releases this year… almost perfect!,stoops,2025-09-10T13:45:50,1409,0.95,apple,https://www.reddit.com/r/apple/comments/1nden7w/iphone_17_base_the_best_of_the_iphone_releases/,https://fossjon.com/2025/09/10/iphone-17-base-the-best-of-the-iphone-releases-this-year-almost-perfect/
1nddjc7,All iPhone 17 models get dual capture video recording in the Apple Camera app,chrisdh79,2025-09-10T13:00:01,304,0.95,apple,https://www.reddit.com/r/apple/comments/1nddjc7/all_iphone_17_models_get_dual_capture_video/,https://9to5mac.com/2025/09/10/iphone-17-video-dual-cam-recording/
1ndcrug,iPhone 17 Introduces 'Groundbreaking' New Memory Security Feature,chrisdh79,2025-09-10T12:25:45,1500,0.97,apple,https://www.reddit.com/r/apple/comments/1ndcrug/iphone_17_introduces_groundbreaking_new_memory/,https://www.macrumors.com/2025/09/10/iphone-17-new-memory-security-feature/
1nd9bpe,"Sam Altman on iPhone 17 series: ‘First upgrade I’ve wanted in a while’, backs replacing Siri with ChatGPT Voice",Fer65432_Plays,2025-09-10T09:16:11,0,0.46,apple,https://www.reddit.com/r/apple/comments/1nd9bpe/sam_altman_on_iphone_17_series_first_upgrade_ive/,https://www.livemint.com/technology/tech-news/sam-altman-on-iphone-17-series-first-upgrade-wanted-in-a-while-backs-idea-of-replacing-siri-with-chatgpt-voice-11757471182754.html
1nd8kna,iPhone 17 - First Look & Hands-On! | Brian Tong,ControlCAD,2025-09-10T08:26:03,12,0.64,apple,https://www.reddit.com/r/apple/comments/1nd8kna/iphone_17_first_look_handson_brian_tong/,https://www.youtube.com/watch?v=eURYVajKLVw
1nd4120,iPhone 17 Pro hands-on | The Verge,ControlCAD,2025-09-10T03:48:07,21,0.72,apple,https://www.reddit.com/r/apple/comments/1nd4120/iphone_17_pro_handson_the_verge/,https://www.youtube.com/watch?app=desktop&v=jhaMHsmzE9I
1nd1zj0,Why does Apple’s iPhone 17 Pro ‘Clear’ Case have a white block that makes the design look worse?,PM_ME_JUSTIN_TRUDEAU,2025-09-10T02:06:20,683,0.88,apple,https://www.reddit.com/r/apple/comments/1nd1zj0/why_does_apples_iphone_17_pro_clear_case_have_a/,https://www.apple.com/ca/shop/product/MGFT4ZM/A/iphone-17-pro-clear-case-with-magsafe
1nd03h9,iPhone 17 Pro Has Toggle to Disable Screen Flickering (PWM),Fer65432_Plays,2025-09-10T00:37:19,286,0.96,apple,https://www.reddit.com/r/apple/comments/1nd03h9/iphone_17_pro_has_toggle_to_disable_screen/,https://www.macrumors.com/2025/09/09/iphone-17-pro-pwm-toggle/
1ncy88g,Apple Updates Trade-In Values Following iPhone 17 Event,Fer65432_Plays,2025-09-09T23:12:59,128,0.89,apple,https://www.reddit.com/r/apple/comments/1ncy88g/apple_updates_tradein_values_following_iphone_17/,https://www.macrumors.com/2025/09/09/apple-trade-in-values-iphone-17/
1ncy0t9,The Apple iPhone 17 (256GB for $799) is cheaper than the Google Pixel 10 (256GB for $899),Fer65432_Plays,2025-09-09T23:04:11,1948,0.98,apple,https://www.reddit.com/r/apple/comments/1ncy0t9/the_apple_iphone_17_256gb_for_799_is_cheaper_than/,https://www.threads.com/@michaelbtech/post/DOZE8MFko3I?xmt=AQF0nPY6HrirjzirIQ2S6P7DGvSgSpABECUcwG6iL5bESQ&slof=
1ncwf8i,iPhone 17 Air - First Look & Hands-On! | Brian Tong,ControlCAD,2025-09-09T21:57:32,47,0.77,apple,https://www.reddit.com/r/apple/comments/1ncwf8i/iphone_17_air_first_look_handson_brian_tong/,https://www.youtube.com/watch?v=xOLY7rDaERw